{
  "notebook_run_id": "r057",
  "duration_s": 24.9,
  "duration": "25s",
  "config": {
    "model": "ping",
    "input": "mnist d0 s0",
    "cells": [
      "coba",
      "ping"
    ],
    "t_ms": 400,
    "dt_ms": 0.1,
    "input_rate_hz": 50,
    "modal_gpu": null
  },
  "f_gamma_hz": {
    "coba": null,
    "ping": 41.57464116171167
  },
  "fi_curves": {
    "coba": {
      "in": [
        2,
        5,
        10,
        20,
        40,
        70,
        100
      ],
      "e": [
        1.69189453125,
        23.85986328125,
        72.24365234375,
        156.8310546875,
        281.6748046875,
        404.150390625,
        484.58984375
      ],
      "i": [
        0.0,
        0.0,
        0.0,
        0.0,
        0.0,
        0.0,
        0.0
      ]
    },
    "ping": {
      "in": [
        2,
        5,
        10,
        20,
        40,
        70,
        100
      ],
      "e": [
        1.69189453125,
        2.3095703125,
        2.60498046875,
        3.505859375,
        5.4052734375,
        7.03125,
        8.5302734375
      ],
      "i": [
        0.0,
        9.21875,
        22.451171875,
        31.201171875,
        43.7109375,
        58.564453125,
        76.171875
      ]
    }
  },
  "results": []
}
