{
  "mode": "train",
  "schema_version": 1,
  "model": "ping",
  "run_finished_at": "2026-07-19T07:30:53+00:00",
  "config": {
    "dt": 2.0,
    "t_ms": 1000.0,
    "epochs": 5,
    "lr": 0.0004,
    "weight_decay": 0.0,
    "input_rate": 25.0,
    "w_in": [
      0.9,
      0.09000000000000001
    ],
    "w_in_sparsity": 0.95,
    "ei_strength": 1.0,
    "ei_ratio": 2.0,
    "tau_gaba_ms": 9.0,
    "fr_reg_upper_theta": 0.0,
    "fr_reg_upper_strength": 0.0,
    "readout_w_out_scale": 225.0,
    "readout_mode": "mem-mean",
    "dales_law": true,
    "trainable_w_ee": false,
    "trainable_w_ei": false,
    "trainable_w_ie": false,
    "trainable_w_ii": false,
    "state_clamp": false,
    "seed": 42,
    "n_hidden": 256,
    "n_inh": 64,
    "n_in": 700,
    "max_samples": null,
    "dataset": "shd",
    "v_grad_dampen": 1000.0,
    "batch_size": 32,
    "grad_clip": 1.0,
    "n_params": 286720,
    "n_trainable": 184320
  },
  "init": {
    "rate_e": 2.77734375,
    "rate_i": 13.0,
    "cv": 3.347568988800049,
    "act": 0.75390625,
    "contrast": 0.9962582062689056,
    "f0_hz": null,
    "lobe_lag_ms": 1.0,
    "trough_lag_ms": 9.0,
    "iei_mode_lag_ms": 0.5,
    "lobe_to_trough": 128.85459976363725
  },
  "epochs": [
    {
      "ep": 1,
      "acc": 18.38235294117647,
      "loss": 2.782381654822308,
      "test_loss": 2.705186046086825,
      "test_rate_e": 5.681678921568627,
      "test_rate_i": 24.26836320465686,
      "test_margin": -0.2838139200911802,
      "test_confidence": 0.07142048285287969,
      "test_logit_scale": 6.397320092893114,
      "lr": 0.0004,
      "elapsed_s": 57.197274627164006,
      "train_compute_s": 53.805578308179975,
      "eval_s": 3.391222633421421,
      "observe_s": 0.09225675277411938,
      "samples": 7340,
      "grad_norm": 0.25340599916551426,
      "grad_norm_max": 0.3653614819049835,
      "grad_ratios": {
        "W_ff.0": 0.0792861703903894,
        "W_ff.1": 5.144079953122589e-05
      },
      "grad_norms": {
        "W_ff.0": 0.2525800816390825,
        "W_ff.1": 0.020209440406735824
      },
      "weight_norms": {
        "W_ff.0": 3.8884944915771484,
        "W_ff.1": 392.85540771484375
      },
      "skipped_steps": 0,
      "nan_forward_batches": 0,
      "new_best": true,
      "gnorm__W_ff.0": 0.2525800816390825,
      "gnorm__W_ff.1": 0.020209440406735824,
      "rate_e": 6.01953125,
      "rate_i": 25.0,
      "cv": 2.7480311393737793,
      "act": 0.875,
      "contrast": 0.9103313400515436,
      "f0_hz": null,
      "lobe_lag_ms": 1.0,
      "trough_lag_ms": 5.0,
      "iei_mode_lag_ms": 0.5,
      "lobe_to_trough": 21.304336890387876
    },
    {
      "ep": 2,
      "acc": 21.691176470588236,
      "loss": 2.6690891794536427,
      "test_loss": 2.6484354000825148,
      "test_rate_e": 5.9010273054534315,
      "test_rate_i": 26.402113970588236,
      "test_margin": -0.22947915395100912,
      "test_confidence": 0.07559834449898963,
      "test_logit_scale": 6.620956757489373,
      "lr": 0.0004,
      "elapsed_s": 46.65862198174,
      "train_compute_s": 44.39533496648073,
      "eval_s": 2.2628340553492308,
      "observe_s": 0.09091312810778618,
      "samples": 7340,
      "grad_norm": 0.2538506235765374,
      "grad_norm_max": 0.4883924424648285,
      "grad_ratios": {
        "W_ff.0": 0.057236024240427015,
        "W_ff.1": 5.3406796264534936e-05
      },
      "grad_norms": {
        "W_ff.0": 0.25296154786711156,
        "W_ff.1": 0.02098092286159163
      },
      "weight_norms": {
        "W_ff.0": 4.9853739738464355,
        "W_ff.1": 392.84375
      },
      "skipped_steps": 0,
      "nan_forward_batches": 0,
      "new_best": true,
      "gnorm__W_ff.0": 0.25296154786711156,
      "gnorm__W_ff.1": 0.02098092286159163,
      "rate_e": 6.5546875,
      "rate_i": 29.171875,
      "cv": 2.715214252471924,
      "act": 0.91796875,
      "contrast": 0.744462855390647,
      "f0_hz": null,
      "lobe_lag_ms": 1.0,
      "trough_lag_ms": 4.0,
      "iei_mode_lag_ms": 0.5,
      "lobe_to_trough": 6.826650810618776
    },
    {
      "ep": 3,
      "acc": 28.431372549019606,
      "loss": 2.6246128994485605,
      "test_loss": 2.6201178293961744,
      "test_rate_e": 6.226495481004902,
      "test_rate_i": 27.642080269607842,
      "test_margin": -0.1394024345220304,
      "test_confidence": 0.07777387780301712,
      "test_logit_scale": 6.989919830771053,
      "lr": 0.0004,
      "elapsed_s": 46.65374990366399,
      "train_compute_s": 44.38626868650317,
      "eval_s": 2.2670037299394608,
      "observe_s": 0.09050680883228779,
      "samples": 7340,
      "grad_norm": 0.22889785857304282,
      "grad_norm_max": 0.3569321036338806,
      "grad_ratios": {
        "W_ff.0": 0.04209861916060419,
        "W_ff.1": 5.540724832114108e-05
      },
      "grad_norms": {
        "W_ff.0": 0.22784221774857977,
        "W_ff.1": 0.02176574047492898
      },
      "weight_norms": {
        "W_ff.0": 5.778947830200195,
        "W_ff.1": 392.8186950683594
      },
      "skipped_steps": 0,
      "nan_forward_batches": 0,
      "new_best": true,
      "gnorm__W_ff.0": 0.22784221774857977,
      "gnorm__W_ff.1": 0.02176574047492898,
      "rate_e": 6.26171875,
      "rate_i": 29.65625,
      "cv": 2.534616470336914,
      "act": 0.91015625,
      "contrast": 0.710184711518571,
      "f0_hz": null,
      "lobe_lag_ms": 1.0,
      "trough_lag_ms": 5.0,
      "iei_mode_lag_ms": 0.5,
      "lobe_to_trough": 5.900947187705586
    },
    {
      "ep": 4,
      "acc": 22.30392156862745,
      "loss": 2.600972142426864,
      "test_loss": 2.608159532913795,
      "test_rate_e": 6.342031441482843,
      "test_rate_i": 28.352711397058822,
      "test_margin": -0.23408747712771097,
      "test_confidence": 0.07956380294818505,
      "test_logit_scale": 7.112890860613654,
      "lr": 0.0004,
      "elapsed_s": 47.036275424063206,
      "train_compute_s": 44.75042689964175,
      "eval_s": 2.285818889737129,
      "observe_s": 0.09125317446887493,
      "samples": 7340,
      "grad_norm": 0.2206714054164679,
      "grad_norm_max": 0.4430108666419983,
      "grad_ratios": {
        "W_ff.0": 0.03594812181341931,
        "W_ff.1": 5.6639429730953016e-05
      },
      "grad_norms": {
        "W_ff.0": 0.21953013578186864,
        "W_ff.1": 0.022248582655320998
      },
      "weight_norms": {
        "W_ff.0": 6.412912845611572,
        "W_ff.1": 392.79876708984375
      },
      "skipped_steps": 0,
      "nan_forward_batches": 0,
      "new_best": false,
      "gnorm__W_ff.0": 0.21953013578186864,
      "gnorm__W_ff.1": 0.022248582655320998,
      "rate_e": 6.5234375,
      "rate_i": 31.125,
      "cv": 2.6360301971435547,
      "act": 0.90625,
      "contrast": 0.6949397778111115,
      "f0_hz": null,
      "lobe_lag_ms": 1.0,
      "trough_lag_ms": 5.0,
      "iei_mode_lag_ms": 0.5,
      "lobe_to_trough": 5.556082551994051
    },
    {
      "ep": 5,
      "acc": 27.69607843137255,
      "loss": 2.584308932138526,
      "test_loss": 2.592463099039518,
      "test_rate_e": 6.612462660845588,
      "test_rate_i": 29.10665594362745,
      "test_margin": -0.1830376509357901,
      "test_confidence": 0.08153393879240635,
      "test_logit_scale": 7.347224628224092,
      "lr": 0.0004,
      "elapsed_s": 46.65903705172241,
      "train_compute_s": 44.3909756205976,
      "eval_s": 2.2680331747978926,
      "observe_s": 0.09162764810025692,
      "samples": 7340,
      "grad_norm": 0.2127902693722559,
      "grad_norm_max": 0.4152577519416809,
      "grad_ratios": {
        "W_ff.0": 0.03153515101000837,
        "W_ff.1": 5.70252235602399e-05
      },
      "grad_norms": {
        "W_ff.0": 0.21158592998981476,
        "W_ff.1": 0.022398855666751448
      },
      "weight_norms": {
        "W_ff.0": 7.001535892486572,
        "W_ff.1": 392.7793884277344
      },
      "skipped_steps": 0,
      "nan_forward_batches": 0,
      "new_best": false,
      "gnorm__W_ff.0": 0.21158592998981476,