{
  "slug": "nb041",
  "tier": "medium",
  "duration_s": 254.3,
  "model": "cuba-noping",
  "config": {
    "n_e": 1024,
    "n_in": 784,
    "n_classes": 10,
    "t_ms": 200.0,
    "dt": 1.0,
    "tau_m_ms": 20.0,
    "tau_out_ms": 20.0,
    "v_th": 1.0,
    "input_rate_hz": 80.0,
    "max_samples": 5000,
    "epochs": 15,
    "batch_size": 64,
    "lr": 0.002,
    "seed": 42
  },
  "final_acc": 88.5,
  "final_rate_e_hz": 40.403515625,
  "epochs": [
    {
      "ep": 1,
      "acc": 31.1,
      "loss": 2.2726281408279663,
      "test_loss": 2.1241110265254974,
      "test_rate_e": 2.8227783203125,
      "test_rate_i": 0.0,
      "lr": 0.002,
      "elapsed_s": 14.964273722,
      "train_compute_s": 12.470983289000001,
      "eval_s": 2.489747974,
      "observe_s": 0.09939291399999917,
      "samples": 4000,
      "grad_norm": 0.11729123005791316,
      "grad_ratios": {
        "W_ff.0": 2.6373571676231154e-05,
        "W_ff.1": 0.00046778567608025685
      },
      "skipped_steps": 0,
      "new_best": true,
      "rate_e": 11.572265625,
      "rate_i": 0.0,
      "cv": 0.6623397469520569,
      "act": 0.4208984375,
      "f0": 0.0
    },
    {
      "ep": 2,
      "acc": 76.3,
      "loss": 1.605544434653388,
      "test_loss": 1.124979890882969,
      "test_rate_e": 16.9376416015625,
      "test_rate_i": 0.0,
      "lr": 0.002,
      "elapsed_s": 14.581500665,
      "train_compute_s": 12.071038441000002,
      "eval_s": 2.5065868509999945,
      "observe_s": 0.09966748700000494,
      "samples": 4000,
      "grad_norm": 0.12380045309426292,
      "grad_ratios": {
        "W_ff.0": 5.6563916697574986e-05,
        "W_ff.1": 0.0011651308704257466
      },
      "skipped_steps": 0,
      "new_best": true,
      "rate_e": 41.56358337402344,
      "rate_i": 0.0,
      "cv": 0.43038928508758545,
      "act": 0.9521484375,
      "f0": 0.0
    },
    {
      "ep": 3,
      "acc": 80.9,
      "loss": 0.830700123120868,
      "test_loss": 0.7020556032657623,
      "test_rate_e": 25.6495751953125,
      "test_rate_i": 0.0,
      "lr": 0.002,
      "elapsed_s": 14.667164308000004,
      "train_compute_s": 12.176624135000004,
      "eval_s": 2.4867171890000037,
      "observe_s": 0.09992529300000541,
      "samples": 4000,
      "grad_norm": 0.09236435669045599,
      "grad_ratios": {
        "W_ff.0": 4.911543664161698e-05,
        "W_ff.1": 0.0008008069636775448
      },
      "skipped_steps": 0,
      "new_best": true,
      "rate_e": 55.67491149902344,
      "rate_i": 0.0,
      "cv": 0.3789866864681244,
      "act": 0.9736328125,
      "f0": 0.0
    },
    {
      "ep": 4,
      "acc": 84.4,
      "loss": 0.5606504584115649,
      "test_loss": 0.5711407773196697,
      "test_rate_e": 30.3401806640625,
      "test_rate_i": 0.0,
      "lr": 0.002,
      "elapsed_s": 14.605148267000004,
      "train_compute_s": 12.105452125,
      "eval_s": 2.4958685120000013,
      "observe_s": 0.100918815,
      "samples": 4000,
      "grad_norm": 0.06720578096925266,
      "grad_ratios": {
        "W_ff.0": 4.174222882623721e-05,
        "W_ff.1": 0.0006245605181062536
      },
      "skipped_steps": 0,
      "new_best": true,
      "rate_e": 63.04253387451172,
      "rate_i": 0.0,
      "cv": 0.37432509660720825,
      "act": 0.984375,
      "f0": 0.0
    },
    {
      "ep": 5,
      "acc": 85.5,
      "loss": 0.4583175267492022,
      "test_loss": 0.5059622675180435,
      "test_rate_e": 32.84173828125,
      "test_rate_i": 0.0,
      "lr": 0.002,
      "elapsed_s": 14.594746311999998,
      "train_compute_s": 12.10236126400001,
      "eval_s": 2.4886172360000103,
      "observe_s": 0.09906288799999174,
      "samples": 4000,
      "grad_norm": 0.06042699255640545,
      "grad_ratios": {
        "W_ff.0": 3.831532545710391e-05,
        "W_ff.1": 0.0005625307183935895
      },
      "skipped_steps": 0,
      "new_best": true,
      "rate_e": 66.64496612548828,
      "rate_i": 0.0,
      "cv": 0.35359370708465576,
      "act": 0.9833984375,
      "f0": 0.0
    },
    {
      "ep": 6,
      "acc": 86.1,
      "loss": 0.4049971531780939,
      "test_loss": 0.4676645155996084,
      "test_rate_e": 34.699931640625,
      "test_rate_i": 0.0,
      "lr": 0.002,
      "elapsed_s": 14.726930522000004,
      "train_compute_s": 12.205147396000001,
      "eval_s": 2.517953339999991,
      "observe_s": 0.0999336870000036,
      "samples": 4000,
      "grad_norm": 0.056478120209205715,
      "grad_ratios": {
        "W_ff.0": 3.740549270640746e-05,
        "W_ff.1": 0.000522547850181715
      },
      "skipped_steps": 0,
      "new_best": true,
      "rate_e": 69.57465362548828,
      "rate_i": 0.0,
      "cv": 0.3539964258670807,
      "act": 0.9853515625,
      "f0": 0.0
    },
    {
      "ep": 7,
      "acc": 87.1,
      "loss": 0.36971441005903577,
      "test_loss": 0.44381365180015564,
      "test_rate_e": 36.0181640625,
      "test_rate_i": 0.0,
      "lr": 0.002,
      "elapsed_s": 14.498495612,
      "train_compute_s": 12.019029678999999,
      "eval_s": 2.4756659289999874,
      "observe_s": 0.09951505600000132,
      "samples": 4000,
      "grad_norm": 0.055116462802130076,
      "grad_ratios": {
        "W_ff.0": 3.6410842550510364e-05,
        "W_ff.1": 0.0004961345665799328
      },
      "skipped_steps": 0,
      "new_best": true,
      "rate_e": 71.3650131225586,
      "rate_i": 0.0,
      "cv": 0.33728542923927307,
      "act": 0.9853515625,
      "f0": 0.0
    },
    {
      "ep": 8,
      "acc": 87.6,
      "loss": 0.3415376137173365,
      "test_loss": 0.4254491776227951,
      "test_rate_e": 37.1184619140625,
      "test_rate_i": 0.0,
      "lr": 0.002,
      "elapsed_s": 14.552110548999991,
      "train_compute_s": 12.067410925000019,
      "eval_s": 2.480974752999998,
      "observe_s": 0.09809534300001133,
      "samples": 4000,
      "grad_norm": 0.05211431781450907,
      "grad_ratios": {
        "W_ff.0": 3.512244283111435e-05,
        "W_ff.1": 0.0004734987378272677
      },
      "skipped_steps": 0,
      "new_best": true,
      "rate_e": 72.900390625,
      "rate_i": 0.0,
      "cv": 0.3387240171432495,
      "act": 0.984375,
      "f0": 0.0
    },
    {
      "ep": 9,
      "acc": 87.9,
      "loss": 0.31709515599031296,
      "test_loss": 0.4127661567181349,
      "test_rate_e": 38.04705078125,
      "test_rate_i": 0.0,
      "lr": 0.002,
      "elapsed_s": 14.725569974999985,
      "train_compute_s": 12.233956282000008,
      "eval_s": 2.487763301000001,
      "observe_s": 0.10121224299999199,
      "samples": 4000,
      "grad_norm": 0.04837445202209647,
      "grad_ratios": {
        "W_ff.0": 3.321909803547524e-05,
        "W_ff.1": 0.0004406050346549167
      },
      "skipped_steps": 0,
      "new_best": true,
      "rate_e": 74.15364074707031,
      "rate_i": 0.0,
      "cv": 0.3370269536972046,
      "act": 0.982421875,
      "f0": 0.0
    },
    {
      "ep": 10,
      "acc": 88.5,
      "loss": 0.3096836611392006,
      "test_loss": 0.4088856028392911,
      "test_rate_e": 38.62490234375,
      "test_rate_i": 0.0,
      "lr": 0.002,
      "elapsed_s": 14.549198459999985,
      "train_compute_s": 12.051460913999989,
      "eval_s": 2.4939397279999866,
      "observe_s": 0.09856536600000254,
      "samples": 4000,
      "grad_norm": 0.050442048836322056,
      "grad_ratios": {
        "W_ff.0": 3.401254445980951e-05,
        "W_ff.1": 0.00045914447377343225
      },
      "skipped_steps": 0,
      "new_best": true,
      "rate_e": 74.67990112304688,
      "rate_i": 0.0,
      "cv": 0.3365445137023926,
      "act": 0.986328125,
      "f0": 0.0
    },
    {
      "ep": 11,
      "acc": 88.1,
      "loss": 0.292846326317106,
      "test_loss": 0.3940777638927102,
      "test_rate_e": 39.0543798828125,
      "test_rate_i": 0.0,
      "lr": 0.002,
      "elapsed_s": 14.334183360999987,
      "train_compute_s": 12.011445665999986,
      "eval_s": 2.3226400149999904,
      "observe_s": 0.09884714300000041,
      "samples": 4000,