{
  "run_id": "r002",
  "git_sha": "b3f5efc",
  "duration_s": 378.6,
  "duration": "6m 19s",
  "config": {
    "source": "untrained PING networks, private per-cell Poisson input",
    "dt_ms": 0.25,
    "sim_ms": 1000.0,
    "burn_ms": 100.0,
    "n_e": 256,
    "input_rate_hz": 100.0,
    "private_w_in": 0.5,
    "max_lag_ms": 100.0,
    "bin_ms": 1.0
  },
  "grid": {
    "wei_mean": [
      0.0,
      0.3,
      0.6,
      0.9,
      1.2,
      1.5,
      1.8,
      2.1,
      2.4,
      2.7,
      3.0
    ],
    "wie_mean": [
      0.0,
      0.6,
      1.2,
      1.8,
      2.4,
      3.0,
      3.6,
      4.2,
      4.8,
      5.4,
      6.0
    ],
    "contrast": [
      [
        0.001690592634089932,
        0.001690592634089932,
        0.001690592634089932,
        0.001690592634089932,
        0.001690592634089932,
        0.001690592634089932,
        0.001690592634089932,
        0.001690592634089932,
        0.001690592634089932,
        0.001690592634089932,
        0.001690592634089932
      ],
      [
        0.001690592634089932,
        0.14007247420397584,
        0.053279581332085324,
        0.060464977102935934,
        0.07024831487933628,
        0.08758388058570575,
        0.12049366971266152,
        0.14136074832259213,
        0.14651190801753775,
        0.13994448972452067,
        0.1222203574405224
      ],
      [
        0.001690592634089932,
        0.31906523394603137,
        0.27049229924559376,
        0.3411123446721327,
        0.39756450081683137,
        0.45903343444171457,
        0.4828550599593619,
        0.48406999358350766,
        0.48101184754936616,
        0.5042938679211184,
        0.4875122316907157
      ],
      [
        0.001690592634089932,
        0.46362822880216054,
        0.48444536288291307,
        0.6017845984023484,
        0.6894780285043689,
        0.699056470339342,
        0.6421639511216726,
        0.6564653106533321,
        0.6789930349107239,
        0.6982755486753639,
        0.6935005471313643
      ],
      [
        0.001690592634089932,
        0.5886652120600823,
        0.6715428271374421,
        0.7904808154498733,
        0.7769305930871085,
        0.8147188031139149,
        0.8275723919126612,
        0.8234821473250254,
        0.8326892118841293,
        0.8054750274241596,
        0.8196202629068639
      ],
      [
        0.001690592634089932,
        0.7273789612131318,
        0.804193686744451,
        0.841105002853296,
        0.8667039609066024,
        0.8756976429900064,
        0.893590694425793,
        0.8991374820544182,
        0.8780778630679291,
        0.8893961719955403,
        0.897630219775431
      ],
      [
        0.001690592634089932,
        0.7974653799347637,
        0.8686822850592097,
        0.8851630701028673,
        0.9384865469386563,
        0.9347464610871448,
        0.9417361929204525,
        0.9190603813979054,
        0.9494114170711817,
        0.9369859247133258,
        0.95710998107487
      ],
      [
        0.001690592634089932,
        0.8400987498800084,
        0.8819201446629481,
        0.9581553694591673,
        0.9472982816302437,
        0.9488198354401969,
        0.9519142123435921,
        0.9505407697030966,
        0.9663583340529611,
        0.9722432062486307,
        0.9837895107663239
      ],
      [
        0.001690592634089932,
        0.8955472758029887,
        0.9436808839702882,
        0.9340700831303511,
        0.9489913269699018,
        0.9278540828752979,
        0.9431012387332556,
        0.9970636405187142,
        0.9626312685580365,
        0.9833649279327029,
        0.9620055972299996
      ],
      [
        0.001690592634089932,
        0.9074195810071711,
        0.9020373988178516,
        0.9638741792328823,
        0.9883236740327566,
        0.9823031590723431,
        0.9917068833025365,
        0.9901420906300976,
        0.9900458341617745,
        0.9837573282355787,
        0.995478926632285
      ],
      [
        0.001690592634089932,
        0.9431962337181712,
        0.9642182785588961,
        0.9651049508732734,
        0.9450761240724889,
        0.9741124602319565,
        0.985537647572575,
        0.9966216859191892,
        0.9814300548317103,
        0.9904237919256231,
        0.9843690649700508
      ]
    ],
    "rate_e_hz": [
      [
        94.31423611111111,
        94.31423611111111,
        94.31423611111111,
        94.31423611111111,
        94.31423611111111,
        94.31423611111111,
        94.31423611111111,
        94.31423611111111,
        94.31423611111111,
        94.31423611111111,
        94.31423611111111
      ],
      [
        94.31423611111111,
        42.604166666666664,
        25.50347222222222,
        18.88888888888889,
        15.264756944444445,
        12.942708333333332,
        11.223958333333334,
        10.13888888888889,
        9.171006944444445,
        8.45920138888889,
        7.743055555555555
      ],
      [
        94.31423611111111,
        32.62152777777778,
        19.01909722222222,
        13.480902777777777,
        10.83767361111111,
        9.07986111111111,
        7.868923611111111,
        7.009548611111111,
        6.40625,
        5.924479166666667,
        5.3515625
      ],
      [
        94.31423611111111,
        27.93402777777778,
        16.124131944444443,
        11.419270833333334,
        8.984375,
        7.504340277777778,
        6.653645833333333,
        5.9375,
        5.264756944444445,
        4.800347222222222,
        4.496527777777778
      ],
      [
        94.31423611111111,
        25.0390625,
        14.31423611111111,
        10.073784722222221,
        8.10329861111111,
        6.592881944444445,
        5.746527777777778,
        5.0390625,
        4.700520833333333,
        4.240451388888888,
        3.927951388888889
      ],
      [
        94.31423611111111,
        23.35503472222222,
        13.059895833333332,
        9.21875,
        7.3046875,
        6.141493055555555,
        5.186631944444445,
        4.709201388888888,
        4.2578125,
        3.958333333333333,
        3.546006944444444
      ],
      [
        94.31423611111111,
        22.04861111111111,
        12.13107638888889,
        8.580729166666666,
        6.684027777777778,
        5.546875,
        4.865451388888888,
        4.366319444444445,
        3.9453125,
        3.645833333333333,
        3.4027777777777777
      ],
      [
        94.31423611111111,
        21.102430555555554,
        11.549479166666666,
        8.120659722222221,
        6.323784722222222,
        5.338541666666667,
        4.587673611111111,
        4.162326388888888,
        3.828125,
        3.450520833333333,
        3.038194444444444
      ],
      [
        94.31423611111111,
        20.108506944444443,
        10.967881944444445,
        7.838541666666666,
        6.024305555555555,
        5.056423611111111,
        4.318576388888888,
        3.8541666666666665,
        3.585069444444444,
        3.2465277777777777,
        2.986111111111111
      ],
      [
        94.31423611111111,
        19.33159722222222,
        10.824652777777777,
        7.3828125,
        5.690104166666667,
        4.748263888888888,
        4.140625,
        3.689236111111111,
        3.3159722222222223,
        3.077256944444444,
        2.829861111111111
      ],
      [
        94.31423611111111,
        18.858506944444443,
        10.260416666666666,
        7.2265625,
        5.646701388888888,
        4.639756944444445,
        3.9453125,
        3.576388888888889,
        3.2465277777777777,
        2.8993055555555554,
        2.7734375
      ]
    ],