{
  "mode": "train",
  "schema_version": 1,
  "model": "ping",
  "run_finished_at": "2026-07-19T08:31:10+00:00",
  "config": {
    "dt": 1.0,
    "t_ms": 1000.0,
    "epochs": 5,
    "lr": 0.001,
    "weight_decay": 0.0,
    "input_rate": 25.0,
    "w_in": [
      0.9,
      0.09000000000000001
    ],
    "w_in_sparsity": 0.95,
    "ei_strength": 0.0,
    "ei_ratio": 2.0,
    "tau_gaba_ms": 9.0,
    "fr_reg_upper_theta": 0.0,
    "fr_reg_upper_strength": 0.0,
    "readout_w_out_scale": 225.0,
    "readout_mode": "mem-mean",
    "dales_law": true,
    "trainable_w_ee": false,
    "trainable_w_ei": false,
    "trainable_w_ie": false,
    "trainable_w_ii": false,
    "state_clamp": false,
    "seed": 42,
    "n_hidden": 256,
    "n_inh": 64,
    "n_in": 700,
    "max_samples": null,
    "dataset": "shd",
    "v_grad_dampen": 1.0,
    "batch_size": 32,
    "grad_clip": 1.0,
    "n_params": 286720,
    "n_trainable": 184320
  },
  "init": {
    "rate_e": 19.4921875,
    "rate_i": 0.0,
    "cv": 1.252912163734436,
    "act": 1.0,
    "contrast": 0.053960034632686595,
    "f0_hz": null,
    "lobe_lag_ms": 1.0,
    "trough_lag_ms": 10.0,
    "iei_mode_lag_ms": 0.5,
    "lobe_to_trough": 1.1140755921695884
  },
  "epochs": [
    {
      "ep": 1,
      "acc": 22.916666666666668,
      "loss": 2.6862922274548073,
      "test_loss": 2.5689905423384447,
      "test_rate_e": 26.905934053308822,
      "test_rate_i": 0.0,
      "test_margin": -0.2807338974055122,
      "test_confidence": 0.08809712558400397,
      "test_logit_scale": 30.5727632559982,
      "lr": 0.001,
      "elapsed_s": 146.40064367605373,
      "train_compute_s": 138.3323712036945,
      "eval_s": 8.067440154030919,
      "observe_s": 0.2639827444218099,
      "samples": 7340,
      "grad_norm": 150.95198049130647,
      "grad_norm_max": 288.4241943359375,
      "grad_ratios": {
        "W_ff.0": 38.23425933574181,
        "W_ff.1": 0.00020569285449034854
      },
      "grad_norms": {
        "W_ff.0": 150.95195849874744,
        "W_ff.1": 0.0808222814746525
      },
      "weight_norms": {
        "W_ff.0": 5.420196533203125,
        "W_ff.1": 392.8751525878906
      },
      "skipped_steps": 0,
      "nan_forward_batches": 0,
      "new_best": true,
      "gnorm__W_ff.0": 150.95195849874744,
      "gnorm__W_ff.1": 0.0808222814746525,
      "rate_e": 31.5703125,
      "rate_i": 0.0,
      "cv": 0.9262648224830627,
      "act": 0.984375,
      "contrast": 0.02392660877399126,
      "f0_hz": null,
      "lobe_lag_ms": 1.0,
      "trough_lag_ms": 5.0,
      "iei_mode_lag_ms": 0.5,
      "lobe_to_trough": 1.0490262494379403
    },
    {
      "ep": 2,
      "acc": 20.955882352941178,
      "loss": 2.523613859259564,
      "test_loss": 2.5294911036124597,
      "test_rate_e": 27.636005476409313,
      "test_rate_i": 0.0,
      "test_margin": -0.41884201765060425,
      "test_confidence": 0.09462335457404454,
      "test_logit_scale": 31.280504413679534,
      "lr": 0.001,
      "elapsed_s": 134.06719131302088,
      "train_compute_s": 127.52860921388492,
      "eval_s": 6.538547335192561,
      "observe_s": 0.26655781269073486,
      "samples": 7340,
      "grad_norm": 139.79851037730342,
      "grad_norm_max": 235.49002075195312,
      "grad_ratios": {
        "W_ff.0": 22.62004637841658,
        "W_ff.1": 0.00020768746984541528
      },
      "grad_norms": {
        "W_ff.0": 139.79848626178244,
        "W_ff.1": 0.08159096030437428
      },
      "weight_norms": {
        "W_ff.0": 6.831713676452637,
        "W_ff.1": 392.83221435546875
      },
      "skipped_steps": 0,
      "nan_forward_batches": 0,
      "new_best": false,
      "gnorm__W_ff.0": 139.79848626178244,
      "gnorm__W_ff.1": 0.08159096030437428,
      "rate_e": 32.26171875,
      "rate_i": 0.0,
      "cv": 0.8911064267158508,
      "act": 0.9921875,
      "contrast": 0.018010475409746537,
      "f0_hz": null,
      "lobe_lag_ms": 1.0,
      "trough_lag_ms": 3.0,
      "iei_mode_lag_ms": 0.5,
      "lobe_to_trough": 1.0366816039453406
    },
    {
      "ep": 3,
      "acc": 31.127450980392158,
      "loss": 2.483620303610097,
      "test_loss": 2.5110570100637584,
      "test_rate_e": 29.215145335477942,
      "test_rate_i": 0.0,
      "test_margin": -0.18051566797144272,
      "test_confidence": 0.09211499404673483,
      "test_logit_scale": 33.10809019500134,
      "lr": 0.001,
      "elapsed_s": 134.30072899814695,
      "train_compute_s": 127.71939292084426,
      "eval_s": 6.580013189930469,
      "observe_s": 0.26678625121712685,
      "samples": 7340,
      "grad_norm": 125.7336408532184,
      "grad_norm_max": 180.05682373046875,
      "grad_ratios": {
        "W_ff.0": 16.937934462405277,
        "W_ff.1": 0.0002166650048504357
      },
      "grad_norms": {
        "W_ff.0": 125.7336114966351,
        "W_ff.1": 0.08511045346765414
      },
      "weight_norms": {
        "W_ff.0": 8.013004302978516,
        "W_ff.1": 392.8081970214844
      },
      "skipped_steps": 0,
      "nan_forward_batches": 0,
      "new_best": true,
      "gnorm__W_ff.0": 125.7336114966351,
      "gnorm__W_ff.1": 0.08511045346765414,
      "rate_e": 34.2109375,
      "rate_i": 0.0,
      "cv": 0.8644621968269348,
      "act": 0.99609375,
      "contrast": 0.02214852810642889,
      "f0_hz": null,
      "lobe_lag_ms": 1.0,
      "trough_lag_ms": 4.0,
      "iei_mode_lag_ms": 0.5,
      "lobe_to_trough": 1.0453003932458969
    },
    {
      "ep": 4,
      "acc": 22.181372549019606,
      "loss": 2.4551559904347293,
      "test_loss": 2.4897106885910034,
      "test_rate_e": 30.122654335171568,
      "test_rate_i": 0.0,
      "test_margin": -0.28201670506421256,
      "test_confidence": 0.0963123341401418,
      "test_logit_scale": 34.18548905615713,
      "lr": 0.001,
      "elapsed_s": 135.3886259519495,
      "train_compute_s": 128.81774883018807,
      "eval_s": 6.570841406006366,
      "observe_s": 0.2620044010691345,
      "samples": 7340,
      "grad_norm": 119.56836746879246,
      "grad_norm_max": 208.77760314941406,
      "grad_ratios": {
        "W_ff.0": 14.053145003155668,
        "W_ff.1": 0.00022352400036756222
      },
      "grad_norms": {
        "W_ff.0": 119.5683352926503,
        "W_ff.1": 0.08780333647585434
      },
      "weight_norms": {
        "W_ff.0": 9.017021179199219,
        "W_ff.1": 392.8167419433594
      },
      "skipped_steps": 0,
      "nan_forward_batches": 0,
      "new_best": false,
      "gnorm__W_ff.0": 119.5683352926503,
      "gnorm__W_ff.1": 0.08780333647585434,
      "rate_e": 35.41796875,
      "rate_i": 0.0,
      "cv": 0.8569332361221313,
      "act": 0.99609375,
      "contrast": 0.033213638347774084,
      "f0_hz": null,
      "lobe_lag_ms": 1.0,
      "trough_lag_ms": 5.0,
      "iei_mode_lag_ms": 0.5,
      "lobe_to_trough": 1.0687093646853114
    },
    {
      "ep": 5,
      "acc": 26.102941176470587,
      "loss": 2.4353569611259127,
      "test_loss": 2.4857632563664365,
      "test_rate_e": 30.638202742034313,
      "test_rate_i": 0.0,
      "test_margin": -0.34235577022328095,
      "test_confidence": 0.09847805663651112,
      "test_logit_scale": 34.7262710870481,
      "lr": 0.001,
      "elapsed_s": 136.16279237298295,
      "train_compute_s": 129.55171340005472,
      "eval_s": 6.611037686001509,
      "observe_s": 0.26379971113055944,
      "samples": 7340,
      "grad_norm": 110.30740150783373,
      "grad_norm_max": 239.35523986816406,
      "grad_ratios": {
        "W_ff.0": 11.627785270726788,
        "W_ff.1": 0.00022267543828777983
      },
      "grad_norms": {
        "W_ff.0": 110.30736618041992,
        "W_ff.1": 0.08747511932059475
      },
      "weight_norms": {
        "W_ff.0": 9.910441398620605,
        "W_ff.1": 392.8548278808594
      },
      "skipped_steps": 0,
      "nan_forward_batches": 0,
      "new_best": false,
      "gnorm__W_ff.0": 110.30736618041992,
      "gnorm__W_ff.1": 0.08747511932059475,
      "rate_e": 35.90625,
      "rate_i": 0.0,