{
  "notebook_run_id": "r003",
  "git_sha": "cc36be1",
  "duration_s": 0.4,
  "duration": "0s",
  "config": {
    "dataset": "mnist",
    "models": [
      "coba",
      "ping"
    ],
    "seeds": [
      42,
      43,
      44
    ],
    "epochs": 50,
    "t_ms": 200.0,
    "dt": 0.1
  },
  "final": {
    "coba__seed42": {
      "acc": 90.5,
      "rate_e": 143.44023786272322,
      "rate_i": 0.0
    },
    "coba__seed43": {
      "acc": 90.5,
      "rate_e": 141.64444754464284,
      "rate_i": 0.0
    },
    "coba__seed44": {
      "acc": 90.64285714285714,
      "rate_e": 143.28622000558036,
      "rate_i": 0.0
    },
    "ping__seed42": {
      "acc": 91.0,
      "rate_e": 10.436851283482143,
      "rate_i": 62.06089564732143
    },
    "ping__seed43": {
      "acc": 91.14285714285714,
      "rate_e": 10.370758928571428,
      "rate_i": 61.55086495535714
    },
    "ping__seed44": {
      "acc": 91.07142857142857,
      "rate_e": 10.30952845982143,
      "rate_i": 60.979868861607144
    }
  }
}
