{
  "notebook_run_id": "r058",
  "duration_s": 5.3,
  "tier": "small",
  "common_args": [
    "sim",
    "--image",
    "--model",
    "ping",
    "--input",
    "synthetic-spikes",
    "--t-ms",
    "1000"
  ],
  "cells": {
    "ping": [
      "--ei-sparsity",
      "0.8",
      "--exact-k",
      "--w-ei",
      "0.6",
      "0.18",
      "--w-ie",
      "3.0",
      "0.9",
      "--input-rate",
      "45",
      "--w-in",
      "0.8",
      "0.16"
    ],
    "ai": [
      "--ei-sparsity",
      "0.8",
      "--exact-k",
      "--w-ei",
      "0.6",
      "0.18",
      "--w-ie",
      "3.0",
      "0.9",
      "--input-rate",
      "1",
      "--w-in",
      "0.01",
      "0.001",
      "--independent-drive",
      "45",
      "0.38",
      "--independent-drive-i",
      "8",
      "0.25"
    ]
  },
  "summary": [
    {
      "cell": "ping",
      "e_rate_hz": 8.05555534362793,
      "i_rate_hz": 27.70399284362793,
      "median_isi_cv_e": 0.6365185608122794,
      "median_isi_cv_i": 0.31932536963000857,
      "f_psd_peak_hz": 31.75615756600201,
      "peak_abs_xcorr_e": 0.06287223027246283
    },
    {
      "cell": "ai",
      "e_rate_hz": 7.36328125,
      "i_rate_hz": 13.50694465637207,
      "median_isi_cv_e": 0.821952977044626,
      "median_isi_cv_i": 1.3586749827182771,
      "f_psd_peak_hz": 9.55229013117293,
      "peak_abs_xcorr_e": 0.010029096274863265
    }
  ]
}
