{
  "notebook_run_id": "r020",
  "duration_s": 6.5,
  "tier": "small",
  "common_args": [
    "image",
    "--model",
    "ping",
    "--input",
    "synthetic-spikes",
    "--t-ms",
    "1000",
    "--lyapunov-eps",
    "2.0"
  ],
  "cells": {
    "ping": [
      "--input-rate",
      "20",
      "--w-in",
      "1.5",
      "0.3",
      "--ei-strength",
      "1.5"
    ],
    "ai": [
      "--input-rate",
      "1",
      "--w-in",
      "0.01",
      "0.001",
      "--w-ei",
      "0.6",
      "0.18",
      "--w-ie",
      "3.0",
      "0.9",
      "--w-ii",
      "0.4",
      "0.12",
      "--ei-sparsity",
      "0.99",
      "--exact-k",
      "--independent-drive",
      "45",
      "0.38",
      "--independent-drive-i",
      "8",
      "0.25"
    ]
  },
  "summary": [
    {
      "cell": "ping",
      "e_rate_hz": 3.9822049140930176,
      "i_rate_hz": 31.09808921813965,
      "median_isi_cv_e": 0.6221292690755034,
      "median_isi_cv_i": 0.026036784008114846,
      "f_psd_peak_hz": 30.971435190810247,
      "peak_abs_xcorr_e": 0.04122902273163091,
      "lyap_final_diff_cells": 0.0,
      "lyap_max_diff_cells": 58.0,
      "lyap_steady_diff_cells": 0.0,
      "median_eta_fluct_drive": 5.499805450439453,
      "frac_above_eta_1": 1.0,
      "median_mu_I": 0.07409415394067764,
      "median_sigma_I": 3.808185338973999
    },
    {
      "cell": "ai",
      "e_rate_hz": 16.55707550048828,
      "i_rate_hz": 20.66840171813965,
      "median_isi_cv_e": 1.023500479684913,
      "median_isi_cv_i": 1.1326368417455948,
      "f_psd_peak_hz": 44.421593135832055,
      "peak_abs_xcorr_e": 0.010245883430766227,
      "lyap_final_diff_cells": 5.0,
      "lyap_max_diff_cells": 17.0,
      "lyap_steady_diff_cells": 6.3145,
      "median_eta_fluct_drive": 23.230520248413086,
      "frac_above_eta_1": 1.0,
      "median_mu_I": 0.658690333366394,
      "median_sigma_I": 4.272965431213379
    }
  ]
}
