{
  "notebook_run_id": "r054",
  "duration_s": 5.4,
  "tier": "small",
  "common_args": [
    "sim",
    "--image",
    "--model",
    "ping",
    "--input",
    "synthetic-spikes",
    "--t-ms",
    "1000"
  ],
  "cells": {
    "ping": [
      "--ei-sparsity",
      "0.8",
      "--exact-k",
      "--w-ei",
      "0.6",
      "0.18",
      "--w-ie",
      "3.0",
      "0.9",
      "--input-rate",
      "20",
      "--w-in",
      "1.5",
      "0.3"
    ],
    "ai": [
      "--ei-sparsity",
      "0.8",
      "--exact-k",
      "--w-ei",
      "0.6",
      "0.18",
      "--w-ie",
      "3.0",
      "0.9",
      "--input-rate",
      "1",
      "--w-in",
      "0.01",
      "0.001",
      "--independent-drive",
      "45",
      "0.38",
      "--independent-drive-i",
      "8",
      "0.25"
    ]
  },
  "summary": [
    {
      "cell": "ping",
      "e_rate_hz": 7.8515625,
      "i_rate_hz": 20.01736068725586,
      "median_isi_cv_e": 0.6567991587136343,
      "median_isi_cv_i": 0.5132992779393678,
      "f_psd_peak_hz": 33.2358765957947,
      "peak_abs_xcorr_e": 0.043679613509849065
    },
    {
      "cell": "ai",
      "e_rate_hz": 7.36328125,
      "i_rate_hz": 13.50694465637207,
      "median_isi_cv_e": 0.821952977044626,
      "median_isi_cv_i": 1.3586749827182771,
      "f_psd_peak_hz": 9.55229013117293,
      "peak_abs_xcorr_e": 0.010029096274863265
    }
  ]
}
