{
  "notebook_run_id": "r018",
  "duration_s": 6.8,
  "tier": "small",
  "common_args": [
    "image",
    "--model",
    "ping",
    "--input",
    "synthetic-spikes",
    "--t-ms",
    "1000",
    "--lyapunov-eps",
    "2.0"
  ],
  "cells": {
    "ping": [
      "--input-rate",
      "20",
      "--w-in",
      "1.5",
      "0.3",
      "--ei-strength",
      "1.5"
    ],
    "ai": [
      "--input-rate",
      "1",
      "--w-in",
      "0.01",
      "0.001",
      "--w-ei",
      "0.6",
      "0.18",
      "--w-ie",
      "3.0",
      "0.9",
      "--w-ii",
      "0.4",
      "0.12",
      "--ei-sparsity",
      "0.99",
      "--independent-drive",
      "45",
      "0.38",
      "--independent-drive-i",
      "8",
      "0.25"
    ]
  },
  "summary": [
    {
      "cell": "ping",
      "e_rate_hz": 3.9822049140930176,
      "i_rate_hz": 31.09808921813965,
      "median_isi_cv_e": 0.6221292690755034,
      "median_isi_cv_i": 0.026036784008114846,
      "f_psd_peak_hz": 30.971435190810247,
      "peak_abs_xcorr_e": 0.04122902273163091,
      "lyap_final_diff_cells": 0.0,
      "lyap_max_diff_cells": 58.0,
      "lyap_growth_cells_per_s": 0.0,
      "median_eta_fluct_drive": 5.499805450439453,
      "frac_above_eta_1": 1.0,
      "median_mu_I": 0.07409415394067764,
      "median_sigma_I": 3.808185338973999
    },
    {
      "cell": "ai",
      "e_rate_hz": 18.14887046813965,
      "i_rate_hz": 29.04513931274414,
      "median_isi_cv_e": 0.9707880768809418,
      "median_isi_cv_i": 1.0755435460765645,
      "f_psd_peak_hz": 129.79733700644897,
      "peak_abs_xcorr_e": 0.010103445639660728,
      "lyap_final_diff_cells": 4.0,
      "lyap_max_diff_cells": 11.0,
      "lyap_growth_cells_per_s": 2.2460525615131424,
      "median_eta_fluct_drive": 6.9723663330078125,
      "frac_above_eta_1": 1.0,
      "median_mu_I": 0.6053812503814697,
      "median_sigma_I": 4.15023136138916
    }
  ]
}
