{
  "notebook_run_id": "r043",
  "duration_s": 5.6,
  "tier": "small",
  "common_args": [
    "sim",
    "--image",
    "--model",
    "ping",
    "--input",
    "synthetic-spikes",
    "--t-ms",
    "1000"
  ],
  "cells": {
    "ping": [
      "--input-rate",
      "20",
      "--w-in",
      "1.5",
      "0.3",
      "--w-ei",
      "0.6",
      "0.18",
      "--w-ie",
      "3.0",
      "0.9"
    ],
    "ai": [
      "--input-rate",
      "1",
      "--w-in",
      "0.01",
      "0.001",
      "--w-ei",
      "0.6",
      "0.18",
      "--w-ie",
      "3.0",
      "0.9",
      "--w-ii",
      "0.4",
      "0.12",
      "--ei-sparsity",
      "0.99",
      "--exact-k",
      "--independent-drive",
      "45",
      "0.38",
      "--independent-drive-i",
      "8",
      "0.25"
    ]
  },
  "summary": [
    {
      "cell": "ping",
      "e_rate_hz": 7.570529460906982,
      "i_rate_hz": 27.46961784362793,
      "median_isi_cv_e": 0.616303088547999,
      "median_isi_cv_i": 0.050637507935337084,
      "f_psd_peak_hz": 28.812972148308848,
      "peak_abs_xcorr_e": 0.04655717659772459
    },
    {
      "cell": "ai",
      "e_rate_hz": 15.068359375,
      "i_rate_hz": 22.72135353088379,
      "median_isi_cv_e": 1.023483967422165,
      "median_isi_cv_i": 1.120668635463631,
      "f_psd_peak_hz": 23.316685084521826,
      "peak_abs_xcorr_e": 0.008662264022892432
    }
  ]
}
