{
  "notebook_run_id": "r003",
  "duration_s": 50.5,
  "tier": "small",
  "common_args": [
    "sim",
    "--image",
    "--model",
    "ping",
    "--input",
    "synthetic-spikes",
    "--t-ms",
    "1000",
    "--lyapunov-eps",
    "2.0"
  ],
  "cells": {
    "ai": [
      "--input-rate",
      "1",
      "--w-in",
      "0.01",
      "0.001",
      "--w-ei",
      "0.6",
      "0.18",
      "--w-ie",
      "3.0",
      "0.9",
      "--w-ii",
      "0.4",
      "0.12",
      "--ei-sparsity",
      "0.99",
      "--exact-k",
      "--independent-drive",
      "45",
      "0.38",
      "--independent-drive-i",
      "8",
      "0.25"
    ]
  },
  "summary": [
    {
      "cell": "ai",
      "e_rate_hz": 15.068359375,
      "i_rate_hz": 22.72135353088379,
      "median_isi_cv_e": 1.023483967422165,
      "median_isi_cv_i": 1.120668635463631,
      "f_psd_peak_hz": 23.316685084521826,
      "peak_abs_xcorr_e": 0.008662264022892432,
      "lyap_final_diff_cells": 4.0,
      "lyap_max_diff_cells": 16.0,
      "lyap_steady_diff_cells": 5.8345,
      "median_eta_fluct_drive": 19.839393615722656,
      "frac_above_eta_1": 1.0,
      "median_mu_I": 0.5960674285888672,
      "median_sigma_I": 4.172816276550293,
      "median_I_exc": 2.4589312076568604,
      "median_I_inh": -2.196881055831909,
      "median_I_net": 0.5960674285888672,
      "cancellation_ratio": 0.2424091518838649
    }
  ],
  "quenched_chaos": {
    "e_rate_hz": 17.74739646911621,
    "i_rate_hz": 23.68055534362793,
    "lyap_final_diff_cells": 10.0,
    "lyap_max_diff_cells": 57.0,
    "lyap_steady_diff_cells": 9.236
  },
  "linear_response": {
    "sweep": [
      {
        "drive_scale": 0.6,
        "ext_rate_e_hz": 27.0,
        "ext_rate_i_hz": 4.8,
        "r_e_hz": 11.819661140441895,
        "r_i_hz": 16.145832061767578,
        "I_exc_E": 1.4962949752807617,
        "I_inh_E": -1.38973069190979,
        "I_leak_E": 0.36774250864982605,
        "v_e_mean": -75.37946319580078,
        "I_exc_I": 1.0389814376831055,
        "I_inh_I": -0.7117514610290527,
        "I_leak_I": -0.044257670640945435,
        "v_i_mean": -64.4382095336914
      },
      {
        "drive_scale": 0.8,
        "ext_rate_e_hz": 36.0,
        "ext_rate_i_hz": 6.4,
        "r_e_hz": 13.64474868774414,
        "r_i_hz": 19.87847328186035,
        "I_exc_E": 1.978810429573059,
        "I_inh_E": -1.8065173625946045,
        "I_leak_E": 0.38037604093551636,
        "v_e_mean": -75.9583740234375,
        "I_exc_I": 1.2711234092712402,
        "I_inh_I": -0.8884183168411255,
        "I_leak_I": -0.03702709823846817,
        "v_i_mean": -64.64691162109375
      },
      {
        "drive_scale": 1.0,
        "ext_rate_e_hz": 45.0,
        "ext_rate_i_hz": 8.0,
        "r_e_hz": 15.068359375,
        "r_i_hz": 22.72135353088379,
        "I_exc_E": 2.4589312076568604,
        "I_inh_E": -2.196881055831909,
        "I_leak_E": 0.37909263372421265,
        "v_e_mean": -76.05828857421875,
        "I_exc_I": 1.416607141494751,
        "I_inh_I": -0.9881973266601562,
        "I_leak_I": -0.033790744841098785,
        "v_i_mean": -64.7243881225586
      },
      {
        "drive_scale": 1.2,
        "ext_rate_e_hz": 54.0,
        "ext_rate_i_hz": 9.6,
        "r_e_hz": 16.50390625,
        "r_i_hz": 25.4296875,
        "I_exc_E": 2.9455313682556152,
        "I_inh_E": -2.611231803894043,
        "I_leak_E": 0.3748355507850647,
        "v_e_mean": -75.98248291015625,
        "I_exc_I": 1.590144157409668,
        "I_inh_I": -1.1170592308044434,
        "I_leak_I": -0.03434328734874725,
        "v_i_mean": -64.7237777709961
      },
      {
        "drive_scale": 1.4,
        "ext_rate_e_hz": 62.99999999999999,
        "ext_rate_i_hz": 11.2,
        "r_e_hz": 17.85373306274414,
        "r_i_hz": 27.63020896911621,
        "I_exc_E": 3.421428680419922,
        "I_inh_E": -3.0015769004821777,
        "I_leak_E": 0.3752025365829468,
        "v_e_mean": -75.86870574951172,
        "I_exc_I": 1.7562118768692017,
        "I_inh_I": -1.231809139251709,
        "I_leak_I": -0.03238026052713394,
        "v_i_mean": -64.82601928710938
      },
      {
        "drive_scale": 1.6,
        "ext_rate_e_hz": 72.0,
        "ext_rate_i_hz": 12.8,
        "r_e_hz": 19.02669334411621,
        "r_i_hz": 30.12152671813965,
        "I_exc_E": 3.910660743713379,
        "I_inh_E": -3.428940773010254,
        "I_leak_E": 0.36625298857688904,
        "v_e_mean": -75.68465423583984,
        "I_exc_I": 1.8946315050125122,
        "I_inh_I": -1.3416635990142822,
        "I_leak_I": -0.03469948470592499,
        "v_i_mean": -64.84626770019531
      }
    ],
    "balance": {
      "a_E": 0.053607250016833106,
      "b_E": -0.14692943472543857,
      "r_i_pred": [
        12.395833394901352,
        15.679486197711505,
        18.96313900052166,
        22.246791803331813,
        25.530444606141966,
        28.81409740895212
      ],
      "c_I": 0.08172279148520874,
      "r_e_pred": [
        7.258475125705193,
        8.781287051775491,
        9.365598645254762,
        10.308852319447869,
        11.072388814056326,
        11.780441652652874
      ]
    },
    "r_e_slope": 0.15904019370911607,
    "r_e_r2": 0.9954328613655992,
    "r_i_slope": 0.30426036289760033,
    "r_i_r2": 0.9919490485045505,
    "r_e_slope_pred": 0.09659171935166352,
    "r_i_slope_pred": 0.3648503114233503,
    "r_e_slope_ratio": 0.6073415600104802,
    "r_i_slope_ratio": 1.199138487671303
  },
  "sqrtk_invariance": [
    {
      "K": 5.1200000000000045,
      "sparsity": 0.995,
      "weight_scale": 1.397542485937368,
      "median_cv_e": 1.166209930656708,
      "xcorr_peak": 0.009330769816682061
    },
    {
      "K": 10.240000000000009,
      "sparsity": 0.99,
      "weight_scale": 0.9882117688026181,
      "median_cv_e": 1.0159767668133262,
      "xcorr_peak": 0.00851081761037694
    },
    {
      "K": 20.480000000000018,
      "sparsity": 0.98,
      "weight_scale": 0.698771242968684,
      "median_cv_e": 0.9781784256789637,
      "xcorr_peak": 0.009269333202628925
    },
    {
      "K": 40.960000000000036,
      "sparsity": 0.96,
      "weight_scale": 0.49410588440130904,
      "median_cv_e": 0.9560637146730365,
      "xcorr_peak": 0.009292348425853214
    }
  ],
  "n_invariance": [
    {
      "N": 512,
      "n_i": 128,
      "K": 5.1200000000000045,
      "r_e_hz": 11.742621421813965,
      "r_i_hz": 34.6875,
      "median_cv_e": 0.9383675853687046
    },
    {
      "N": 1024,
      "n_i": 256,
      "K": 10.240000000000009,
      "r_e_hz": 15.068359375,
      "r_i_hz": 22.72135353088379,
      "median_cv_e": 1.023483967422165
    },
    {
      "N": 2048,
      "n_i": 512,
      "K": 20.480000000000018,
      "r_e_hz": 20.79318618774414,
      "r_i_hz": 19.71571159362793,
      "median_cv_e": 1.069311617519852
    },
    {
      "N": 4096,
      "n_i": 1024,
      "K": 40.960000000000036,
      "r_e_hz": 24.17778778076172,
      "r_i_hz": 22.08116340637207,
      "median_cv_e": 0.9922413665370564
    }
  ]
}
