{
  "notebook_run_id": "r014",
  "duration_s": 134.4,
  "tier": "small",
  "common_args": [
    "sim",
    "--image",
    "--model",
    "ping",
    "--input",
    "synthetic-spikes",
    "--t-ms",
    "1000"
  ],
  "cells": {
    "ai": [
      "--input-rate",
      "1",
      "--w-in",
      "0.01",
      "0.001",
      "--w-ei",
      "0.6",
      "0.18",
      "--w-ie",
      "3.0",
      "0.9",
      "--w-ii",
      "0.4",
      "0.12",
      "--w-ee",
      "0.4",
      "0.12",
      "--ei-sparsity",
      "0.99",
      "--exact-k",
      "--independent-drive",
      "45",
      "0.38",
      "--independent-drive-i",
      "8",
      "0.25"
    ]
  },
  "summary": [
    {
      "cell": "ai",
      "e_rate_hz": 17.45876693725586,
      "i_rate_hz": 25.42100715637207,
      "median_isi_cv_e": 1.1082203296504596,
      "median_isi_cv_i": 1.2018170849246108,
      "f_psd_peak_hz": 40.90704421149196,
      "peak_abs_xcorr_e": 0.010450688752149636
    }
  ],
  "k_sweep": {
    "k": [
      10,
      20,
      40,
      80,
      160
    ],
    "variants": {
      "strong": {
        "label": "strong $J/\\sqrt{K}$ (V&S)",
        "metrics": {
          "e_rate": {
            "mean": [
              17.52581787109375,
              14.690081596374512,
              10.291285514831543,
              7.16684627532959,
              4.918844223022461
            ],
            "std": [
              0.2210846115930843,
              0.057252018765857275,
              0.05559948576526944,
              0.019705197789249063,
              0.014711953557357353
            ]
          },
          "i_rate": {
            "mean": [
              25.864763259887695,
              23.414601643880207,
              17.261584599812824,
              12.561063448588053,
              9.140625
            ],
            "std": [
              0.04898665583734174,
              0.1135363743359752,
              0.02669141442990634,
              0.07537773738815319,
              0.008303247354548387
            ]
          },
          "median_isi_cv_e": {
            "mean": [
              1.2163677543075446,
              1.3124572124607647,
              1.2676282684264304,
              1.2031976654757417,
              1.1126287162840303
            ],
            "std": [
              0.007012311873336973,
              0.006477502933994641,
              0.008677093998437324,
              0.008316780643439745,
              0.004941242068069754
            ]
          },
          "peak_abs_xcorr_e": {
            "mean": [
              0.005966526957729611,
              0.0060786129677810954,
              0.004991808178520606,
              0.005631323641114308,
              0.006828983746792787
            ],
            "std": [
              0.0005822200179595896,
              0.000490256257179689,
              0.0003023715679655115,
              0.0003793163968908622,
              0.00048463466544179326
            ]
          }
        }
      },
      "weak": {
        "label": "weak (mean-field)",
        "metrics": {
          "e_rate": {
            "mean": [
              17.52581787109375,
              16.65656344095866,
              16.72256596883138,
              17.086027145385742,
              16.532529830932617
            ],
            "std": [
              0.2210846115930843,
              0.07743968336617764,
              0.06592622403440017,
              0.060437048910142774,
              0.18522852233325102
            ]
          },
          "i_rate": {
            "mean": [
              25.864763259887695,
              18.635506947835285,
              14.01445738474528,
              11.786547978719076,
              10.63442866007487
            ],
            "std": [
              0.04898665583734174,
              0.05259579894903121,
              0.021335326801965433,
              0.05200972744236945,
              0.07160554586357126
            ]
          },
          "median_isi_cv_e": {
            "mean": [
              1.2163677543075446,
              1.1139922005725238,
              1.0634561258452473,
              1.0343148413103374,
              1.0228364488746635
            ],
            "std": [
              0.007012311873336973,
              0.004660890866351046,
              0.0016026128391992609,
              0.0027504027022945336,
              0.003300472471342202
            ]
          },
          "peak_abs_xcorr_e": {
            "mean": [
              0.005966526957729611,
              0.006156907474079505,
              0.005632714745282764,
              0.006814408391095392,
              0.005516229688635697
            ],
            "std": [
              0.0005822200179595896,
              0.0016244934706444866,
              0.0003555317922876561,
              0.0018710108301663567,
              0.00022855678273468093
            ]
          }
        }
      }
    }
  },
  "lyapunov": {
    "balanced": {
      "label": "balanced (full recurrence)",
      "lambda_per_s": 28.320547891857565
    },
    "decoupled": {
      "label": "decoupled (recurrence \u2248 0)",
      "lambda_per_s": 0.40736292531675267
    }
  }
}
