{
  "run_id": "r002",
  "git_sha": "e7b8aa6",
  "duration_s": 103.8,
  "duration": "1m 44s",
  "common_args": [
    "sim",
    "--model",
    "ping",
    "--input",
    "synthetic-spikes",
    "--t-ms",
    "1000"
  ],
  "cells": {
    "ai": [
      "--input-rate",
      "1",
      "--w-in",
      "0.01",
      "0.001",
      "--w-ei",
      "0.6",
      "0.18",
      "--w-ie",
      "3.0",
      "0.9",
      "--w-ii",
      "0.4",
      "0.12",
      "--w-ee",
      "0.4",
      "0.12",
      "--ei-sparsity",
      "0.99",
      "--exact-k",
      "--independent-drive",
      "8",
      "2.10",
      "--independent-drive-i",
      "8",
      "0.25"
    ]
  },
  "summary": [
    {
      "cell": "ai",
      "e_rate_hz": 9.5947265625,
      "i_rate_hz": 15.60546875,
      "median_isi_cv_e": 0.9728506207969624,
      "median_isi_cv_i": 1.5198692380613352,
      "f_psd_peak_hz": 5.026759504520081,
      "peak_abs_xcorr_e": 0.01051242367867755
    }
  ],
  "k_sweep": {
    "k": [
      10,
      20,
      40,
      80,
      160
    ],
    "variants": {
      "strong": {
        "label": "weights scaled $\\propto\\sqrt{K}$ (V&S)",
        "metrics": {
          "e_rate": {
            "mean": [
              9.474934577941895,
              14.2236328125,
              2.3352863788604736,
              0.8912760615348816,
              0.0478515625
            ],
            "std": [
              0.0,
              0.0,
              0.0,
              0.0,
              0.0
            ]
          },
          "i_rate": {
            "mean": [
              15.920574188232422,
              38.54166793823242,
              31.421873092651367,
              25.6796875,
              34.16536331176758
            ],
            "std": [
              0.0,
              0.0,
              0.0,
              0.0,
              0.0
            ]
          },
          "median_isi_cv_e": {
            "mean": [
              1.0818004704215423,
              0.9266510474023798,
              0.7666384145765242,
              0.630894492819179,
              null
            ],
            "std": [
              0.0,
              1.1102230246251565e-16,
              0.0,
              0.0,
              null
            ]
          },
          "peak_abs_xcorr_e": {
            "mean": [
              0.005685005892000585,
              0.005035433833583026,
              0.006006407264443579,
              0.011993991324119877,
              0.5898632877625879
            ],
            "std": [
              0.0,
              0.0,
              8.673617379884035e-19,
              0.0,
              0.0
            ]
          }
        }
      },
      "weak": {
        "label": "weights held fixed",
        "metrics": {
          "e_rate": {
            "mean": [
              9.474934577941895,
              9.474934577941895,
              9.474934577941895,
              9.474934577941895,
              9.474934577941895
            ],
            "std": [
              0.0,
              0.0,
              0.0,
              0.0,
              0.0
            ]
          },
          "i_rate": {
            "mean": [
              15.920574188232422,
              15.920574188232422,
              15.920574188232422,
              15.920574188232422,
              15.920574188232422
            ],
            "std": [
              0.0,
              0.0,
              0.0,
              0.0,
              0.0
            ]
          },
          "median_isi_cv_e": {
            "mean": [
              1.0818004704215423,
              1.0818004704215423,
              1.0818004704215423,
              1.0818004704215423,
              1.0818004704215423
            ],
            "std": [
              0.0,
              0.0,
              0.0,
              0.0,
              0.0
            ]
          },
          "peak_abs_xcorr_e": {
            "mean": [
              0.005685005892000585,
              0.005685005892000585,
              0.005685005892000585,
              0.005685005892000585,
              0.005685005892000585
            ],
            "std": [
              0.0,
              0.0,
              0.0,
              0.0,
              0.0
            ]
          }
        }
      }
    }
  },
  "lyapunov": {
    "balanced": {
      "label": "balanced (full recurrence)",
      "lambda_per_s": 3.293798044372287
    },
    "decoupled": {
      "label": "decoupled (recurrence \u2248 0)",
      "lambda_per_s": 1.045753545791084
    }
  }
}
