{
  "notebook_run_id": "r017",
  "duration_s": 127.5,
  "common_args": [
    "sim",
    "--model",
    "ping",
    "--input",
    "synthetic-spikes",
    "--t-ms",
    "1000"
  ],
  "cells": {
    "ai": [
      "--input-rate",
      "1",
      "--w-in",
      "0.01",
      "0.001",
      "--w-ei",
      "0.6",
      "0.18",
      "--w-ie",
      "3.0",
      "0.9",
      "--w-ii",
      "0.4",
      "0.12",
      "--w-ee",
      "0.4",
      "0.12",
      "--ei-sparsity",
      "0.99",
      "--exact-k",
      "--independent-drive",
      "45",
      "0.38",
      "--independent-drive-i",
      "8",
      "0.25"
    ]
  },
  "summary": [
    {
      "cell": "ai",
      "e_rate_hz": 6.4541015625,
      "i_rate_hz": 14.140625,
      "median_isi_cv_e": 0.7686118844462828,
      "median_isi_cv_i": 1.311603179447805,
      "f_psd_peak_hz": 18.981029374831916,
      "peak_abs_xcorr_e": 0.01102837463517324
    }
  ],
  "k_sweep": {
    "k": [
      10,
      20,
      40,
      80,
      160
    ],
    "variants": {
      "strong": {
        "label": "weights scaled $\\propto\\sqrt{K}$ (V&S)",
        "metrics": {
          "e_rate": {
            "mean": [
              6.419270992279053,
              0.9853515028953552,
              0.0335286445915699,
              0.060546875,
              0.0875651016831398
            ],
            "std": [
              0.0,
              0.0,
              0.0,
              0.0,
              0.0
            ]
          },
          "i_rate": {
            "mean": [
              13.75390625,
              16.545574188232422,
              30.09505271911621,
              21.0703125,
              34.37890625
            ],
            "std": [
              0.0,
              0.0,
              0.0,
              0.0,
              0.0
            ]
          },
          "median_isi_cv_e": {
            "mean": [
              0.9171547279125892,
              0.6332133639068501,
              null,
              null,
              null
            ],
            "std": [
              1.1102230246251565e-16,
              0.0,
              null,
              null,
              null
            ]
          },
          "peak_abs_xcorr_e": {
            "mean": [
              0.006338525379191928,
              0.01219569973891732,
              0.5698566188729581,
              0.5798599533177728,
              0.5498499499833281
            ],
            "std": [
              0.0,
              0.0,
              0.0,
              0.0,
              0.0
            ]
          }
        }
      },
      "weak": {
        "label": "weights held fixed",
        "metrics": {
          "e_rate": {
            "mean": [
              6.419270992279053,
              6.419270992279053,
              6.419270992279053,
              6.419270992279053,
              6.419270992279053
            ],
            "std": [
              0.0,
              0.0,
              0.0,
              0.0,
              0.0
            ]
          },
          "i_rate": {
            "mean": [
              13.75390625,
              13.75390625,
              13.75390625,
              13.75390625,
              13.75390625
            ],
            "std": [
              0.0,
              0.0,
              0.0,
              0.0,
              0.0
            ]
          },
          "median_isi_cv_e": {
            "mean": [
              0.9171547279125892,
              0.9171547279125892,
              0.9171547279125892,
              0.9171547279125892,
              0.9171547279125892
            ],
            "std": [
              1.1102230246251565e-16,
              1.1102230246251565e-16,
              1.1102230246251565e-16,
              1.1102230246251565e-16,
              1.1102230246251565e-16
            ]
          },
          "peak_abs_xcorr_e": {
            "mean": [
              0.006338525379191928,
              0.006338525379191928,
              0.006338525379191928,
              0.006338525379191928,
              0.006338525379191928
            ],
            "std": [
              0.0,
              0.0,
              0.0,
              0.0,
              0.0
            ]
          }
        }
      }
    }
  },
  "lyapunov": {
    "balanced": {
      "label": "balanced (full recurrence)",
      "lambda_per_s": 3.293798044372287
    },
    "decoupled": {
      "label": "decoupled (recurrence \u2248 0)",
      "lambda_per_s": 1.045753545791084
    }
  }
}
