{
  "slug": "nb033",
  "config": {
    "tau_E_ms": 20.0,
    "tau_I_ms": 5.0,
    "tau_AMPA_ms": 2.0,
    "tau_GABA_ms": 9.0,
    "W_EI": 80.0,
    "W_IE": 60.0,
    "phi_E": {
      "rmax": 0.2,
      "theta": 1.5,
      "k": 0.2
    },
    "phi_I": {
      "rmax": 0.3,
      "theta": 1.0,
      "k": 0.15
    }
  },
  "results": {
    "hopf": {
      "I_ext_star": 1.3,
      "omega_star": 0.15373757169893015,
      "freq_star_Hz": 24.468094474829407,
      "fp_at_star": [
        0.005837155107272615,
        0.008348178915479015,
        0.4669724085818092,
        0.5008907349287408
      ]
    },
    "two_d_cubic": {
      "cubic_coefficients": {
        "alpha": 0.25,
        "beta": 0.5208333333333333,
        "gamma": 15.0,
        "delta": 0.2031041249184545
      },
      "hopf_threshold_alpha": 5.0,
      "hopf": null,
      "verdict": "no Hopf \u2014 \u03b1 stays below 1 + \u03c4_E/\u03c4_I because W^EE = 0"
    }
  },
  "success_criteria": [
    {
      "label": "4D Hopf located",
      "passed": true,
      "detail": "I_ext* = 1.300, f* = 24.47 Hz"
    },
    {
      "label": "2D-cubic verdict: no Hopf (architecture lacks W^EE)",
      "passed": true,
      "detail": "\u03b1 = 0.2500 vs threshold 5.000"
    }
  ]
}
