{
  "mode": "train",
  "schema_version": 1,
  "model": "ping",
  "run_finished_at": "2026-07-19T08:01:50+00:00",
  "config": {
    "dt": 1.0,
    "t_ms": 1000.0,
    "epochs": 5,
    "lr": 0.0004,
    "weight_decay": 0.0,
    "input_rate": 25.0,
    "w_in": [
      1.2,
      0.12
    ],
    "w_in_sparsity": 0.95,
    "ei_strength": 1.0,
    "ei_ratio": 2.0,
    "tau_gaba_ms": 9.0,
    "fr_reg_upper_theta": 0.0,
    "fr_reg_upper_strength": 0.0,
    "readout_w_out_scale": 225.0,
    "readout_mode": "mem-mean",
    "dales_law": true,
    "trainable_w_ee": false,
    "trainable_w_ei": false,
    "trainable_w_ie": false,
    "trainable_w_ii": false,
    "state_clamp": false,
    "seed": 42,
    "n_hidden": 256,
    "n_inh": 64,
    "n_in": 700,
    "max_samples": null,
    "dataset": "shd",
    "v_grad_dampen": 1000.0,
    "batch_size": 32,
    "grad_clip": 1.0,
    "n_params": 286720,
    "n_trainable": 184320
  },
  "init": {
    "rate_e": 2.51171875,
    "rate_i": 13.5625,
    "cv": 3.4278361797332764,
    "act": 0.7421875,
    "contrast": 1.0,
    "f0_hz": null,
    "lobe_lag_ms": 1.0,
    "trough_lag_ms": 17.0,
    "iei_mode_lag_ms": 0.5,
    "lobe_to_trough": 189.39102278607925
  },
  "epochs": [
    {
      "ep": 1,
      "acc": 24.754901960784313,
      "loss": 2.73594666460286,
      "test_loss": 2.629119166961083,
      "test_rate_e": 6.506448184742647,
      "test_rate_i": 27.66427313112745,
      "test_margin": -0.2509123910875881,
      "test_confidence": 0.07757426652253843,
      "test_logit_scale": 6.9919203776939245,
      "lr": 0.0004,
      "elapsed_s": 104.96742330305278,
      "train_compute_s": 99.01663680188358,
      "eval_s": 5.950066948309541,
      "observe_s": 0.18003384210169315,
      "samples": 7340,
      "grad_norm": 0.45666017039962437,
      "grad_norm_max": 0.7166264653205872,
      "grad_ratios": {
        "W_ff.0": 0.11104324445718806,
        "W_ff.1": 6.368989422930666e-05
      },
      "grad_norms": {
        "W_ff.0": 0.4559591338686321,
        "W_ff.1": 0.025020325617135866
      },
      "weight_norms": {
        "W_ff.0": 5.074656963348389,
        "W_ff.1": 392.8199768066406
      },
      "skipped_steps": 0,
      "nan_forward_batches": 0,
      "new_best": true,
      "gnorm__W_ff.0": 0.4559591338686321,
      "gnorm__W_ff.1": 0.025020325617135866,
      "rate_e": 5.75,
      "rate_i": 28.984375,
      "cv": 2.644942283630371,
      "act": 0.7421875,
      "contrast": 0.9158384005298131,
      "f0_hz": null,
      "lobe_lag_ms": 1.0,
      "trough_lag_ms": 8.0,
      "iei_mode_lag_ms": 0.5,
      "lobe_to_trough": 22.763806921332
    },
    {
      "ep": 2,
      "acc": 24.877450980392158,
      "loss": 2.582338309288025,
      "test_loss": 2.5523661283346324,
      "test_rate_e": 7.132113587622549,
      "test_rate_i": 31.487687653186274,
      "test_margin": -0.2196523459518657,
      "test_confidence": 0.08537381551429338,
      "test_logit_scale": 7.586333667530733,
      "lr": 0.0004,
      "elapsed_s": 101.98186591640115,
      "train_compute_s": 97.3856595158577,
      "eval_s": 4.594498256221414,
      "observe_s": 0.1826908104121685,
      "samples": 7340,
      "grad_norm": 0.4068088797123536,
      "grad_norm_max": 0.869364321231842,
      "grad_ratios": {
        "W_ff.0": 0.0697715348290778,
        "W_ff.1": 7.042290830397069e-05
      },
      "grad_norms": {
        "W_ff.0": 0.4058507976324662,
        "W_ff.1": 0.02766182274436173
      },
      "weight_norms": {
        "W_ff.0": 6.638943195343018,
        "W_ff.1": 392.7721252441406
      },
      "skipped_steps": 0,
      "nan_forward_batches": 0,
      "new_best": true,
      "gnorm__W_ff.0": 0.4058507976324662,
      "gnorm__W_ff.1": 0.02766182274436173,
      "rate_e": 6.984375,
      "rate_i": 33.0,
      "cv": 2.405510663986206,
      "act": 0.8046875,
      "contrast": 0.7781663315864661,
      "f0_hz": null,
      "lobe_lag_ms": 1.0,
      "trough_lag_ms": 6.0,
      "iei_mode_lag_ms": 0.5,
      "lobe_to_trough": 8.01576399246879
    },
    {
      "ep": 3,
      "acc": 31.862745098039216,
      "loss": 2.5164541628049766,
      "test_loss": 2.50484731564155,
      "test_rate_e": 7.553083831188726,
      "test_rate_i": 33.75300628063726,
      "test_margin": -0.15555521261458302,
      "test_confidence": 0.09011520752135445,
      "test_logit_scale": 8.067022519953111,
      "lr": 0.0004,
      "elapsed_s": 102.47591217979789,
      "train_compute_s": 97.94023432023823,
      "eval_s": 4.534801265224814,
      "observe_s": 0.18803207390010357,
      "samples": 7340,
      "grad_norm": 0.359434765059015,
      "grad_norm_max": 0.5310866832733154,
      "grad_ratios": {
        "W_ff.0": 0.049424515449178454,
        "W_ff.1": 7.409104094326223e-05
      },
      "grad_norms": {
        "W_ff.0": 0.3582406689291415,
        "W_ff.1": 0.02909850209303524
      },
      "weight_norms": {
        "W_ff.0": 7.856742858886719,
        "W_ff.1": 392.7028503417969
      },
      "skipped_steps": 0,
      "nan_forward_batches": 0,
      "new_best": true,
      "gnorm__W_ff.0": 0.3582406689291415,
      "gnorm__W_ff.1": 0.02909850209303524,
      "rate_e": 7.265625,
      "rate_i": 36.0,
      "cv": 2.2983100414276123,
      "act": 0.8046875,
      "contrast": 0.6878757598590907,
      "f0_hz": null,
      "lobe_lag_ms": 1.0,
      "trough_lag_ms": 8.0,
      "iei_mode_lag_ms": 0.5,
      "lobe_to_trough": 5.407704826440571
    },
    {
      "ep": 4,
      "acc": 26.715686274509803,
      "loss": 2.474771029016246,
      "test_loss": 2.4779457495762753,
      "test_rate_e": 8.009478400735293,
      "test_rate_i": 35.626148897058826,
      "test_margin": -0.22025123998230578,
      "test_confidence": 0.09389023336709715,
      "test_logit_scale": 8.57738655688716,
      "lr": 0.0004,
      "elapsed_s": 98.280168434605,
      "train_compute_s": 93.71528761647642,
      "eval_s": 4.5648327600210905,
      "observe_s": 0.17981156520545483,
      "samples": 7340,
      "grad_norm": 0.3261781742391379,
      "grad_norm_max": 0.5929055213928223,
      "grad_ratios": {
        "W_ff.0": 0.03864286288023915,
        "W_ff.1": 7.749195570411235e-05
      },
      "grad_norms": {
        "W_ff.0": 0.32473553380240566,
        "W_ff.1": 0.03042848301322564
      },
      "weight_norms": {
        "W_ff.0": 8.978348731994629,
        "W_ff.1": 392.62847900390625
      },
      "skipped_steps": 0,
      "nan_forward_batches": 0,
      "new_best": false,
      "gnorm__W_ff.0": 0.32473553380240566,
      "gnorm__W_ff.1": 0.03042848301322564,
      "rate_e": 7.90234375,
      "rate_i": 38.0,
      "cv": 2.381192922592163,
      "act": 0.8828125,
      "contrast": 0.7750218526419822,
      "f0_hz": null,
      "lobe_lag_ms": 1.0,
      "trough_lag_ms": 6.0,
      "iei_mode_lag_ms": 0.5,
      "lobe_to_trough": 7.8897522869957255
    },
    {
      "ep": 5,
      "acc": 33.700980392156865,
      "loss": 2.4427846929301387,
      "test_loss": 2.4462467523721547,
      "test_rate_e": 8.307329963235293,
      "test_rate_i": 36.98692172181372,
      "test_margin": -0.1915253342366686,
      "test_confidence": 0.09835426845386916,
      "test_logit_scale": 8.891225216435451,
      "lr": 0.0004,
      "elapsed_s": 102.89657541550696,
      "train_compute_s": 98.28892945870757,
      "eval_s": 4.606872659176588,
      "observe_s": 0.1801517829298973,
      "samples": 7340,
      "grad_norm": 0.3025109819096068,
      "grad_norm_max": 0.5862545967102051,
      "grad_ratios": {
        "W_ff.0": 0.03181364716227587,
        "W_ff.1": 7.891296615490119e-05
      },
      "grad_norms": {
        "W_ff.0": 0.3008984624043755,
        "W_ff.1": 0.030979932050990023
      },
      "weight_norms": {
        "W_ff.0": 9.90162467956543,
        "W_ff.1": 392.541748046875
      },
      "skipped_steps": 0,
      "nan_forward_batches": 0,
      "new_best": true,
      "gnorm__W_ff.0": 0.3008984624043755,
      "gnorm__W_ff.1": 0.030979932050990023,