{
  "slug": "nb040",
  "tier": "medium",
  "duration_s": 255.4,
  "model": "cuba-ping",
  "config": {
    "n_e": 1024,
    "n_in": 784,
    "n_classes": 10,
    "t_ms": 200.0,
    "dt": 1.0,
    "tau_m_ms": 20.0,
    "tau_out_ms": 20.0,
    "v_th": 1.0,
    "input_rate_hz": 80.0,
    "dynamics_input_rate_hz": 80.0,
    "max_samples": 5000,
    "epochs": 15,
    "batch_size": 64,
    "lr": 0.002,
    "seed": 42
  },
  "dynamics": {
    "rate_e_hz": 1.748046875,
    "rate_i_hz": 67.890625
  },
  "final_acc": 77.9,
  "final_rate_e_hz": 0.9433837890625,
  "final_rate_i_hz": 17.23685546875,
  "epochs": [
    {
      "ep": 1,
      "acc": 11.1,
      "loss": 2.3023188984583296,
      "test_loss": 2.3013611286878586,
      "test_rate_e": 4.8828125e-06,
      "test_rate_i": 0.0,
      "lr": 0.002,
      "elapsed_s": 15.422807454,
      "train_compute_s": 13.242539769,
      "eval_s": 2.177479265999999,
      "observe_s": 0.10268443200000021,
      "samples": 4000,
      "grad_norm": 0.11616965732167638,
      "grad_ratios": {
        "W_ff.0": 2.105018177373197e-05,
        "W_ff.1": 2.8913620663224254e-06
      },
      "skipped_steps": 0,
      "new_best": true,
      "rate_e": 0.0,
      "rate_i": 0.0,
      "cv": 0.0,
      "act": 0.0,
      "f0": 0.0
    },
    {
      "ep": 2,
      "acc": 13.6,
      "loss": 2.300509846399701,
      "test_loss": 2.2953548431396484,
      "test_rate_e": 0.02689453125,
      "test_rate_i": 0.0,
      "lr": 0.002,
      "elapsed_s": 14.565874385,
      "train_compute_s": 12.372087887,
      "eval_s": 2.1911818290000014,
      "observe_s": 0.10235841999999451,
      "samples": 4000,
      "grad_norm": 0.11384522299917918,
      "grad_ratios": {
        "W_ff.0": 6.864203815466664e-06,
        "W_ff.1": 6.256294677376158e-05
      },
      "skipped_steps": 0,
      "new_best": true,
      "rate_e": 0.1302083283662796,
      "rate_i": 0.0,
      "cv": 2.0,
      "act": 0.0068359375,
      "f0": 0.0
    },
    {
      "ep": 3,
      "acc": 39.7,
      "loss": 2.2726168935261075,
      "test_loss": 2.241038501262665,
      "test_rate_e": 0.165048828125,
      "test_rate_i": 0.01015625,
      "lr": 0.002,
      "elapsed_s": 14.815695957000003,
      "train_compute_s": 12.626795603000005,
      "eval_s": 2.1860676379999973,
      "observe_s": 0.10297080099999789,
      "samples": 4000,
      "grad_norm": 0.11881376903445001,
      "grad_ratios": {
        "W_ff.0": 2.2391292714862616e-05,
        "W_ff.1": 0.0005744721524176763
      },
      "skipped_steps": 0,
      "new_best": true,
      "rate_e": 0.4448784589767456,
      "rate_i": 0.0,
      "cv": 1.068448543548584,
      "act": 0.0087890625,
      "f0": 0.0
    },
    {
      "ep": 4,
      "acc": 52.6,
      "loss": 2.1833492687770297,
      "test_loss": 2.1250339448451996,
      "test_rate_e": 0.3284765625,
      "test_rate_i": 0.0446875,
      "lr": 0.002,
      "elapsed_s": 14.821873046,
      "train_compute_s": 12.631953536999994,
      "eval_s": 2.186304223999997,
      "observe_s": 0.11011825399999964,
      "samples": 4000,
      "grad_norm": 0.11337522225129226,
      "grad_ratios": {
        "W_ff.0": 4.0096845881190454e-05,
        "W_ff.1": 0.000856367467308572
      },
      "skipped_steps": 0,
      "new_best": true,
      "rate_e": 0.6076388359069824,
      "rate_i": 0.0,
      "cv": 0.8746354579925537,
      "act": 0.0087890625,
      "f0": 0.0
    },
    {
      "ep": 5,
      "acc": 58.9,
      "loss": 2.0468942664918446,
      "test_loss": 1.9821188375353813,
      "test_rate_e": 0.4336181640625,
      "test_rate_i": 0.27734375,
      "lr": 0.002,
      "elapsed_s": 15.329743382000004,
      "train_compute_s": 13.116173962000005,
      "eval_s": 2.2102277009999938,
      "observe_s": 0.10830065599999728,
      "samples": 4000,
      "grad_norm": 0.11316585990171583,
      "grad_ratios": {
        "W_ff.0": 5.2767407301181245e-05,
        "W_ff.1": 0.0008339538613610087
      },
      "skipped_steps": 0,
      "new_best": true,
      "rate_e": 0.7486978769302368,
      "rate_i": 3.3420138359069824,
      "cv": 0.9130434989929199,
      "act": 0.0107421875,
      "f0": 0.0
    },
    {
      "ep": 6,
      "acc": 61.0,
      "loss": 1.8968036345073156,
      "test_loss": 1.8303985297679901,
      "test_rate_e": 0.528583984375,
      "test_rate_i": 1.00599609375,
      "lr": 0.002,
      "elapsed_s": 14.430939827000003,
      "train_compute_s": 12.277481840000007,
      "eval_s": 2.150514362999999,
      "observe_s": 0.10274308200000348,
      "samples": 4000,
      "grad_norm": 0.1104119201856,
      "grad_ratios": {
        "W_ff.0": 6.028784204846136e-05,
        "W_ff.1": 0.0007281967806284085
      },
      "skipped_steps": 0,
      "new_best": true,
      "rate_e": 0.8300780653953552,
      "rate_i": 9.15798568725586,
      "cv": 0.9173871874809265,
      "act": 0.0107421875,
      "f0": 0.0
    },
    {
      "ep": 7,
      "acc": 63.0,
      "loss": 1.7473913771765572,
      "test_loss": 1.6892514452338219,
      "test_rate_e": 0.6054296875,
      "test_rate_i": 2.314375,
      "lr": 0.002,
      "elapsed_s": 14.384916930999992,
      "train_compute_s": 12.232915837000007,
      "eval_s": 2.1492833030000043,
      "observe_s": 0.10367087800000263,
      "samples": 4000,
      "grad_norm": 0.11094984867506558,
      "grad_ratios": {
        "W_ff.0": 6.844623711988405e-05,
        "W_ff.1": 0.0006466715678601337
      },
      "skipped_steps": 0,
      "new_best": true,
      "rate_e": 0.8843315839767456,
      "rate_i": 14.53993034362793,
      "cv": 0.9488598704338074,
      "act": 0.0107421875,
      "f0": 0.0
    },
    {
      "ep": 8,
      "acc": 65.8,
      "loss": 1.6112049666662065,
      "test_loss": 1.568446472287178,
      "test_rate_e": 0.6591162109375,
      "test_rate_i": 3.75146484375,
      "lr": 0.002,
      "elapsed_s": 15.059633094000006,
      "train_compute_s": 12.891410954000008,
      "eval_s": 2.165487725999995,
      "observe_s": 0.10259963000001449,
      "samples": 4000,
      "grad_norm": 0.11379435622975939,
      "grad_ratios": {
        "W_ff.0": 7.844184281240422e-05,
        "W_ff.1": 0.0005778548803119856
      },
      "skipped_steps": 0,
      "new_best": true,
      "rate_e": 0.916883647441864,
      "rate_i": 20.59461784362793,
      "cv": 1.1109299659729004,
      "act": 0.01171875,
      "f0": 0.0
    },
    {
      "ep": 9,
      "acc": 68.7,
      "loss": 1.4912859031132288,
      "test_loss": 1.454118624329567,
      "test_rate_e": 0.72318359375,
      "test_rate_i": 5.8721875,
      "lr": 0.002,
      "elapsed_s": 14.535169781999997,
      "train_compute_s": 12.390969012,
      "eval_s": 2.141512041999988,
      "observe_s": 0.10214142799998172,
      "samples": 4000,
      "grad_norm": 0.10064449864957067,
      "grad_ratios": {
        "W_ff.0": 8.550823050499039e-05,
        "W_ff.1": 0.0005012698901782876
      },
      "skipped_steps": 0,
      "new_best": true,
      "rate_e": 0.965711772441864,
      "rate_i": 22.677949905395508,
      "cv": 1.0869879722595215,
      "act": 0.0107421875,
      "f0": 0.0
    },
    {
      "ep": 10,
      "acc": 71.0,
      "loss": 1.382268780753726,
      "test_loss": 1.3617456927895546,
      "test_rate_e": 0.7640087890625,
      "test_rate_i": 7.77400390625,
      "lr": 0.002,
      "elapsed_s": 14.396079977999989,
      "train_compute_s": 12.243929377,
      "eval_s": 2.149148843000006,
      "observe_s": 0.10291859500000555,
      "samples": 4000,
      "grad_norm": 0.10281352947155635,
      "grad_ratios": {
        "W_ff.0": 7.970417318465408e-05,
        "W_ff.1": 0.00045577357095804346
      },
      "skipped_steps": 0,
      "new_best": true,
      "rate_e": 1.0308159589767456,
      "rate_i": 24.86979103088379,
      "cv": 1.0096486806869507,
      "act": 0.01171875,
      "f0": 0.0
    },
    {
      "ep": 11,
      "acc": 72.7,
      "loss": 1.2920415950199915,
      "test_loss": 1.2792308554053307,
      "test_rate_e": 0.8022900390625,