{
  "slug": "nb040",
  "tier": "extra small",
  "duration_s": 19.8,
  "config": {
    "n_e": 1024,
    "n_in": 784,
    "n_classes": 10,
    "t_ms": 200.0,
    "dt": 0.1,
    "tau_m_ms": 20.0,
    "tau_out_ms": 20.0,
    "v_th": 1.0,
    "input_rate_hz": 80.0,
    "dynamics_input_rate_hz": 80.0,
    "max_samples": 200,
    "epochs": 2,
    "batch_size": 64,
    "lr": 0.002,
    "seed": 42
  },
  "dynamics": {
    "rate_e_hz": 1.083984375,
    "rate_i_hz": 30.29296875
  },
  "ping": {
    "model": "cuba-ping",
    "final_acc": 10.0,
    "final_rate_e_hz": 0.0010986328125,
    "final_rate_i_hz": 0.0,
    "epochs": [
      {
        "ep": 1,
        "acc": 10.0,
        "loss": 0.0,
        "test_loss": 2.3025593757629395,
        "test_rate_e": 0.0010986328125,
        "test_rate_i": 0.0,
        "lr": 0.002,
        "elapsed_s": 3.1883857079956215,
        "train_compute_s": 2.685564916988369,
        "eval_s": 0.500136708986247,
        "observe_s": 0.40504450001753867,
        "samples": 160,
        "grad_norm": 0.0,
        "grad_ratios": {
          "W_ff.0": NaN,
          "W_ff.1": 5.401851382258521e-05
        },
        "skipped_steps": 3,
        "new_best": true,
        "rate_e": 0.0,
        "rate_i": 0.0,
        "cv": 0.0,
        "act": 0.0,
        "f0": 0.0
      },
      {
        "ep": 2,
        "acc": 10.0,
        "loss": 0.0,
        "test_loss": 2.3025593757629395,
        "test_rate_e": 0.0010986328125,
        "test_rate_i": 0.0,
        "lr": 0.002,
        "elapsed_s": 3.0951851250138134,
        "train_compute_s": 2.621771624981193,
        "eval_s": 0.473394417000236,
        "observe_s": 0.4077449169999454,
        "samples": 160,
        "grad_norm": 0.0,
        "grad_ratios": {
          "W_ff.0": NaN,
          "W_ff.1": 4.498581212352232e-05
        },
        "skipped_steps": 3,
        "new_best": false,
        "rate_e": 0.0,
        "rate_i": 0.0,
        "cv": 0.0,
        "act": 0.0,
        "f0": 0.0
      }
    ]
  },
  "noping": {
    "model": "cuba-noping",
    "final_acc": 12.5,
    "final_rate_e_hz": 0.002197265625,
    "epochs": [
      {
        "ep": 1,
        "acc": 15.0,
        "loss": 2.3028085231781006,
        "test_loss": 2.3022069931030273,
        "test_rate_e": 0.0015869140625,
        "test_rate_i": 0.0,
        "lr": 0.002,
        "elapsed_s": 1.8896083750005346,
        "train_compute_s": 1.5827069160004612,
        "eval_s": 0.30538125001476146,
        "observe_s": 0.2188992080045864,
        "samples": 160,
        "grad_norm": 0.10069704055786133,
        "grad_ratios": {
          "W_ff.0": 9.961587647448608e-05,
          "W_ff.1": 1.7890443235682447e-05
        },
        "skipped_steps": 0,
        "new_best": true,
        "rate_e": 0.0,
        "rate_i": 0.0,
        "cv": 0.0,
        "act": 0.0,
        "f0": 0.0
      },
      {
        "ep": 2,
        "acc": 12.5,
        "loss": 2.30241068204244,
        "test_loss": 2.3019237518310547,
        "test_rate_e": 0.002197265625,
        "test_rate_i": 0.0,
        "lr": 0.002,
        "elapsed_s": 1.7859055830049329,
        "train_compute_s": 1.5069572080101352,
        "eval_s": 0.27892691700253636,
        "observe_s": 0.2182129170105327,
        "samples": 160,
        "grad_norm": 0.09884507705767949,
        "grad_ratios": {
          "W_ff.0": 9.706488466894172e-05,
          "W_ff.1": 1.9844422581717227e-05
        },
        "skipped_steps": 0,
        "new_best": false,
        "rate_e": 0.0,
        "rate_i": 0.0,
        "cv": 0.0,
        "act": 0.0,
        "f0": 0.0
      }
    ]
  },
  "final_acc": 10.0,
  "final_rate_e_hz": 0.0010986328125,
  "final_rate_i_hz": 0.0,
  "success_criteria": [
    {
      "label": "dynamics raster rendered",
      "passed": true,
      "detail": "E=1.1 Hz, I=30.3 Hz"
    },
    {
      "label": "CUBA-PING reaches above chance",
      "passed": false,
      "detail": "10.00%"
    },
    {
      "label": "CUBA-no-PING reaches above chance",
      "passed": false,
      "detail": "12.50%"
    },
    {
      "label": "no-PING E rate >> PING E rate",
      "passed": false,
      "detail": "PING=0.0 Hz, no-PING=0.0 Hz"
    }
  ]
}
