{
  "notebook_run_id": "r001",
  "duration_s": 0.33,
  "duration": "0s",
  "kind": "analytic",
  "config": {
    "N_pre": 1024,
    "r": 10.0,
    "J0": 1.0,
    "W0": 1.0
  },
  "input_scaling": {
    "sigma_strong_at_Kmax": 3.1622776601683795,
    "sigma_weak_at_Kmax": 0.0316227766016838,
    "sigma_ratio_strong_over_weak_at_Kmax": 99.99999999999999,
    "K_max": 10000.0
  },
  "weight_vs_sparsity": {
    "w_at_s0": 0.03125,
    "w_at_s099": 0.31249999999999983,
    "N_pre": 1024
  }
}
