{
  "evaluated_at": "2026-07-19T00:25:25.911+00:00",
  "checkpoint_sha256": "37e891616d2117cf9923146540aa351c55f744b3d5a5c260db34e1cd37a15b32",
  "n_total": 2264,
  "n_correct": 794,
  "accuracy_pct": 35.07067137809187,
  "cross_entropy": 2.3451720497212225,
  "macro_class_accuracy_pct": 34.63651498754997,
  "class_accuracy_pct": [
    17.475728155339805,
    7.4074074074074066,
    37.142857142857146,
    0.0,
    59.48275862068966,
    10.909090909090908,
    95.41284403669725,
    19.26605504587156,
    28.07017543859649,
    41.74757281553398,
    9.01639344262295,
    33.057851239669425,
    80.16528925619835,
    4.166666666666666,
    25.217391304347824,
    0.8928571428571428,
    25.423728813559322,
    31.40495867768595,
    95.9349593495935,
    70.53571428571429
  ],
  "seen_speaker_accuracy_pct": 38.67924528301887,
  "unseen_speaker_accuracy_pct": 34.23913043478261,
  "seen_count": 424,
  "unseen_count": 1840,
  "e_rate_hz": 28.44199460302562,
  "i_rate_hz": 0.0,
  "elapsed_s": 13.461988043040037,
  "peak_gpu_memory_bytes": 473444864,
  "official_test_sha256": "47d8621a092cb483bea9448a93c0a3375a6726d370045090c2f7a77f70f95df3"
}
