{
  "notebook_run_id": "r005",
  "git_sha": "ed141d7 (dirty)",
  "duration_s": 0.2,
  "duration": "0s",
  "tier": "extra small",
  "config": {
    "dataset": "mnist",
    "models": [
      "coba",
      "ping"
    ],
    "seeds": [
      42,
      43,
      44
    ],
    "epochs": 100,
    "t_ms": 200.0,
    "dt": 0.1
  },
  "final": {
    "coba__seed42": {
      "acc": 89.75,
      "rate_e": 77.27952880859375,
      "rate_i": 0.0
    },
    "coba__seed43": {
      "acc": 89.75,
      "rate_e": 76.979931640625,
      "rate_i": 0.0
    },
    "coba__seed44": {
      "acc": 90.5,
      "rate_e": 77.8059326171875,
      "rate_i": 0.0
    },
    "ping__seed42": {
      "acc": 88.25,
      "rate_e": 8.98297119140625,
      "rate_i": 40.13125
    },
    "ping__seed43": {
      "acc": 87.25,
      "rate_e": 9.06312255859375,
      "rate_i": 40.52490234375
    },
    "ping__seed44": {
      "acc": 88.0,
      "rate_e": 8.913623046875,
      "rate_i": 40.0806640625
    }
  }
}
