{
  "scan": "scan_2",
  "parameter": "e_to_e.w.mean",
  "scan_values": [
    0.0,
    0.00044444444444444447,
    0.0008888888888888889,
    0.0013333333333333335,
    0.0017777777777777779,
    0.0022222222222222222,
    0.002666666666666667,
    0.0031111111111111114,
    0.0035555555555555557,
    0.004
  ],
  "total_e_spikes": [
    5054,
    4974,
    4326,
    4174,
    3981,
    3882,
    3866,
    4056,
    4327,
    4713
  ],
  "lagged_coherence": [
    0.0,
    0.0,
    0.0,
    0.0,
    0.0,
    0.0,
    0.0,
    0.0,
    0.0,
    0.0
  ],
  "mean_pairwise_xcorr_peak": [
    0.005082752858088272,
    0.00692331975397064,
    0.027114448063409673,
    0.03682329114676824,
    0.06132525586647482,
    0.0740001057281781,
    0.11659885447331624,
    0.14709021176296105,
    0.16222088789031033,
    0.16999019378845204
  ],
  "coherence_peak": [
    0.02010694609285238,
    0.02719758167654986,
    0.033673648658572,
    0.043816946161633515,
    0.05806258956772319,
    0.07125716678373376,
    0.0994619276158867,
    0.13385128276120542,
    0.15298352019602476,
    0.17850152439230574
  ],
  "autocorr_peak": [
    0.1223476475155748,
    0.11452860443639623,
    0.32477216465842895,
    0.37792202704197797,
    0.5611695334961921,
    0.7212230634734808,
    0.8677321409316862,
    0.9058954052448615,
    0.9052483501187361,
    0.8831837319719453
  ]
}