{
  "scan": "scan_1",
  "parameter": "e_to_e.w.std",
  "scan_values": [
    0.0,
    0.0008888888888888889,
    0.0017777777777777779,
    0.002666666666666667,
    0.0035555555555555557,
    0.0044444444444444444,
    0.005333333333333334,
    0.006222222222222223,
    0.0071111111111111115,
    0.008
  ],
  "total_e_spikes": [
    5054,
    5006,
    4834,
    4371,
    4173,
    3965,
    3878,
    3853,
    3984,
    4079
  ],
  "lagged_coherence": [
    0.0,
    0.0,
    0.0,
    0.0,
    0.0,
    0.0,
    0.0,
    0.0,
    0.0,
    0.0
  ],
  "mean_pairwise_xcorr_peak": [
    0.005082752858088272,
    0.0057236017882456355,
    0.007644041111935931,
    0.02731591217939472,
    0.03898890019053131,
    0.05688132088966428,
    0.07321190105663214,
    0.10819126758826264,
    0.13552572850081476,
    0.1557582735007582
  ],
  "coherence_peak": [
    0.02010694609285238,
    0.026621362642403577,
    0.03810701646732213,
    0.036306985346848855,
    0.037349358824684945,
    0.06145104480493841,
    0.06719778690245584,
    0.09872928410159557,
    0.11239024474584142,
    0.13906549985850314
  ],
  "autocorr_peak": [
    0.1223476475155748,
    0.20547815876640652,
    0.3412191221021802,
    0.39520229857726624,
    0.4759588855935195,
    0.5590168372117651,
    0.6047018465766258,
    0.7970613279492412,
    0.8972568395047775,
    0.8949724739040295
  ]
}