{
  "mode": "train",
  "schema_version": 1,
  "model": "ping",
  "run_finished_at": "2026-07-19T07:30:50+00:00",
  "config": {
    "dt": 2.0,
    "t_ms": 1000.0,
    "epochs": 5,
    "lr": 0.0004,
    "weight_decay": 0.0,
    "input_rate": 25.0,
    "w_in": [
      0.9,
      0.09000000000000001
    ],
    "w_in_sparsity": 0.95,
    "ei_strength": 0.0,
    "ei_ratio": 2.0,
    "tau_gaba_ms": 9.0,
    "fr_reg_upper_theta": 0.0,
    "fr_reg_upper_strength": 0.0,
    "readout_w_out_scale": 225.0,
    "readout_mode": "mem-mean",
    "dales_law": true,
    "trainable_w_ee": false,
    "trainable_w_ei": false,
    "trainable_w_ie": false,
    "trainable_w_ii": false,
    "state_clamp": false,
    "seed": 42,
    "n_hidden": 256,
    "n_inh": 64,
    "n_in": 700,
    "max_samples": null,
    "dataset": "shd",
    "v_grad_dampen": 1.0,
    "batch_size": 32,
    "grad_clip": 1.0,
    "n_params": 286720,
    "n_trainable": 184320
  },
  "init": {
    "rate_e": 14.3828125,
    "rate_i": 0.0,
    "cv": 1.3419995307922363,
    "act": 1.0,
    "contrast": 0.1769107860673752,
    "f0_hz": null,
    "lobe_lag_ms": 1.0,
    "trough_lag_ms": 7.0,
    "iei_mode_lag_ms": 0.5,
    "lobe_to_trough": 1.4298702572522266
  },
  "epochs": [
    {
      "ep": 1,
      "acc": 13.848039215686274,
      "loss": 2.8850916561873063,
      "test_loss": 2.7474699845680823,
      "test_rate_e": 13.248003791360293,
      "test_rate_i": 0.0,
      "test_margin": -0.34303749893225877,
      "test_confidence": 0.069405104599747,
      "test_logit_scale": 15.118028322855631,
      "lr": 0.0004,
      "elapsed_s": 56.22800521500176,
      "train_compute_s": 52.8377234399959,
      "eval_s": 3.388466038974002,
      "observe_s": 0.09199953800998628,
      "samples": 7340,
      "grad_norm": 88.5940055847168,
      "grad_norm_max": 156.7178955078125,
      "grad_ratios": {
        "W_ff.0": 33.18699748183604,
        "W_ff.1": 0.0001107926559335095
      },
      "grad_norms": {
        "W_ff.0": 88.59399387525475,
        "W_ff.1": 0.043536186550298464
      },
      "weight_norms": {
        "W_ff.0": 2.9539272785186768,
        "W_ff.1": 392.9666442871094
      },
      "skipped_steps": 0,
      "nan_forward_batches": 0,
      "new_best": true,
      "gnorm__W_ff.0": 88.59399387525475,
      "gnorm__W_ff.1": 0.043536186550298464,
      "rate_e": 15.45703125,
      "rate_i": 0.0,
      "cv": 1.1524450778961182,
      "act": 0.98828125,
      "contrast": 0.09261753826806379,
      "f0_hz": null,
      "lobe_lag_ms": 1.0,
      "trough_lag_ms": 6.0,
      "iei_mode_lag_ms": 0.5,
      "lobe_to_trough": 1.2041422270632895
    },
    {
      "ep": 2,
      "acc": 17.034313725490197,
      "loss": 2.7193469161572663,
      "test_loss": 2.703446764212388,
      "test_rate_e": 13.346416398590685,
      "test_rate_i": 0.0,
      "test_margin": -0.3209894065763436,
      "test_confidence": 0.07308108578709994,
      "test_logit_scale": 15.253735523597866,
      "lr": 0.0004,
      "elapsed_s": 46.24737785701291,
      "train_compute_s": 43.99267066799803,
      "eval_s": 2.254252087994246,
      "observe_s": 0.09036046202527359,
      "samples": 7340,
      "grad_norm": 99.73340570201044,
      "grad_norm_max": 205.27503967285156,
      "grad_ratios": {
        "W_ff.0": 30.81546424736826,
        "W_ff.1": 0.00010303544660330001
      },
      "grad_norms": {
        "W_ff.0": 99.73339727650519,
        "W_ff.1": 0.04049154331340738
      },
      "weight_norms": {
        "W_ff.0": 3.512444257736206,
        "W_ff.1": 393.0022277832031
      },
      "skipped_steps": 0,
      "nan_forward_batches": 0,
      "new_best": true,
      "gnorm__W_ff.0": 99.73339727650519,
      "gnorm__W_ff.1": 0.04049154331340738,
      "rate_e": 15.53515625,
      "rate_i": 0.0,
      "cv": 1.1236834526062012,
      "act": 0.98828125,
      "contrast": 0.11423268123344772,
      "f0_hz": null,
      "lobe_lag_ms": 1.0,
      "trough_lag_ms": 6.0,
      "iei_mode_lag_ms": 0.5,
      "lobe_to_trough": 1.257929320292645
    },
    {
      "ep": 3,
      "acc": 22.916666666666668,
      "loss": 2.682680138297703,
      "test_loss": 2.6837316751480103,
      "test_rate_e": 13.693402458639707,
      "test_rate_i": 0.0,
      "test_margin": -0.18921736759297988,
      "test_confidence": 0.07347333664987601,
      "test_logit_scale": 15.648492345622941,
      "lr": 0.0004,
      "elapsed_s": 45.687152992002666,
      "train_compute_s": 43.414724799018586,
      "eval_s": 2.2719488959992304,
      "observe_s": 0.09232408498064615,
      "samples": 7340,
      "grad_norm": 98.74582851244055,
      "grad_norm_max": 137.711669921875,
      "grad_ratios": {
        "W_ff.0": 26.50925763861144,
        "W_ff.1": 0.00010561798886302102
      },
      "grad_norms": {
        "W_ff.0": 98.74581968887992,
        "W_ff.1": 0.04151028028648832
      },
      "weight_norms": {
        "W_ff.0": 3.9506263732910156,
        "W_ff.1": 393.0400390625
      },
      "skipped_steps": 0,
      "nan_forward_batches": 0,
      "new_best": true,
      "gnorm__W_ff.0": 98.74581968887992,
      "gnorm__W_ff.1": 0.04151028028648832,
      "rate_e": 16.015625,
      "rate_i": 0.0,
      "cv": 1.0927536487579346,
      "act": 0.9921875,
      "contrast": 0.10153097769744175,
      "f0_hz": null,
      "lobe_lag_ms": 1.0,
      "trough_lag_ms": 6.0,
      "iei_mode_lag_ms": 0.5,
      "lobe_to_trough": 1.226008855457793
    },
    {
      "ep": 4,
      "acc": 19.24019607843137,
      "loss": 2.663779340619626,
      "test_loss": 2.6826248994240394,
      "test_rate_e": 14.028028301164216,
      "test_rate_i": 0.0,
      "test_margin": -0.3016893559811162,
      "test_confidence": 0.0752707500668133,
      "test_logit_scale": 16.04093516106699,
      "lr": 0.0004,
      "elapsed_s": 46.340341860981425,
      "train_compute_s": 44.041472469019936,
      "eval_s": 2.2988079269998707,
      "observe_s": 0.09164368500933051,
      "samples": 7340,
      "grad_norm": 98.77234317945397,
      "grad_norm_max": 180.14083862304688,
      "grad_ratios": {
        "W_ff.0": 23.94981065101506,
        "W_ff.1": 0.00010774681921907335
      },
      "grad_norms": {
        "W_ff.0": 98.77233422320822,
        "W_ff.1": 0.04235089954960605
      },
      "weight_norms": {
        "W_ff.0": 4.297133445739746,
        "W_ff.1": 393.0735778808594
      },
      "skipped_steps": 0,
      "nan_forward_batches": 0,
      "new_best": false,
      "gnorm__W_ff.0": 98.77233422320822,
      "gnorm__W_ff.1": 0.04235089954960605,
      "rate_e": 16.4765625,
      "rate_i": 0.0,
      "cv": 1.061137318611145,
      "act": 1.0,
      "contrast": 0.09189258948056402,
      "f0_hz": null,
      "lobe_lag_ms": 1.0,
      "trough_lag_ms": 7.0,
      "iei_mode_lag_ms": 0.5,
      "lobe_to_trough": 1.2023826442028518
    },
    {
      "ep": 5,
      "acc": 23.529411764705884,
      "loss": 2.6541290096614674,
      "test_loss": 2.6777606193835917,
      "test_rate_e": 14.224446614583334,
      "test_rate_i": 0.0,
      "test_margin": -0.29220849976820107,
      "test_confidence": 0.07561442518935484,
      "test_logit_scale": 16.233021867041494,
      "lr": 0.0004,
      "elapsed_s": 45.92475500202272,
      "train_compute_s": 43.63740854198113,
      "eval_s": 2.2868552209984045,
      "observe_s": 0.09169929899508134,
      "samples": 7340,
      "grad_norm": 96.29752014823582,
      "grad_norm_max": 185.83937072753906,
      "grad_ratios": {
        "W_ff.0": 21.648326612574635,
        "W_ff.1": 0.00010745206437648972
      },
      "grad_norms": {
        "W_ff.0": 96.29751132467518,
        "W_ff.1": 0.04223807363406472
      },
      "weight_norms": {
        "W_ff.0": 4.580451488494873,
        "W_ff.1": 393.1033630371094
      },
      "skipped_steps": 0,
      "nan_forward_batches": 0,
      "new_best": true,
      "gnorm__W_ff.0": 96.29751132467518,
      "gnorm__W_ff.1": 0.04223807363406472,
      "rate_e": 16.68359375,
      "rate_i": 0.0,
      "cv": 1.0430821180343628,