{
  "evaluated_at": "2026-07-19T00:25:30.967+00:00",
  "checkpoint_sha256": "f9e83cc17b89b85eab7b9ed371719067e38d21c46dbccc7458e33ce66e31ecc8",
  "n_total": 2264,
  "n_correct": 1035,
  "accuracy_pct": 45.71554770318021,
  "cross_entropy": 2.055464746252808,
  "macro_class_accuracy_pct": 45.46750608754954,
  "class_accuracy_pct": [
    27.184466019417474,
    29.629629629629626,
    22.857142857142858,
    34.31372549019608,
    87.93103448275862,
    44.54545454545455,
    83.4862385321101,
    20.18348623853211,
    90.35087719298247,
    70.87378640776699,
    23.770491803278688,
    37.1900826446281,
    54.54545454545454,
    53.333333333333336,
    11.304347826086957,
    14.285714285714285,
    37.28813559322034,
    20.66115702479339,
    99.1869918699187,
    46.42857142857143
  ],
  "seen_speaker_accuracy_pct": 44.10377358490566,
  "unseen_speaker_accuracy_pct": 46.08695652173913,
  "seen_count": 424,
  "unseen_count": 1840,
  "e_rate_hz": 10.497430915967314,
  "i_rate_hz": 47.98775673586572,
  "elapsed_s": 13.677659152075648,
  "peak_gpu_memory_bytes": 473444864,
  "official_test_sha256": "47d8621a092cb483bea9448a93c0a3375a6726d370045090c2f7a77f70f95df3"
}
