{
  "notebook_run_id": "r039",
  "duration_s": 62.5,
  "duration": "1m 02s",
  "config": {
    "model": "ping",
    "input": "mnist d0 s0",
    "cells": [
      "coba",
      "ping"
    ],
    "t_ms": 400,
    "dt_ms": 0.1,
    "input_rate_hz": 50,
    "modal_gpu": null
  },
  "f_gamma_hz": {
    "coba": null,
    "ping": 32.184559871906295
  },
  "fi_curves": {
    "coba": {
      "in": [
        2,
        5,
        10,
        20,
        40,
        70,
        100
      ],
      "e": [
        2.3768997192382812,
        24.92969512939453,
        71.4095687866211,
        155.38223266601562,
        275.7650375366211,
        400.6330871582031,
        480.8994674682617
      ],
      "i": [
        0.0,
        0.0,
        0.0,
        0.0,
        0.0,
        0.0,
        0.0
      ]
    },
    "ping": {
      "in": [
        2,
        5,
        10,
        20,
        40,
        70,
        100
      ],
      "e": [
        2.3450469970703125,
        2.3199081420898438,
        2.8759002685546875,
        3.913421630859375,
        5.521049499511719,
        7.404518127441406,
        8.619499206542969
      ],
      "i": [
        0.103607177734375,
        15.893402099609375,
        24.671173095703125,
        33.2110595703125,
        44.568634033203125,
        60.039215087890625,
        74.71298217773438
      ]
    }
  },
  "results": []
}
