{
  "notebook_run_id": "r045",
  "duration_s": 59.8,
  "duration": "1m 00s",
  "config": {
    "model": "ping",
    "input": "mnist d0 s0",
    "cells": [
      "coba",
      "ping"
    ],
    "t_ms": 400,
    "dt_ms": 0.1,
    "input_rate_hz": 50,
    "modal_gpu": null
  },
  "f_gamma_hz": {
    "coba": null,
    "ping": 32.184559871906295
  },
  "fi_curves": {
    "coba": {
      "in": [
        2,
        5,
        10,
        20,
        40,
        70,
        100
      ],
      "e": [
        2.3863601684570312,
        24.726943969726562,
        72.08755493164062,
        154.49851989746094,
        279.4356918334961,
        398.75606536865234,
        480.018310546875
      ],
      "i": [
        0.0,
        0.0,
        0.0,
        0.0,
        0.0,
        0.0,
        0.0
      ]
    },
    "ping": {
      "in": [
        2,
        5,
        10,
        20,
        40,
        70,
        100
      ],
      "e": [
        2.3183059692382812,
        2.3348236083984375,
        2.8674697875976562,
        3.8882827758789062,
        5.5211639404296875,
        7.3805999755859375,
        8.616561889648438
      ],
      "i": [
        0.060882568359375,
        15.9100341796875,
        24.463348388671875,
        33.089141845703125,
        44.155120849609375,
        59.726104736328125,
        73.53515625
      ]
    }
  },
  "results": []
}
