{
  "notebook_run_id": "r040",
  "duration_s": 62.3,
  "duration": "1m 02s",
  "config": {
    "model": "ping",
    "input": "mnist d0 s0",
    "cells": [
      "coba",
      "ping"
    ],
    "t_ms": 400,
    "dt_ms": 0.1,
    "input_rate_hz": 50,
    "modal_gpu": null
  },
  "f_gamma_hz": {
    "coba": null,
    "ping": 32.184559871906295
  },
  "fi_curves": {
    "coba": {
      "in": [
        2,
        5,
        10,
        20,
        40,
        70,
        100
      ],
      "e": [
        2.3468399047851562,
        24.911575317382812,
        72.05387115478516,
        153.9490509033203,
        278.02745819091797,
        401.7692565917969,
        481.8449401855469
      ],
      "i": [
        0.0,
        0.0,
        0.0,
        0.0,
        0.0,
        0.0,
        0.0
      ]
    },
    "ping": {
      "in": [
        2,
        5,
        10,
        20,
        40,
        70,
        100
      ],
      "e": [
        2.3126220703125,
        2.3559951782226562,
        2.8709030151367188,
        3.9436721801757812,
        5.5162811279296875,
        7.386932373046875,
        8.650550842285156
      ],
      "i": [
        0.1324462890625,
        15.919036865234375,
        24.4805908203125,
        33.694610595703125,
        44.517059326171875,
        59.893341064453125,
        73.25881958007812
      ]
    }
  },
  "results": []
}
