{
  "run_id": "r002",
  "git_sha": "768af93",
  "duration_s": 4.7,
  "duration": "5s",
  "result_status": "killed",
  "stage": "short_candidate",
  "attempt": "temporal_2ms",
  "seed": 42,
  "promotion_accuracy_gain_pp": 3.0,
  "cells": {
    "coba": {
      "epoch": 5,
      "validation_accuracy_pct": 23.529411764705884,
      "validation_cross_entropy": 2.6777606193835917,
      "validation_e_rate_hz": 14.224446614583334,
      "validation_i_rate_hz": 0.0,
      "gradient_norm": 96.29752014823582,
      "saturation_threshold_hz": 475.0,
      "skipped_steps": 0,
      "nan_forward_batches": 0,
      "exp069_epoch_five_accuracy_pct": 27.941176470588236,
      "exp069_epoch_five_cross_entropy": 2.472071592624371,
      "accuracy_gain_pp": -4.4117647058823515,
      "cross_entropy_change": 0.20568902675922063,
      "clears_promotion_gate": false
    },
    "ping": {
      "epoch": 5,
      "validation_accuracy_pct": 27.69607843137255,
      "validation_cross_entropy": 2.592463099039518,
      "validation_e_rate_hz": 6.612462660845588,
      "validation_i_rate_hz": 29.10665594362745,
      "gradient_norm": 0.2127902693722559,
      "saturation_threshold_hz": 475.0,
      "skipped_steps": 0,
      "nan_forward_batches": 0,
      "exp069_epoch_five_accuracy_pct": 32.59803921568628,
      "exp069_epoch_five_cross_entropy": 2.444715765806345,
      "accuracy_gain_pp": -4.901960784313729,
      "cross_entropy_change": 0.1477473332331729,
      "clears_promotion_gate": false
    }
  },
  "split": {
    "development_train_count": 7340,
    "validation_count": 816,
    "train_indices_sha256": "2fee22abaf3629ec1d10179847380b2829968d748fea60607b8f7bb2e3b1de71",
    "validation_indices_sha256": "5b9f014ae3a4ab48b6586e7d014b8cdbd73b182c4c9cba2b9492ba203cd4ee3a"
  },
  "input_audit": {
    "source_sha256": "2bddb4bd46732f09982b7d1631b7c29c19853c73d3d240e3eb32bba909bdd6c1",
    "source_sample_count": 8156,
    "source_event_count": 63993588,
    "events_at_or_after_window": 10941,
    "events_at_or_after_window_pct": 0.017097025408233088,
    "samples_with_events_at_or_after_window": 275,
    "samples_with_events_at_or_after_window_pct": 3.3717508582638547,
    "collision_audit_selection": "every eighth development utterance from index zero",
    "collision_audit_sample_count": 1020,
    "collision_audit_event_count": 8005618,
    "same_channel_bin_collision_event_count": 7522,
    "same_channel_bin_collision_pct": 0.09395901728011503,
    "candidate_dt_ms": 2.0,
    "window_ms": 1000.0
  },
  "config": {
    "seed": 42,
    "epochs": 5,
    "validation_fraction": 0.1,
    "models": [
      "coba",
      "ping"
    ],
    "n_hidden": 256,
    "n_inhibitory": 64,
    "batch_size": 32,
    "learning_rate": 0.0004,
    "input_weight_mean": 0.9,
    "input_sparsity": 0.95,
    "readout_scale": 225.0,
    "readout": "mem-mean",
    "dt_ms": 2.0,
    "t_ms": 1000.0,
    "raster_positions": [
      9,
      39,
      40
    ],
    "recipes": {
      "coba": {
        "ei_strength": 0.0,
        "v_grad_dampen": 1.0
      },
      "ping": {
        "ei_strength": 1.0,
        "v_grad_dampen": 1000.0
      }
    },
    "experiment": "exp070",
    "attempt": "temporal_2ms"
  },
  "integrity": {
    "official_test_access": "forbidden and absent from runner",
    "matched_partitions": true,
    "selection_rule": "max validation accuracy; tie lower validation cross-entropy; tie earlier epoch"
  },
  "runpod": {
    "active_pods_after_collection": 0,
    "billing_method": "authoritative RunPod per-pod billing history after self-termination; provider amounts and billed milliseconds recorded without pod identifiers",
    "reconciled_at": "2026-07-19T08:32:58Z",
    "cells": {
      "coba": {
        "gpu": "RTX 5090",
        "hourly_rate_usd": 0.99,
        "provider_billed_ms": 453684,
        "spend_usd": 0.12511032167822123
      },
      "ping": {
        "gpu": "RTX 5090",
        "hourly_rate_usd": 0.99,
        "provider_billed_ms": 456690,
        "spend_usd": 0.12593696918338537
      }
    },
    "currency": "USD",
    "total_spend_usd": 0.2510472908616066
  }
}
