{
  "notebook_run_id": "r001",
  "duration_s": 19.528069916996174,
  "duration": "0m 19s",
  "tier": "medium",
  "config": {
    "source": "untrained PING networks, constant Poisson input",
    "dt_ms": 0.25,
    "sim_ms": 1000.0,
    "burn_ms": 100.0,
    "n_e": 256,
    "n_in": 200,
    "input_rate_hz": 100.0,
    "max_lag_ms": 100.0,
    "bin_ms": 1.0
  },
  "grid": {
    "wei_mean": [
      0.0,
      0.5,
      1.0,
      1.5,
      2.0,
      2.5
    ],
    "wie_mean": [
      0.0,
      1.0,
      2.0,
      3.0,
      4.0,
      5.0
    ],
    "contrast": [
      [
        0.006254614949751997,
        0.006254614949751997,
        0.006254614949751997,
        0.006254614949751997,
        0.006254614949751997,
        0.006254614949751997
      ],
      [
        0.006254614949751997,
        0.7961810764698083,
        0.9903597847525769,
        0.9681705048960503,
        0.9920543518054077,
        0.9627840171177685
      ],
      [
        0.006254614949751997,
        0.9715548020024164,
        0.997527715581115,
        1.0,
        1.0,
        1.0
      ],
      [
        0.006254614949751997,
        0.8825440246992527,
        1.0,
        1.0,
        0.9979009005704763,
        1.0
      ],
      [
        0.006254614949751997,
        0.8919757074553417,
        1.0,
        1.0,
        1.0000000000000004,
        1.0
      ],
      [
        0.006254614949751997,
        0.9445992555594227,
        1.0,
        1.0,
        1.0,
        1.0
      ]
    ],
    "rate_e_hz": [
      [
        90.69010925292969,
        90.69010925292969,
        90.69010925292969,
        90.69010925292969,
        90.69010925292969,
        90.69010925292969
      ],
      [
        90.69010925292969,
        12.964409828186035,
        6.271701335906982,
        4.44444465637207,
        3.5460071563720703,
        2.8125
      ],
      [
        90.69010925292969,
        10.572916984558105,
        5.2213544845581055,
        3.4982640743255615,
        2.816840410232544,
        2.313368082046509
      ],
      [
        90.69010925292969,
        10.18663215637207,
        4.6744794845581055,
        3.363715410232544,
        2.6171875,
        2.118055582046509
      ],
      [
        90.69010925292969,
        9.700521469116211,
        4.461805820465088,
        2.964409828186035,
        2.3177084922790527,
        1.8880208730697632
      ],
      [
        90.69010925292969,
        9.18836784362793,
        4.1796875,
        2.899305582046509,
        2.261284828186035,
        1.875
      ]
    ],
    "rate_i_hz": [
      [
        0.0,
        305.2083435058594,
        448.2986145019531,
        516.1632080078125,
        566.0416870117188,
        574.0798950195312
      ],
      [
        0.0,
        21.736112594604492,
        28.80208396911621,
        31.822917938232422,
        33.22916793823242,
        32.083335876464844
      ],
      [
        0.0,
        17.760417938232422,
        23.26388931274414,
        24.91319465637207,
        26.09375,
        26.267362594604492
      ],
      [
        0.0,
        14.791666984558105,
        21.510417938232422,
        23.02083396911621,
        22.58680534362793,
        24.28819465637207
      ],
      [
        0.0,
        14.010416984558105,
        19.6875,
        22.135417938232422,
        21.579862594604492,
        20.83333396911621
      ],
      [
        0.0,
        12.63888931274414,
        19.56597328186035,
        20.416667938232422,
        21.07638931274414,
        21.92708396911621
      ]
    ],
    "rate_e_min_hz": 1.875,
    "rate_e_max_hz": 90.69010925292969
  },
  "rate_invariance": {
    "null_floor_hz": 5.0,
    "scan_rate_hz": [
      0.0477430559694767,
      0.6076388955116272,
      2.3697917461395264,
      5.2213544845581055,
      13.680556297302246,
      28.680557250976562,
      52.222225189208984,
      90.69010925292969
    ],
    "scan_contrast": [
      1.0,
      0.2685648413622704,
      0.1399918269781206,
      0.07920878863483145,
      0.061739070410417735,
      0.02556060102278396,
      0.02267368074870794,
      0.006254614949751997
    ]
  },
  "corrected": {
    "contrast": [
      [
        0.0,
        0.0,
        0.0,
        0.0,
        0.0,
        0.0
      ],
      [
        0.0,
        0.7329630394500326,
        0.91332014445315,
        0.8724013442098927,
        0.8771343724205058,
        0.8322288237464592
      ],
      [
        0.0,
        0.9033979176730824,
        0.9183189269462835,
        0.8840623436944532,
        0.8695373254844171,
        0.8558912994076222
      ],
      [
        0.0,
        0.8135893952336567,
        0.909134191287672,
        0.8811943455619136,
        0.8631824857429183,
        0.8416405964320227
      ],
      [
        0.0,
        0.8220171751487658,
        0.9046009045726329,
        0.8726828700200209,
        0.8562079913603459,
        0.8248564361160875
      ],
      [
        0.0,
        0.873583037229632,
        0.898587356822432,
        0.8712951278405855,
        0.8520911177460883,
        0.8239063863517346
      ]
    ]
  }
}