{
  "notebook_run_id": "r001",
  "duration_s": 1.1718178340233862,
  "duration": "0m 01s",
  "tier": "medium",
  "config": {
    "source": "single non-homogeneous Poisson spike train",
    "t_ms": 120000.0,
    "n_seeds": 4,
    "n_m": 11,
    "dt_ms": 0.25,
    "lambda0_hz": 20.0,
    "f_stationary_hz": 40.0,
    "f_drift_hz": [
      30.0,
      55.0
    ],
    "max_lag_ms": 100.0,
    "bin_ms": 1.0
  },
  "m_values": [
    0.0,
    0.1,
    0.2,
    0.30000000000000004,
    0.4,
    0.5,
    0.6000000000000001,
    0.7000000000000001,
    0.8,
    0.9,
    1.0
  ],
  "spectrum": {
    "stationary": {
      "lobe_to_trough": {
        "mean": [
          1.0249769600844045,
          1.0646424389032048,
          1.0044350846167411,
          1.002244293923841,
          1.0164868191426246,
          1.014484825148742,
          1.1401305238474,
          1.5881511993693609,
          1.946620906008547,
          2.302294101731754,
          2.759749599213228
        ],
        "std": [
          0.05715795467355946,
          0.06858610405710663,
          0.03691410585653812,
          0.03992780335534009,
          0.05506417856861056,
          0.11608566231793518,
          0.20175434079351443,
          0.3417557946886577,
          0.5019516448083251,
          0.7145753229116765,
          0.7262823569154317
        ]
      },
      "iei_anchored": {
        "mean": [
          0.9603059441008802,
          0.9369265391291688,
          0.9390824226662615,
          0.9683665659247283,
          1.0157240679045927,
          1.0757620277437763,
          1.1530261240561173,
          1.21845041877674,
          1.2731163467322524,
          1.3153806898805127,
          1.4032255683607646
        ],
        "std": [
          0.13425197301717773,
          0.020809736581074503,
          0.08278188986421475,
          0.2473080109657058,
          0.060293535022732526,
          0.08625518180870113,
          0.10235123429503336,
          0.1361544927715394,
          0.1255893438212586,
          0.11145003806449406,
          0.14822260710433613
        ]
      },
      "psd_snr": {
        "mean": [
          13.688527096718657,
          16.87114221637264,
          36.63895353252129,
          81.58553016760848,
          146.4222704348658,
          225.6426531182298,
          315.84222679162104,
          421.0974551949318,
          555.6613227744272,
          694.5543965704887,
          861.0690703258226
        ],
        "std": [
          2.8963355895525797,
          2.594925555885543,
          11.313433271364794,
          10.648652442782083,
          11.426562746485246,
          10.198579693666453,
          19.616547504014015,
          11.734185552714193,
          13.988213417555594,
          28.847487603527632,
          30.799230900322524
        ]
      }
    },
    "drifting": {
      "lobe_to_trough": {
        "mean": [
          1.0249769600844045,
          1.0288578827206152,
          1.0432970398840367,
          1.0351049913512373,
          1.2190731290503571,
          1.404926614582473,
          1.604081327736572,
          1.795733731335772,
          2.1794085269186088,
          2.663449343934531,
          3.3152482731667727
        ],
        "std": [
          0.05715795467355946,
          0.06181332259142428,
          0.061517914520529064,
          0.09378109193042214,
          0.12465866964233242,
          0.3212880997586109,
          0.4311301265704322,
          0.4656269533678855,
          0.6058323796818047,
          0.8021215914371991,
          0.8557159503523566
        ]
      },
      "iei_anchored": {
        "mean": [
          0.9603059441008802,
          0.9428378211297591,
          0.947378286856412,
          0.9543276277929622,
          0.9819387808169184,
          1.0229623945010327,
          1.1380241407337148,
          1.2073381652840902,
          1.2637546956386057,
          1.3135295694299265,
          1.4014412282602267
        ],
        "std": [
          0.13425197301717773,
          0.08372105413707276,
          0.03612038151113572,
          0.06602629744558895,
          0.13537458193342586,
          0.11875220184868236,
          0.1549955768086473,
          0.19213085205217686,
          0.21680719934325118,
          0.25172799490196235,
          0.11342371422447028
        ]
      },
      "psd_snr": {
        "mean": [
          13.688527096718657,
          14.506569492350195,
          13.37690535730889,
          12.863188829807314,
          13.016050493084915,
          13.275777959511828,
          13.257567084645581,
          13.404159870442957,
          13.130116489958537,
          13.445435943231718,
          12.751922825652827
        ],
        "std": [
          2.8963355895525797,
          2.129879048880395,
          1.169171918307782,
          1.4628121990869232,
          2.166740792820684,
          0.8692753586698151,
          1.5403466464123736,
          1.4915033331282765,
          1.7988200788551114,
          1.4262172490278975,
          0.613198175769722
        ]
      }
    }
  },
  "references": {
    "flat": {
      "lobe_to_trough": 1.0249769600844045,
      "iei_anchored": 0.9603059441008802,
      "psd_snr": 13.688527096718657
    },
    "stationary": {
      "lobe_to_trough": 2.759749599213228,
      "iei_anchored": 1.4032255683607646,
      "psd_snr": 861.0690703258226
    },
    "drifting": {
      "lobe_to_trough": 3.3152482731667727,
      "iei_anchored": 1.4014412282602267,
      "psd_snr": 12.751922825652827
    }
  }
}