{
  "notebook_run_id": "r001",
  "duration_s": 56.098279542056844,
  "duration": "0m 56s",
  "tier": "medium",
  "config": {
    "source": "untrained PING networks, private per-cell Poisson input",
    "dt_ms": 0.25,
    "sim_ms": 1000.0,
    "burn_ms": 100.0,
    "n_e": 256,
    "input_rate_hz": 100.0,
    "private_w_in": 0.5,
    "max_lag_ms": 100.0,
    "bin_ms": 1.0
  },
  "grid": {
    "wei_mean": [
      0.0,
      0.3,
      0.6,
      0.9,
      1.2,
      1.5,
      1.8,
      2.1,
      2.4,
      2.7,
      3.0
    ],
    "wie_mean": [
      0.0,
      0.6,
      1.2,
      1.8,
      2.4,
      3.0,
      3.6,
      4.2,
      4.8,
      5.4,
      6.0
    ],
    "contrast": [
      [
        0.0012361455289563333,
        0.0012361455289563333,
        0.0012361455289563333,
        0.0012361455289563333,
        0.0012361455289563333,
        0.0012361455289563333,
        0.0012361455289563333,
        0.0012361455289563333,
        0.0012361455289563333,
        0.0012361455289563333,
        0.0012361455289563333
      ],
      [
        0.0012361455289563333,
        0.06872512857683913,
        0.020769174926668358,
        0.022953682770333682,
        0.013919641080983923,
        0.01625389312637527,
        0.014436806630814085,
        0.02696219688197344,
        0.03331631792876023,
        0.026823637003024172,
        0.029746815381458194
      ],
      [
        0.0012361455289563333,
        0.2016375357965449,
        0.05931097285001865,
        0.09577217550353578,
        0.13087534369983891,
        0.17743757566386703,
        0.22386860323721738,
        0.2525232664534156,
        0.24690837644690183,
        0.2321620680951804,
        0.22142346138610003
      ],
      [
        0.0012361455289563333,
        0.3178708245705094,
        0.15626462988757595,
        0.23346449966867963,
        0.32557321286895957,
        0.37434687636293185,
        0.4342476568519099,
        0.40761654843053724,
        0.4867957093166428,
        0.5577428155885468,
        0.5631868356562949
      ],
      [
        0.0012361455289563333,
        0.41360762759411407,
        0.2807669159062144,
        0.306247047410467,
        0.47589396191074423,
        0.5326822148453157,
        0.5964734174343096,
        0.6152738889227427,
        0.6639567889217312,
        0.5936953229192357,
        0.683472394698669
      ],
      [
        0.0012361455289563333,
        0.4766005197219545,
        0.3630559323269666,
        0.49390451078518793,
        0.5376504514293504,
        0.6225988557035234,
        0.6828545347250923,
        0.7634545543063503,
        0.6871560199310097,
        0.7188488798010776,
        0.8023100532221298
      ],
      [
        0.0012361455289563333,
        0.5807284499535923,
        0.3864876471894529,
        0.5639596603007326,
        0.6042476328481291,
        0.675808433361911,
        0.7742878267924121,
        0.8294451984684561,
        0.7859806142943822,
        0.8514070475086575,
        0.7963807024658203
      ],
      [
        0.0012361455289563333,
        0.5859468800514364,
        0.4194798451768663,
        0.6638135211990481,
        0.7064226581344369,
        0.7443810672901314,
        0.7876701783035137,
        0.7944344929538424,
        0.897702412906014,
        0.8633254947232947,
        0.8500345563269361
      ],
      [
        0.0012361455289563333,
        0.6167503333312263,
        0.4793200581899584,
        0.6922939499642549,
        0.7915304795989816,
        0.8803539347845621,
        0.8787574013848232,
        0.8515902297835567,
        0.9049729272969439,
        0.8644573674945839,
        0.8495467973257619
      ],
      [
        0.0012361455289563333,
        0.6823081634757902,
        0.5496487988090624,
        0.7071384428213533,
        0.8314809995167427,
        0.7255492005291425,
        0.9356710699940155,
        0.8789672898099364,
        0.9346109013826897,
        0.8626689171632121,
        0.9577693600635032
      ],
      [
        0.0012361455289563333,
        0.6975566557641156,
        0.5765160190336287,
        0.6638734290448915,
        0.7695044138989121,
        0.9284810205076065,
        0.8697948742468976,
        0.8583400666063136,
        0.9053357952233801,
        0.9087871169362193,
        0.9007826320352398
      ]
    ],
    "rate_e_hz": [
      [
        94.85243225097656,
        94.85243225097656,
        94.85243225097656,
        94.85243225097656,
        94.85243225097656,
        94.85243225097656,
        94.85243225097656,
        94.85243225097656,
        94.85243225097656,
        94.85243225097656,
        94.85243225097656
      ],
      [
        94.85243225097656,
        45.481773376464844,
        26.484375,
        19.47048568725586,
        15.69444465637207,
        13.237847328186035,
        11.440972328186035,
        10.13888931274414,
        9.140625,
        8.333333969116211,
        7.673611164093018
      ],
      [
        94.85243225097656,
        35.99826431274414,
        22.135417938232422,
        15.22569465637207,
        11.78819465637207,
        9.644097328186035,
        8.25086784362793,
        7.21788215637207,
        6.4453125,
        5.837673664093018,
        5.355903148651123
      ],
      [
        94.85243225097656,
        30.98958396911621,
        19.2578125,
        13.03819465637207,
        9.978299140930176,
        8.081597328186035,
        6.90538215637207,
        6.1197919845581055,
        5.347222328186035,
        4.826388835906982,
        4.474826335906982
      ],
      [
        94.85243225097656,
        27.877605438232422,
        16.91840362548828,
        11.81857681274414,
        8.802083969116211,
        7.1484375,
        6.015625,
        5.282118320465088,
        4.71788215637207,
        4.2838544845581055,
        3.9670140743255615
      ],
      [
        94.85243225097656,
        26.42795181274414,
        15.633681297302246,
        10.559896469116211,
        8.012152671813965,
        6.575520992279053,
        5.551215648651123,
        4.761284828186035,
        4.262152671813965,
        3.9192709922790527,
        3.524305582046509
      ],
      [
        94.85243225097656,
        24.44878578186035,
        15.125868797302246,
        9.848090171813965,
        7.556423664093018,
        5.980903148651123,
        5.086805820465088,
        4.453125,
        3.9973959922790527,
        3.5460071563720703,
        3.2942709922790527
      ],
      [
        94.85243225097656,
        23.48524284362793,
        14.383681297302246,
        9.166666984558105,
        6.966145992279053,
        5.720486164093018,
        4.778645992279053,
        4.1276044845581055,
        3.6545140743255615,
        3.311631917953491,
        3.1119792461395264
      ],
      [
        94.85243225097656,
        23.20746612548828,
        13.697916984558105,
        8.728299140930176,
        6.5885419845581055,
        5.2604169845581055,
        4.52256965637207,
        3.8975696563720703,
        3.446180582046509,
        3.2204861640930176,
        2.9079861640930176
      ],
      [
        94.85243225097656,
        21.90538215637207,
        12.877604484558105,
        8.42013931274414,
        6.2760419845581055,
        5.1953125,
        4.2578125,
        3.719618082046509,
        3.3203125,
        3.016493082046509,
        2.7864584922790527
      ],
      [
        94.85243225097656,
        21.484375,
        12.825521469116211,
        8.372396469116211,
        6.232638835906982,
        4.8697919845581055,
        4.162326335906982,
        3.6328125,
        3.2248265743255615,
        2.899305582046509,
        2.734375
      ]
    ],