{
  "notebook_run_id": "r001",
  "duration_s": 55.78728233301081,
  "duration": "0m 55s",
  "tier": "medium",
  "config": {
    "source": "untrained PING networks, private per-cell Poisson input",
    "dt_ms": 0.25,
    "sim_ms": 1000.0,
    "burn_ms": 100.0,
    "n_e": 256,
    "input_rate_hz": 100.0,
    "private_w_in": 0.5,
    "max_lag_ms": 100.0,
    "bin_ms": 1.0
  },
  "grid": {
    "wei_mean": [
      0.0,
      0.3,
      0.6,
      0.9,
      1.2,
      1.5,
      1.8,
      2.1,
      2.4,
      2.7,
      3.0
    ],
    "wie_mean": [
      0.0,
      0.6,
      1.2,
      1.8,
      2.4,
      3.0,
      3.6,
      4.2,
      4.8,
      5.4,
      6.0
    ],
    "contrast": [
      [
        0.0012361455289563333,
        0.0012361455289563333,
        0.0012361455289563333,
        0.0012361455289563333,
        0.0012361455289563333,
        0.0012361455289563333,
        0.0012361455289563333,
        0.0012361455289563333,
        0.0012361455289563333,
        0.0012361455289563333,
        0.0012361455289563333
      ],
      [
        0.0012361455289563333,
        0.044166011148465724,
        0.022538559379284014,
        0.024238289934744663,
        0.012048895899090233,
        0.010590096060990338,
        0.013570132465554639,
        0.020454372723409518,
        0.023705477889221973,
        0.027266920535950968,
        0.03966802566715504
      ],
      [
        0.0012361455289563333,
        0.1789038594791314,
        0.09591112325077199,
        0.07204051063341359,
        0.08098235228569041,
        0.11960609319477238,
        0.20982169137601758,
        0.23824629185831844,
        0.1953051965583607,
        0.20932360676726047,
        0.2484142320299121
      ],
      [
        0.0012361455289563333,
        0.25066713533881163,
        0.1577784993413419,
        0.1929709616986077,
        0.27139017618769606,
        0.3198423319181167,
        0.33493825689516893,
        0.45435667692512705,
        0.4230283133084802,
        0.40520616992642305,
        0.47049436488643964
      ],
      [
        0.0012361455289563333,
        0.33866064012954655,
        0.251026392202404,
        0.2970635466633383,
        0.37164697899756843,
        0.530471087745083,
        0.5222151234589878,
        0.5777257637074761,
        0.5215062569261261,
        0.5656278147084232,
        0.6507660483114066
      ],
      [
        0.0012361455289563333,
        0.4309741517861061,
        0.308643726913827,
        0.3984119733641513,
        0.49582883009307144,
        0.5255049201956867,
        0.6812151216313829,
        0.6380735893999658,
        0.6571620661275078,
        0.7116402595914203,
        0.7312673960933939
      ],
      [
        0.0012361455289563333,
        0.432090004996362,
        0.40723882243187515,
        0.49978792961673885,
        0.5356524878987966,
        0.7675305858931595,
        0.7162760200606356,
        0.7383025848878885,
        0.7734599050515663,
        0.8093889331888333,
        0.7835517598568016
      ],
      [
        0.0012361455289563333,
        0.4685412469174521,
        0.4829079567489451,
        0.5213212955643446,
        0.5921441635654446,
        0.7147914928222964,
        0.7770504737204391,
        0.7922616934900834,
        0.8428955427602415,
        0.8060898537756909,
        0.846311155637763
      ],
      [
        0.0012361455289563333,
        0.5145546504053689,
        0.5171470369399641,
        0.6884464760049835,
        0.5997246444791136,
        0.7897253361591796,
        0.8331481966188754,
        0.8173322180415514,
        0.8380834696302604,
        0.805221873806732,
        0.9193069917313155
      ],
      [
        0.0012361455289563333,
        0.5237112035294513,
        0.5099562247171369,
        0.6097986056890985,
        0.790085639449421,
        0.9156118560419999,
        0.8402134832095512,
        0.9087154987367349,
        0.8524808634602459,
        0.8675590160313578,
        0.9119255431086299
      ],
      [
        0.0012361455289563333,
        0.5069230626090256,
        0.5669989975667763,
        0.6808296354864836,
        0.8151587729531932,
        0.781266021271442,
        0.8219080720389107,
        0.8888302129819221,
        0.8212864069621983,
        0.8646285474445405,
        0.9444832377245923
      ]
    ],
    "rate_e_hz": [
      [
        94.85243225097656,
        94.85243225097656,
        94.85243225097656,
        94.85243225097656,
        94.85243225097656,
        94.85243225097656,
        94.85243225097656,
        94.85243225097656,
        94.85243225097656,
        94.85243225097656,
        94.85243225097656
      ],
      [
        94.85243225097656,
        52.578125,
        29.422744750976562,
        21.588542938232422,
        17.49131965637207,
        14.782986640930176,
        12.83420181274414,
        11.354166984558105,
        10.2734375,
        9.36631965637207,
        8.64149284362793
      ],
      [
        94.85243225097656,
        41.23263931274414,
        24.14496612548828,
        17.2265625,
        13.45920181274414,
        10.946181297302246,
        9.275174140930176,
        8.190104484558105,
        7.317708492279053,
        6.6015625,
        5.985243320465088
      ],
      [
        94.85243225097656,
        36.59722137451172,
        21.54513931274414,
        14.921875,
        11.341146469116211,
        9.14930534362793,
        7.890625,
        6.736111164093018,
        6.059028148651123,
        5.503472328186035,
        4.969618320465088
      ],
      [
        94.85243225097656,
        32.62586975097656,
        19.244792938232422,
        13.34201431274414,
        10.130208969116211,
        8.09461784362793,
        6.875,
        5.9635419845581055,
        5.390625,
        4.839409828186035,
        4.448784828186035
      ],
      [
        94.85243225097656,
        29.861112594604492,
        18.10329818725586,
        12.278646469116211,
        9.262152671813965,
        7.552083492279053,
        6.2890625,
        5.447048664093018,
        4.887152671813965,
        4.375,
        4.0234375
      ],
      [
        94.85243225097656,
        29.82638931274414,
        16.74045181274414,
        11.332465171813965,
        8.75,
        6.618923664093018,
        5.77256965637207,
        5.047743320465088,
        4.5182294845581055,
        4.066840171813965,
        3.745659828186035
      ],
      [
        94.85243225097656,
        28.268230438232422,
        15.564236640930176,
        10.737847328186035,
        8.15538215637207,
        6.484375,
        5.373263835906982,
        4.691840171813965,
        4.140625,
        3.8064236640930176,
        3.4505209922790527
      ],
      [
        94.85243225097656,
        27.21788215637207,
        15.073784828186035,
        9.830729484558105,
        7.6953125,
        6.015625,
        5.112847328186035,
        4.4140625,
        3.914930582046509,
        3.641493082046509,
        3.194444417953491
      ],
      [
        94.85243225097656,
        26.90538215637207,
        14.809028625488281,
        9.84375,
        7.2265625,
        5.5338544845581055,
        4.8828125,
        4.149305820465088,
        3.7890625,
        3.4635417461395264,
        3.094618082046509
      ],
      [
        94.85243225097656,
        26.52777862548828,
        14.097222328186035,
        9.427083969116211,
        6.922743320465088,
        5.737847328186035,
        4.765625,
        4.084201335906982,
        3.7239584922790527,
        3.250868082046509,
        2.9513890743255615
      ]
    ],