.pingstore/runs/exp022-r001-compute/export/evidence/format-v2/README.md	1157
.pingstore/runs/exp022-r001-compute/export/evidence/format-v2/contracts.py	10102
.pingstore/runs/exp022-r001-compute/export/evidence/format-v2/mapping.json	110261
.pingstore/runs/exp022-r001-compute/export/evidence/format-v2/migrate.py	14376
.pingstore/runs/exp022-r001-compute/export/evidence/format-v2/run.json	3180
.pingstore/runs/exp022-r001-compute/export/evidence/import-inventory.json	68319
.pingstore/runs/exp022-r001-compute/export/evidence/imported-README.md	4936
.pingstore/runs/exp022-r001-compute/export/evidence/verified-gold-2/inventory.json	2101788
.pingstore/runs/exp022-r001-compute/export/evidence/verified-gold-2/lineage.json	1876
.pingstore/runs/exp022-r001-compute/export/evidence/verified-gold-2/rclone.log	202
.pingstore/runs/exp022-r001-compute/export/evidence/verified-gold-2/remote-check.txt	122060
.pingstore/runs/exp022-r001-compute/export/evidence/verified-gold-2/run.json	1103
.pingstore/runs/exp022-r001-compute/export/evidence/verified-gold-2/verify.py	3749
.pingstore/runs/exp022-r002-analyse/export/evidence/format-v2/README.md	912
.pingstore/runs/exp022-r002-analyse/export/evidence/format-v2/contracts.py	10102
.pingstore/runs/exp022-r002-analyse/export/evidence/format-v2/mapping.json	2639
.pingstore/runs/exp022-r002-analyse/export/evidence/format-v2/migrate.py	14376
.pingstore/runs/exp022-r002-analyse/export/evidence/format-v2/run.json	2261
.pingstore/runs/exp023-r001-compute/export/evidence/simulations.json	11338
.pingstore/runs/exp023-r001-compute/export/evidence/simulations/fi/coba__r10/config.json	1462
.pingstore/runs/exp023-r001-compute/export/evidence/simulations/fi/coba__r10/output.log	810
.pingstore/runs/exp023-r001-compute/export/evidence/simulations/fi/coba__r10/run.jsonl	762
.pingstore/runs/exp023-r001-compute/export/evidence/simulations/fi/coba__r100/config.json	1464
.pingstore/runs/exp023-r001-compute/export/evidence/simulations/fi/coba__r100/output.log	812
.pingstore/runs/exp023-r001-compute/export/evidence/simulations/fi/coba__r100/run.jsonl	767
.pingstore/runs/exp023-r001-compute/export/evidence/simulations/fi/coba__r2/config.json	1460
.pingstore/runs/exp023-r001-compute/export/evidence/simulations/fi/coba__r2/output.log	807
.pingstore/runs/exp023-r001-compute/export/evidence/simulations/fi/coba__r2/run.jsonl	766
.pingstore/runs/exp023-r001-compute/export/evidence/simulations/fi/coba__r20/config.json	1462
.pingstore/runs/exp023-r001-compute/export/evidence/simulations/fi/coba__r20/output.log	811
.pingstore/runs/exp023-r001-compute/export/evidence/simulations/fi/coba__r20/run.jsonl	764
.pingstore/runs/exp023-r001-compute/export/evidence/simulations/fi/coba__r40/config.json	1462
.pingstore/runs/exp023-r001-compute/export/evidence/simulations/fi/coba__r40/output.log	811
.pingstore/runs/exp023-r001-compute/export/evidence/simulations/fi/coba__r40/run.jsonl	760
.pingstore/runs/exp023-r001-compute/export/evidence/simulations/fi/coba__r5/config.json	1460
.pingstore/runs/exp023-r001-compute/export/evidence/simulations/fi/coba__r5/output.log	809
.pingstore/runs/exp023-r001-compute/export/evidence/simulations/fi/coba__r5/run.jsonl	771
.pingstore/runs/exp023-r001-compute/export/evidence/simulations/fi/coba__r70/config.json	1462
.pingstore/runs/exp023-r001-compute/export/evidence/simulations/fi/coba__r70/output.log	811
.pingstore/runs/exp023-r001-compute/export/evidence/simulations/fi/coba__r70/run.jsonl	762
.pingstore/runs/exp023-r001-compute/export/evidence/simulations/fi/ping__r10/config.json	1462
.pingstore/runs/exp023-r001-compute/export/evidence/simulations/fi/ping__r10/output.log	809
.pingstore/runs/exp023-r001-compute/export/evidence/simulations/fi/ping__r10/run.jsonl	770
.pingstore/runs/exp023-r001-compute/export/evidence/simulations/fi/ping__r100/config.json	1464
.pingstore/runs/exp023-r001-compute/export/evidence/simulations/fi/ping__r100/output.log	810
.pingstore/runs/exp023-r001-compute/export/evidence/simulations/fi/ping__r100/run.jsonl	780
.pingstore/runs/exp023-r001-compute/export/evidence/simulations/fi/ping__r2/config.json	1460
.pingstore/runs/exp023-r001-compute/export/evidence/simulations/fi/ping__r2/output.log	807
.pingstore/runs/exp023-r001-compute/export/evidence/simulations/fi/ping__r2/run.jsonl	766
.pingstore/runs/exp023-r001-compute/export/evidence/simulations/fi/ping__r20/config.json	1462
.pingstore/runs/exp023-r001-compute/export/evidence/simulations/fi/ping__r20/output.log	809
.pingstore/runs/exp023-r001-compute/export/evidence/simulations/fi/ping__r20/run.jsonl	767
.pingstore/runs/exp023-r001-compute/export/evidence/simulations/fi/ping__r40/config.json	1462
.pingstore/runs/exp023-r001-compute/export/evidence/simulations/fi/ping__r40/output.log	809
.pingstore/runs/exp023-r001-compute/export/evidence/simulations/fi/ping__r40/run.jsonl	772
.pingstore/runs/exp023-r001-compute/export/evidence/simulations/fi/ping__r5/config.json	1460
.pingstore/runs/exp023-r001-compute/export/evidence/simulations/fi/ping__r5/output.log	808
.pingstore/runs/exp023-r001-compute/export/evidence/simulations/fi/ping__r5/run.jsonl	772
.pingstore/runs/exp023-r001-compute/export/evidence/simulations/fi/ping__r70/config.json	1462
.pingstore/runs/exp023-r001-compute/export/evidence/simulations/fi/ping__r70/output.log	809
.pingstore/runs/exp023-r001-compute/export/evidence/simulations/fi/ping__r70/run.jsonl	768
.pingstore/runs/exp023-r001-compute/export/evidence/simulations/scope/coba/config.json	1460
.pingstore/runs/exp023-r001-compute/export/evidence/simulations/scope/coba/output.log	809
.pingstore/runs/exp023-r001-compute/export/evidence/simulations/scope/coba/run.jsonl	762
.pingstore/runs/exp023-r001-compute/export/evidence/simulations/scope/ping/config.json	1461
.pingstore/runs/exp023-r001-compute/export/evidence/simulations/scope/ping/output.log	809
.pingstore/runs/exp023-r001-compute/export/evidence/simulations/scope/ping/run.jsonl	777
.pingstore/runs/exp024-r001-analyse/export/evidence/source-configurations.json	94126
.pingstore/runs/exp024-r003-analyse/export/evidence/source-configurations.json	94126
.pingstore/runs/exp025-r001-compute/export/evidence/archive_helpers.py	17963
.pingstore/runs/exp025-r001-compute/export/evidence/import_gold2.py	15994
.pingstore/runs/exp033-r001-compute/export/evidence/gold-2/inventory.json	2101788
.pingstore/runs/exp033-r001-compute/export/evidence/gold-2/lineage.json	1876
.pingstore/runs/exp033-r001-compute/export/evidence/gold-2/provenance/source-records/base/collection-plan.json	20225
.pingstore/runs/exp033-r001-compute/export/evidence/gold-2/provenance/source-records/base/collection-status/exp033.json	138
.pingstore/runs/exp033-r001-compute/export/evidence/gold-2/provenance/source-records/base/collection-status/exp054.json	138
.pingstore/runs/exp033-r001-compute/export/evidence/gold-2/provenance/source-records/base/logs/collection/ggs-exp033_33913627.err	1939
.pingstore/runs/exp033-r001-compute/export/evidence/gold-2/provenance/source-records/base/logs/collection/ggs-exp033_33913627.out	2525
.pingstore/runs/exp033-r001-compute/export/evidence/gold-2/provenance/source-records/base/logs/collection/ggs-exp054_33913631.err	1669
.pingstore/runs/exp033-r001-compute/export/evidence/gold-2/provenance/source-records/base/logs/collection/ggs-exp054_33913631.out	146899
.pingstore/runs/exp033-r001-compute/export/evidence/gold-2/provenance/source-records/base/logs/exp033/exp033.jsonl	150
.pingstore/runs/exp033-r001-compute/export/evidence/gold-2/provenance/source-records/base/run.json	1373
.pingstore/runs/exp033-r001-compute/export/evidence/gold-2/provenance/source-records/base/submissions/collection-submission.json	36515
.pingstore/runs/exp033-r001-compute/export/evidence/gold-2/run.json	1103
.pingstore/runs/exp033-r001-compute/export/evidence/import-plan.json	7877
.pingstore/runs/exp033-r001-compute/export/evidence/import_gold2.py	13148
.pingstore/runs/exp033-r001-compute/export/evidence/producer-exp033.py	47129
.pingstore/runs/exp033-r001-compute/export/evidence/verification.json	4947
.pingstore/runs/exp037-r001-compute/export/evidence/exp041-import-helpers.py	17963
.pingstore/runs/exp037-r001-compute/export/evidence/import_gold2.py	17577
.pingstore/runs/exp037-r001-compute/export/evidence/simulations/jobs/raster__coba__seed42__add__0/output.log	820
.pingstore/runs/exp037-r001-compute/export/evidence/simulations/jobs/raster__coba__seed42__add__0/run.jsonl	643
.pingstore/runs/exp037-r001-compute/export/evidence/simulations/jobs/raster__coba__seed42__add__20/output.log	820
.pingstore/runs/exp037-r001-compute/export/evidence/simulations/jobs/raster__coba__seed42__add__20/run.jsonl	644
.pingstore/runs/exp037-r001-compute/export/evidence/simulations/jobs/raster__coba__seed42__add__40/output.log	820
.pingstore/runs/exp037-r001-compute/export/evidence/simulations/jobs/raster__coba__seed42__add__40/run.jsonl	643
.pingstore/runs/exp037-r001-compute/export/evidence/simulations/jobs/raster__coba__seed42__drop__0/output.log	821
.pingstore/runs/exp037-r001-compute/export/evidence/simulations/jobs/raster__coba__seed42__drop__0/run.jsonl	644
.pingstore/runs/exp037-r001-compute/export/evidence/simulations/jobs/raster__coba__seed42__drop__0p5/output.log	820
.pingstore/runs/exp037-r001-compute/export/evidence/simulations/jobs/raster__coba__seed42__drop__0p5/run.jsonl	643
.pingstore/runs/exp037-r001-compute/export/evidence/simulations/jobs/raster__coba__seed42__drop__1/output.log	821
.pingstore/runs/exp037-r001-compute/export/evidence/simulations/jobs/raster__coba__seed42__drop__1/run.jsonl	644
.pingstore/runs/exp037-r001-compute/export/evidence/simulations/jobs/raster__ping__seed42__add__0/output.log	820
.pingstore/runs/exp037-r001-compute/export/evidence/simulations/jobs/raster__ping__seed42__add__0/run.jsonl	643
.pingstore/runs/exp037-r001-compute/export/evidence/simulations/jobs/raster__ping__seed42__add__20/output.log	820
.pingstore/runs/exp037-r001-compute/export/evidence/simulations/jobs/raster__ping__seed42__add__20/run.jsonl	643
.pingstore/runs/exp037-r001-compute/export/evidence/simulations/jobs/raster__ping__seed42__add__40/output.log	820
.pingstore/runs/exp037-r001-compute/export/evidence/simulations/jobs/raster__ping__seed42__add__40/run.jsonl	643
.pingstore/runs/exp037-r001-compute/export/evidence/simulations/jobs/raster__ping__seed42__drop__0/output.log	820
.pingstore/runs/exp037-r001-compute/export/evidence/simulations/jobs/raster__ping__seed42__drop__0/run.jsonl	643
.pingstore/runs/exp037-r001-compute/export/evidence/simulations/jobs/raster__ping__seed42__drop__0p5/output.log	820
.pingstore/runs/exp037-r001-compute/export/evidence/simulations/jobs/raster__ping__seed42__drop__0p5/run.jsonl	643
.pingstore/runs/exp037-r001-compute/export/evidence/simulations/jobs/raster__ping__seed42__drop__1/output.log	820
.pingstore/runs/exp037-r001-compute/export/evidence/simulations/jobs/raster__ping__seed42__drop__1/run.jsonl	643
.pingstore/runs/exp037-r001-compute/export/evidence/simulations/jobs/sweep__coba__seed42__add__0/output.log	1182
.pingstore/runs/exp037-r001-compute/export/evidence/simulations/jobs/sweep__coba__seed42__add__0/run.jsonl	643
.pingstore/runs/exp037-r001-compute/export/evidence/simulations/jobs/sweep__coba__seed42__add__10/output.log	1184
.pingstore/runs/exp037-r001-compute/export/evidence/simulations/jobs/sweep__coba__seed42__add__10/run.jsonl	643
.pingstore/runs/exp037-r001-compute/export/evidence/simulations/jobs/sweep__coba__seed42__add__12/output.log	1184
.pingstore/runs/exp037-r001-compute/export/evidence/simulations/jobs/sweep__coba__seed42__add__12/run.jsonl	644
.pingstore/runs/exp037-r001-compute/export/evidence/simulations/jobs/sweep__coba__seed42__add__14/output.log	1184
.pingstore/runs/exp037-r001-compute/export/evidence/simulations/jobs/sweep__coba__seed42__add__14/run.jsonl	644
.pingstore/runs/exp037-r001-compute/export/evidence/simulations/jobs/sweep__coba__seed42__add__16/output.log	1184
.pingstore/runs/exp037-r001-compute/export/evidence/simulations/jobs/sweep__coba__seed42__add__16/run.jsonl	643
.pingstore/runs/exp037-r001-compute/export/evidence/simulations/jobs/sweep__coba__seed42__add__18/output.log	1184
.pingstore/runs/exp037-r001-compute/export/evidence/simulations/jobs/sweep__coba__seed42__add__18/run.jsonl	643
.pingstore/runs/exp037-r001-compute/export/evidence/simulations/jobs/sweep__coba__seed42__add__2/output.log	1182
.pingstore/runs/exp037-r001-compute/export/evidence/simulations/jobs/sweep__coba__seed42__add__2/run.jsonl	643
.pingstore/runs/exp037-r001-compute/export/evidence/simulations/jobs/sweep__coba__seed42__add__20/output.log	1184
.pingstore/runs/exp037-r001-compute/export/evidence/simulations/jobs/sweep__coba__seed42__add__20/run.jsonl	643
.pingstore/runs/exp037-r001-compute/export/evidence/simulations/jobs/sweep__coba__seed42__add__22/output.log	1184
.pingstore/runs/exp037-r001-compute/export/evidence/simulations/jobs/sweep__coba__seed42__add__22/run.jsonl	643
.pingstore/runs/exp037-r001-compute/export/evidence/simulations/jobs/sweep__coba__seed42__add__24/output.log	1184
.pingstore/runs/exp037-r001-compute/export/evidence/simulations/jobs/sweep__coba__seed42__add__24/run.jsonl	642
.pingstore/runs/exp037-r001-compute/export/evidence/simulations/jobs/sweep__coba__seed42__add__26/output.log	1184
.pingstore/runs/exp037-r001-compute/export/evidence/simulations/jobs/sweep__coba__seed42__add__26/run.jsonl	643
.pingstore/runs/exp037-r001-compute/export/evidence/simulations/jobs/sweep__coba__seed42__add__28/output.log	1184
.pingstore/runs/exp037-r001-compute/export/evidence/simulations/jobs/sweep__coba__seed42__add__28/run.jsonl	644
.pingstore/runs/exp037-r001-compute/export/evidence/simulations/jobs/sweep__coba__seed42__add__30/output.log	1184
.pingstore/runs/exp037-r001-compute/export/evidence/simulations/jobs/sweep__coba__seed42__add__30/run.jsonl	644
.pingstore/runs/exp037-r001-compute/export/evidence/simulations/jobs/sweep__coba__seed42__add__32/output.log	1184
.pingstore/runs/exp037-r001-compute/export/evidence/simulations/jobs/sweep__coba__seed42__add__32/run.jsonl	642
.pingstore/runs/exp037-r001-compute/export/evidence/simulations/jobs/sweep__coba__seed42__add__34/output.log	1184
.pingstore/runs/exp037-r001-compute/export/evidence/simulations/jobs/sweep__coba__seed42__add__34/run.jsonl	643
.pingstore/runs/exp037-r001-compute/export/evidence/simulations/jobs/sweep__coba__seed42__add__36/output.log	1184
.pingstore/runs/exp037-r001-compute/export/evidence/simulations/jobs/sweep__coba__seed42__add__36/run.jsonl	643
.pingstore/runs/exp037-r001-compute/export/evidence/simulations/jobs/sweep__coba__seed42__add__38/output.log	1184
.pingstore/runs/exp037-r001-compute/export/evidence/simulations/jobs/sweep__coba__seed42__add__38/run.jsonl	643
.pingstore/runs/exp037-r001-compute/export/evidence/simulations/jobs/sweep__coba__seed42__add__4/output.log	1182
.pingstore/runs/exp037-r001-compute/export/evidence/simulations/jobs/sweep__coba__seed42__add__4/run.jsonl	643
.pingstore/runs/exp037-r001-compute/export/evidence/simulations/jobs/sweep__coba__seed42__add__40/output.log	1184
.pingstore/runs/exp037-r001-compute/export/evidence/simulations/jobs/sweep__coba__seed42__add__40/run.jsonl	643
.pingstore/runs/exp037-r001-compute/export/evidence/simulations/jobs/sweep__coba__seed42__add__6/output.log	1182
.pingstore/runs/exp037-r001-compute/export/evidence/simulations/jobs/sweep__coba__seed42__add__6/run.jsonl	643
.pingstore/runs/exp037-r001-compute/export/evidence/simulations/jobs/sweep__coba__seed42__add__8/output.log	1182
.pingstore/runs/exp037-r001-compute/export/evidence/simulations/jobs/sweep__coba__seed42__add__8/run.jsonl	643
.pingstore/runs/exp037-r001-compute/export/evidence/simulations/jobs/sweep__coba__seed42__drop__0/output.log	1186
.pingstore/runs/exp037-r001-compute/export/evidence/simulations/jobs/sweep__coba__seed42__drop__0/run.jsonl	643
.pingstore/runs/exp037-r001-compute/export/evidence/simulations/jobs/sweep__coba__seed42__drop__0p1/output.log	1185
.pingstore/runs/exp037-r001-compute/export/evidence/simulations/jobs/sweep__coba__seed42__drop__0p1/run.jsonl	643
.pingstore/runs/exp037-r001-compute/export/evidence/simulations/jobs/sweep__coba__seed42__drop__0p2/output.log	1183
.pingstore/runs/exp037-r001-compute/export/evidence/simulations/jobs/sweep__coba__seed42__drop__0p2/run.jsonl	643
.pingstore/runs/exp037-r001-compute/export/evidence/simulations/jobs/sweep__coba__seed42__drop__0p3/output.log	1185
.pingstore/runs/exp037-r001-compute/export/evidence/simulations/jobs/sweep__coba__seed42__drop__0p3/run.jsonl	644
.pingstore/runs/exp037-r001-compute/export/evidence/simulations/jobs/sweep__coba__seed42__drop__0p4/output.log	1183
.pingstore/runs/exp037-r001-compute/export/evidence/simulations/jobs/sweep__coba__seed42__drop__0p4/run.jsonl	644
.pingstore/runs/exp037-r001-compute/export/evidence/simulations/jobs/sweep__coba__seed42__drop__0p5/output.log	1185
.pingstore/runs/exp037-r001-compute/export/evidence/simulations/jobs/sweep__coba__seed42__drop__0p5/run.jsonl	643
.pingstore/runs/exp037-r001-compute/export/evidence/simulations/jobs/sweep__coba__seed42__drop__0p6/output.log	1183
.pingstore/runs/exp037-r001-compute/export/evidence/simulations/jobs/sweep__coba__seed42__drop__0p6/run.jsonl	644
.pingstore/runs/exp037-r001-compute/export/evidence/simulations/jobs/sweep__coba__seed42__drop__0p7/output.log	1183
.pingstore/runs/exp037-r001-compute/export/evidence/simulations/jobs/sweep__coba__seed42__drop__0p7/run.jsonl	644
.pingstore/runs/exp037-r001-compute/export/evidence/simulations/jobs/sweep__coba__seed42__drop__0p8/output.log	1183
.pingstore/runs/exp037-r001-compute/export/evidence/simulations/jobs/sweep__coba__seed42__drop__0p8/run.jsonl	644
.pingstore/runs/exp037-r001-compute/export/evidence/simulations/jobs/sweep__coba__seed42__drop__0p9/output.log	1183
.pingstore/runs/exp037-r001-compute/export/evidence/simulations/jobs/sweep__coba__seed42__drop__0p9/run.jsonl	643
.pingstore/runs/exp037-r001-compute/export/evidence/simulations/jobs/sweep__coba__seed42__drop__1/output.log	1182
.pingstore/runs/exp037-r001-compute/export/evidence/simulations/jobs/sweep__coba__seed42__drop__1/run.jsonl	644
.pingstore/runs/exp037-r001-compute/export/evidence/simulations/jobs/sweep__coba__seed43__add__0/output.log	1182
.pingstore/runs/exp037-r001-compute/export/evidence/simulations/jobs/sweep__coba__seed43__add__0/run.jsonl	642
.pingstore/runs/exp037-r001-compute/export/evidence/simulations/jobs/sweep__coba__seed43__add__10/output.log	1184
.pingstore/runs/exp037-r001-compute/export/evidence/simulations/jobs/sweep__coba__seed43__add__10/run.jsonl	643
.pingstore/runs/exp037-r001-compute/export/evidence/simulations/jobs/sweep__coba__seed43__add__12/output.log	1184
.pingstore/runs/exp037-r001-compute/export/evidence/simulations/jobs/sweep__coba__seed43__add__12/run.jsonl	644
.pingstore/runs/exp037-r001-compute/export/evidence/simulations/jobs/sweep__coba__seed43__add__14/output.log	1184
.pingstore/runs/exp037-r001-compute/export/evidence/simulations/jobs/sweep__coba__seed43__add__14/run.jsonl	643
.pingstore/runs/exp037-r001-compute/export/evidence/simulations/jobs/sweep__coba__seed43__add__16/output.log	1184
.pingstore/runs/exp037-r001-compute/export/evidence/simulations/jobs/sweep__coba__seed43__add__16/run.jsonl	643
.pingstore/runs/exp037-r001-compute/export/evidence/simulations/jobs/sweep__coba__seed43__add__18/output.log	1184
.pingstore/runs/exp037-r001-compute/export/evidence/simulations/jobs/sweep__coba__seed43__add__18/run.jsonl	643
.pingstore/runs/exp037-r001-compute/export/evidence/simulations/jobs/sweep__coba__seed43__add__2/output.log	1182
.pingstore/runs/exp037-r001-compute/export/evidence/simulations/jobs/sweep__coba__seed43__add__2/run.jsonl	643
.pingstore/runs/exp037-r001-compute/export/evidence/simulations/jobs/sweep__coba__seed43__add__20/output.log	1184
.pingstore/runs/exp037-r001-compute/export/evidence/simulations/jobs/sweep__coba__seed43__add__20/run.jsonl	643
.pingstore/runs/exp037-r001-compute/export/evidence/simulations/jobs/sweep__coba__seed43__add__22/output.log	1184
.pingstore/runs/exp037-r001-compute/export/evidence/simulations/jobs/sweep__coba__seed43__add__22/run.jsonl	644
.pingstore/runs/exp037-r001-compute/export/evidence/simulations/jobs/sweep__coba__seed43__add__24/output.log	1184
.pingstore/runs/exp037-r001-compute/export/evidence/simulations/jobs/sweep__coba__seed43__add__24/run.jsonl	643
.pingstore/runs/exp037-r001-compute/export/evidence/simulations/jobs/sweep__coba__seed43__add__26/output.log	1184
.pingstore/runs/exp037-r001-compute/export/evidence/simulations/jobs/sweep__coba__seed43__add__26/run.jsonl	643
.pingstore/runs/exp037-r001-compute/export/evidence/simulations/jobs/sweep__coba__seed43__add__28/output.log	1184
.pingstore/runs/exp037-r001-compute/export/evidence/simulations/jobs/sweep__coba__seed43__add__28/run.jsonl	643
.pingstore/runs/exp037-r001-compute/export/evidence/simulations/jobs/sweep__coba__seed43__add__30/output.log	1184
.pingstore/runs/exp037-r001-compute/export/evidence/simulations/jobs/sweep__coba__seed43__add__30/run.jsonl	644
.pingstore/runs/exp037-r001-compute/export/evidence/simulations/jobs/sweep__coba__seed43__add__32/output.log	1184
.pingstore/runs/exp037-r001-compute/export/evidence/simulations/jobs/sweep__coba__seed43__add__32/run.jsonl	642
.pingstore/runs/exp037-r001-compute/export/evidence/simulations/jobs/sweep__coba__seed43__add__34/output.log	1184
.pingstore/runs/exp037-r001-compute/export/evidence/simulations/jobs/sweep__coba__seed43__add__34/run.jsonl	643
.pingstore/runs/exp037-r001-compute/export/evidence/simulations/jobs/sweep__coba__seed43__add__36/output.log	1184
.pingstore/runs/exp037-r001-compute/export/evidence/simulations/jobs/sweep__coba__seed43__add__36/run.jsonl	643
.pingstore/runs/exp037-r001-compute/export/evidence/simulations/jobs/sweep__coba__seed43__add__38/output.log	1184
.pingstore/runs/exp037-r001-compute/export/evidence/simulations/jobs/sweep__coba__seed43__add__38/run.jsonl	644
.pingstore/runs/exp037-r001-compute/export/evidence/simulations/jobs/sweep__coba__seed43__add__4/output.log	1182
.pingstore/runs/exp037-r001-compute/export/evidence/simulations/jobs/sweep__coba__seed43__add__4/run.jsonl	644
.pingstore/runs/exp037-r001-compute/export/evidence/simulations/jobs/sweep__coba__seed43__add__40/output.log	1184
.pingstore/runs/exp037-r001-compute/export/evidence/simulations/jobs/sweep__coba__seed43__add__40/run.jsonl	643
.pingstore/runs/exp037-r001-compute/export/evidence/simulations/jobs/sweep__coba__seed43__add__6/output.log	1182
.pingstore/runs/exp037-r001-compute/export/evidence/simulations/jobs/sweep__coba__seed43__add__6/run.jsonl	643
.pingstore/runs/exp037-r001-compute/export/evidence/simulations/jobs/sweep__coba__seed43__add__8/output.log	1182
.pingstore/runs/exp037-r001-compute/export/evidence/simulations/jobs/sweep__coba__seed43__add__8/run.jsonl	643
.pingstore/runs/exp037-r001-compute/export/evidence/simulations/jobs/sweep__coba__seed43__drop__0/output.log	1184
.pingstore/runs/exp037-r001-compute/export/evidence/simulations/jobs/sweep__coba__seed43__drop__0/run.jsonl	642
.pingstore/runs/exp037-r001-compute/export/evidence/simulations/jobs/sweep__coba__seed43__drop__0p1/output.log	1184
.pingstore/runs/exp037-r001-compute/export/evidence/simulations/jobs/sweep__coba__seed43__drop__0p1/run.jsonl	644
.pingstore/runs/exp037-r001-compute/export/evidence/simulations/jobs/sweep__coba__seed43__drop__0p2/output.log	1183
.pingstore/runs/exp037-r001-compute/export/evidence/simulations/jobs/sweep__coba__seed43__drop__0p2/run.jsonl	644
.pingstore/runs/exp037-r001-compute/export/evidence/simulations/jobs/sweep__coba__seed43__drop__0p3/output.log	1183
.pingstore/runs/exp037-r001-compute/export/evidence/simulations/jobs/sweep__coba__seed43__drop__0p3/run.jsonl	643
.pingstore/runs/exp037-r001-compute/export/evidence/simulations/jobs/sweep__coba__seed43__drop__0p4/output.log	1183
.pingstore/runs/exp037-r001-compute/export/evidence/simulations/jobs/sweep__coba__seed43__drop__0p4/run.jsonl	644
.pingstore/runs/exp037-r001-compute/export/evidence/simulations/jobs/sweep__coba__seed43__drop__0p5/output.log	1183
.pingstore/runs/exp037-r001-compute/export/evidence/simulations/jobs/sweep__coba__seed43__drop__0p5/run.jsonl	644
.pingstore/runs/exp037-r001-compute/export/evidence/simulations/jobs/sweep__coba__seed43__drop__0p6/output.log	1183
.pingstore/runs/exp037-r001-compute/export/evidence/simulations/jobs/sweep__coba__seed43__drop__0p6/run.jsonl	641
.pingstore/runs/exp037-r001-compute/export/evidence/simulations/jobs/sweep__coba__seed43__drop__0p7/output.log	1183
.pingstore/runs/exp037-r001-compute/export/evidence/simulations/jobs/sweep__coba__seed43__drop__0p7/run.jsonl	644
.pingstore/runs/exp037-r001-compute/export/evidence/simulations/jobs/sweep__coba__seed43__drop__0p8/output.log	1183
.pingstore/runs/exp037-r001-compute/export/evidence/simulations/jobs/sweep__coba__seed43__drop__0p8/run.jsonl	643
.pingstore/runs/exp037-r001-compute/export/evidence/simulations/jobs/sweep__coba__seed43__drop__0p9/output.log	1183
.pingstore/runs/exp037-r001-compute/export/evidence/simulations/jobs/sweep__coba__seed43__drop__0p9/run.jsonl	643
.pingstore/runs/exp037-r001-compute/export/evidence/simulations/jobs/sweep__coba__seed43__drop__1/output.log	1182
.pingstore/runs/exp037-r001-compute/export/evidence/simulations/jobs/sweep__coba__seed43__drop__1/run.jsonl	643
.pingstore/runs/exp037-r001-compute/export/evidence/simulations/jobs/sweep__coba__seed44__add__0/output.log	1182
.pingstore/runs/exp037-r001-compute/export/evidence/simulations/jobs/sweep__coba__seed44__add__0/run.jsonl	642
.pingstore/runs/exp037-r001-compute/export/evidence/simulations/jobs/sweep__coba__seed44__add__10/output.log	1184
.pingstore/runs/exp037-r001-compute/export/evidence/simulations/jobs/sweep__coba__seed44__add__10/run.jsonl	643
.pingstore/runs/exp037-r001-compute/export/evidence/simulations/jobs/sweep__coba__seed44__add__12/output.log	1184
.pingstore/runs/exp037-r001-compute/export/evidence/simulations/jobs/sweep__coba__seed44__add__12/run.jsonl	643
.pingstore/runs/exp037-r001-compute/export/evidence/simulations/jobs/sweep__coba__seed44__add__14/output.log	1184
.pingstore/runs/exp037-r001-compute/export/evidence/simulations/jobs/sweep__coba__seed44__add__14/run.jsonl	643
.pingstore/runs/exp037-r001-compute/export/evidence/simulations/jobs/sweep__coba__seed44__add__16/output.log	1184
.pingstore/runs/exp037-r001-compute/export/evidence/simulations/jobs/sweep__coba__seed44__add__16/run.jsonl	643
.pingstore/runs/exp037-r001-compute/export/evidence/simulations/jobs/sweep__coba__seed44__add__18/output.log	1184
.pingstore/runs/exp037-r001-compute/export/evidence/simulations/jobs/sweep__coba__seed44__add__18/run.jsonl	644
.pingstore/runs/exp037-r001-compute/export/evidence/simulations/jobs/sweep__coba__seed44__add__2/output.log	1182
.pingstore/runs/exp037-r001-compute/export/evidence/simulations/jobs/sweep__coba__seed44__add__2/run.jsonl	644
.pingstore/runs/exp037-r001-compute/export/evidence/simulations/jobs/sweep__coba__seed44__add__20/output.log	1184
.pingstore/runs/exp037-r001-compute/export/evidence/simulations/jobs/sweep__coba__seed44__add__20/run.jsonl	643
.pingstore/runs/exp037-r001-compute/export/evidence/simulations/jobs/sweep__coba__seed44__add__22/output.log	1184
.pingstore/runs/exp037-r001-compute/export/evidence/simulations/jobs/sweep__coba__seed44__add__22/run.jsonl	643
.pingstore/runs/exp037-r001-compute/export/evidence/simulations/jobs/sweep__coba__seed44__add__24/output.log	1184
.pingstore/runs/exp037-r001-compute/export/evidence/simulations/jobs/sweep__coba__seed44__add__24/run.jsonl	643
.pingstore/runs/exp037-r001-compute/export/evidence/simulations/jobs/sweep__coba__seed44__add__26/output.log	1184
.pingstore/runs/exp037-r001-compute/export/evidence/simulations/jobs/sweep__coba__seed44__add__26/run.jsonl	642
.pingstore/runs/exp037-r001-compute/export/evidence/simulations/jobs/sweep__coba__seed44__add__28/output.log	1184
.pingstore/runs/exp037-r001-compute/export/evidence/simulations/jobs/sweep__coba__seed44__add__28/run.jsonl	643
.pingstore/runs/exp037-r001-compute/export/evidence/simulations/jobs/sweep__coba__seed44__add__30/output.log	1184
.pingstore/runs/exp037-r001-compute/export/evidence/simulations/jobs/sweep__coba__seed44__add__30/run.jsonl	644
.pingstore/runs/exp037-r001-compute/export/evidence/simulations/jobs/sweep__coba__seed44__add__32/output.log	1184
.pingstore/runs/exp037-r001-compute/export/evidence/simulations/jobs/sweep__coba__seed44__add__32/run.jsonl	643
.pingstore/runs/exp037-r001-compute/export/evidence/simulations/jobs/sweep__coba__seed44__add__34/output.log	1184
.pingstore/runs/exp037-r001-compute/export/evidence/simulations/jobs/sweep__coba__seed44__add__34/run.jsonl	644
.pingstore/runs/exp037-r001-compute/export/evidence/simulations/jobs/sweep__coba__seed44__add__36/output.log	1184
.pingstore/runs/exp037-r001-compute/export/evidence/simulations/jobs/sweep__coba__seed44__add__36/run.jsonl	643
.pingstore/runs/exp037-r001-compute/export/evidence/simulations/jobs/sweep__coba__seed44__add__38/output.log	1184
.pingstore/runs/exp037-r001-compute/export/evidence/simulations/jobs/sweep__coba__seed44__add__38/run.jsonl	644
.pingstore/runs/exp037-r001-compute/export/evidence/simulations/jobs/sweep__coba__seed44__add__4/output.log	1182
.pingstore/runs/exp037-r001-compute/export/evidence/simulations/jobs/sweep__coba__seed44__add__4/run.jsonl	643
.pingstore/runs/exp037-r001-compute/export/evidence/simulations/jobs/sweep__coba__seed44__add__40/output.log	1184
.pingstore/runs/exp037-r001-compute/export/evidence/simulations/jobs/sweep__coba__seed44__add__40/run.jsonl	643
.pingstore/runs/exp037-r001-compute/export/evidence/simulations/jobs/sweep__coba__seed44__add__6/output.log	1182
.pingstore/runs/exp037-r001-compute/export/evidence/simulations/jobs/sweep__coba__seed44__add__6/run.jsonl	643
.pingstore/runs/exp037-r001-compute/export/evidence/simulations/jobs/sweep__coba__seed44__add__8/output.log	1182
.pingstore/runs/exp037-r001-compute/export/evidence/simulations/jobs/sweep__coba__seed44__add__8/run.jsonl	643
.pingstore/runs/exp037-r001-compute/export/evidence/simulations/jobs/sweep__coba__seed44__drop__0/output.log	1184
.pingstore/runs/exp037-r001-compute/export/evidence/simulations/jobs/sweep__coba__seed44__drop__0/run.jsonl	644
.pingstore/runs/exp037-r001-compute/export/evidence/simulations/jobs/sweep__coba__seed44__drop__0p1/output.log	1184
.pingstore/runs/exp037-r001-compute/export/evidence/simulations/jobs/sweep__coba__seed44__drop__0p1/run.jsonl	642
.pingstore/runs/exp037-r001-compute/export/evidence/simulations/jobs/sweep__coba__seed44__drop__0p2/output.log	1183
.pingstore/runs/exp037-r001-compute/export/evidence/simulations/jobs/sweep__coba__seed44__drop__0p2/run.jsonl	643
.pingstore/runs/exp037-r001-compute/export/evidence/simulations/jobs/sweep__coba__seed44__drop__0p3/output.log	1183
.pingstore/runs/exp037-r001-compute/export/evidence/simulations/jobs/sweep__coba__seed44__drop__0p3/run.jsonl	643
.pingstore/runs/exp037-r001-compute/export/evidence/simulations/jobs/sweep__coba__seed44__drop__0p4/output.log	1183
.pingstore/runs/exp037-r001-compute/export/evidence/simulations/jobs/sweep__coba__seed44__drop__0p4/run.jsonl	643
.pingstore/runs/exp037-r001-compute/export/evidence/simulations/jobs/sweep__coba__seed44__drop__0p5/output.log	1183
.pingstore/runs/exp037-r001-compute/export/evidence/simulations/jobs/sweep__coba__seed44__drop__0p5/run.jsonl	644
.pingstore/runs/exp037-r001-compute/export/evidence/simulations/jobs/sweep__coba__seed44__drop__0p6/output.log	1183
.pingstore/runs/exp037-r001-compute/export/evidence/simulations/jobs/sweep__coba__seed44__drop__0p6/run.jsonl	643
.pingstore/runs/exp037-r001-compute/export/evidence/simulations/jobs/sweep__coba__seed44__drop__0p7/output.log	1183
.pingstore/runs/exp037-r001-compute/export/evidence/simulations/jobs/sweep__coba__seed44__drop__0p7/run.jsonl	643
.pingstore/runs/exp037-r001-compute/export/evidence/simulations/jobs/sweep__coba__seed44__drop__0p8/output.log	1183
.pingstore/runs/exp037-r001-compute/export/evidence/simulations/jobs/sweep__coba__seed44__drop__0p8/run.jsonl	642
.pingstore/runs/exp037-r001-compute/export/evidence/simulations/jobs/sweep__coba__seed44__drop__0p9/output.log	1183
.pingstore/runs/exp037-r001-compute/export/evidence/simulations/jobs/sweep__coba__seed44__drop__0p9/run.jsonl	644
.pingstore/runs/exp037-r001-compute/export/evidence/simulations/jobs/sweep__coba__seed44__drop__1/output.log	1182
.pingstore/runs/exp037-r001-compute/export/evidence/simulations/jobs/sweep__coba__seed44__drop__1/run.jsonl	643
.pingstore/runs/exp037-r001-compute/export/evidence/simulations/jobs/sweep__ping__seed42__add__0/output.log	1181
.pingstore/runs/exp037-r001-compute/export/evidence/simulations/jobs/sweep__ping__seed42__add__0/run.jsonl	643
.pingstore/runs/exp037-r001-compute/export/evidence/simulations/jobs/sweep__ping__seed42__add__10/output.log	1183
.pingstore/runs/exp037-r001-compute/export/evidence/simulations/jobs/sweep__ping__seed42__add__10/run.jsonl	643
.pingstore/runs/exp037-r001-compute/export/evidence/simulations/jobs/sweep__ping__seed42__add__12/output.log	1183
.pingstore/runs/exp037-r001-compute/export/evidence/simulations/jobs/sweep__ping__seed42__add__12/run.jsonl	643
.pingstore/runs/exp037-r001-compute/export/evidence/simulations/jobs/sweep__ping__seed42__add__14/output.log	1183
.pingstore/runs/exp037-r001-compute/export/evidence/simulations/jobs/sweep__ping__seed42__add__14/run.jsonl	643
.pingstore/runs/exp037-r001-compute/export/evidence/simulations/jobs/sweep__ping__seed42__add__16/output.log	1183
.pingstore/runs/exp037-r001-compute/export/evidence/simulations/jobs/sweep__ping__seed42__add__16/run.jsonl	643
.pingstore/runs/exp037-r001-compute/export/evidence/simulations/jobs/sweep__ping__seed42__add__18/output.log	1183
.pingstore/runs/exp037-r001-compute/export/evidence/simulations/jobs/sweep__ping__seed42__add__18/run.jsonl	643
.pingstore/runs/exp037-r001-compute/export/evidence/simulations/jobs/sweep__ping__seed42__add__2/output.log	1181
.pingstore/runs/exp037-r001-compute/export/evidence/simulations/jobs/sweep__ping__seed42__add__2/run.jsonl	644
.pingstore/runs/exp037-r001-compute/export/evidence/simulations/jobs/sweep__ping__seed42__add__20/output.log	1183
.pingstore/runs/exp037-r001-compute/export/evidence/simulations/jobs/sweep__ping__seed42__add__20/run.jsonl	643
.pingstore/runs/exp037-r001-compute/export/evidence/simulations/jobs/sweep__ping__seed42__add__22/output.log	1183
.pingstore/runs/exp037-r001-compute/export/evidence/simulations/jobs/sweep__ping__seed42__add__22/run.jsonl	643
.pingstore/runs/exp037-r001-compute/export/evidence/simulations/jobs/sweep__ping__seed42__add__24/output.log	1183
.pingstore/runs/exp037-r001-compute/export/evidence/simulations/jobs/sweep__ping__seed42__add__24/run.jsonl	643
.pingstore/runs/exp037-r001-compute/export/evidence/simulations/jobs/sweep__ping__seed42__add__26/output.log	1183
.pingstore/runs/exp037-r001-compute/export/evidence/simulations/jobs/sweep__ping__seed42__add__26/run.jsonl	643
.pingstore/runs/exp037-r001-compute/export/evidence/simulations/jobs/sweep__ping__seed42__add__28/output.log	1183
.pingstore/runs/exp037-r001-compute/export/evidence/simulations/jobs/sweep__ping__seed42__add__28/run.jsonl	644
.pingstore/runs/exp037-r001-compute/export/evidence/simulations/jobs/sweep__ping__seed42__add__30/output.log	1183
.pingstore/runs/exp037-r001-compute/export/evidence/simulations/jobs/sweep__ping__seed42__add__30/run.jsonl	643
.pingstore/runs/exp037-r001-compute/export/evidence/simulations/jobs/sweep__ping__seed42__add__32/output.log	1183
.pingstore/runs/exp037-r001-compute/export/evidence/simulations/jobs/sweep__ping__seed42__add__32/run.jsonl	643
.pingstore/runs/exp037-r001-compute/export/evidence/simulations/jobs/sweep__ping__seed42__add__34/output.log	1183
.pingstore/runs/exp037-r001-compute/export/evidence/simulations/jobs/sweep__ping__seed42__add__34/run.jsonl	643
.pingstore/runs/exp037-r001-compute/export/evidence/simulations/jobs/sweep__ping__seed42__add__36/output.log	1183
.pingstore/runs/exp037-r001-compute/export/evidence/simulations/jobs/sweep__ping__seed42__add__36/run.jsonl	643
.pingstore/runs/exp037-r001-compute/export/evidence/simulations/jobs/sweep__ping__seed42__add__38/output.log	1183
.pingstore/runs/exp037-r001-compute/export/evidence/simulations/jobs/sweep__ping__seed42__add__38/run.jsonl	643
.pingstore/runs/exp037-r001-compute/export/evidence/simulations/jobs/sweep__ping__seed42__add__4/output.log	1181
.pingstore/runs/exp037-r001-compute/export/evidence/simulations/jobs/sweep__ping__seed42__add__4/run.jsonl	644
.pingstore/runs/exp037-r001-compute/export/evidence/simulations/jobs/sweep__ping__seed42__add__40/output.log	1183
.pingstore/runs/exp037-r001-compute/export/evidence/simulations/jobs/sweep__ping__seed42__add__40/run.jsonl	643
.pingstore/runs/exp037-r001-compute/export/evidence/simulations/jobs/sweep__ping__seed42__add__6/output.log	1181
.pingstore/runs/exp037-r001-compute/export/evidence/simulations/jobs/sweep__ping__seed42__add__6/run.jsonl	644
.pingstore/runs/exp037-r001-compute/export/evidence/simulations/jobs/sweep__ping__seed42__add__8/output.log	1181
.pingstore/runs/exp037-r001-compute/export/evidence/simulations/jobs/sweep__ping__seed42__add__8/run.jsonl	643
.pingstore/runs/exp037-r001-compute/export/evidence/simulations/jobs/sweep__ping__seed42__drop__0/output.log	1183
.pingstore/runs/exp037-r001-compute/export/evidence/simulations/jobs/sweep__ping__seed42__drop__0/run.jsonl	642
.pingstore/runs/exp037-r001-compute/export/evidence/simulations/jobs/sweep__ping__seed42__drop__0p1/output.log	1183
.pingstore/runs/exp037-r001-compute/export/evidence/simulations/jobs/sweep__ping__seed42__drop__0p1/run.jsonl	643
.pingstore/runs/exp037-r001-compute/export/evidence/simulations/jobs/sweep__ping__seed42__drop__0p2/output.log	1183
.pingstore/runs/exp037-r001-compute/export/evidence/simulations/jobs/sweep__ping__seed42__drop__0p2/run.jsonl	643
.pingstore/runs/exp037-r001-compute/export/evidence/simulations/jobs/sweep__ping__seed42__drop__0p3/output.log	1183
.pingstore/runs/exp037-r001-compute/export/evidence/simulations/jobs/sweep__ping__seed42__drop__0p3/run.jsonl	643
.pingstore/runs/exp037-r001-compute/export/evidence/simulations/jobs/sweep__ping__seed42__drop__0p4/output.log	1183
.pingstore/runs/exp037-r001-compute/export/evidence/simulations/jobs/sweep__ping__seed42__drop__0p4/run.jsonl	643
.pingstore/runs/exp037-r001-compute/export/evidence/simulations/jobs/sweep__ping__seed42__drop__0p5/output.log	1183
.pingstore/runs/exp037-r001-compute/export/evidence/simulations/jobs/sweep__ping__seed42__drop__0p5/run.jsonl	643
.pingstore/runs/exp037-r001-compute/export/evidence/simulations/jobs/sweep__ping__seed42__drop__0p6/output.log	1183
.pingstore/runs/exp037-r001-compute/export/evidence/simulations/jobs/sweep__ping__seed42__drop__0p6/run.jsonl	643
.pingstore/runs/exp037-r001-compute/export/evidence/simulations/jobs/sweep__ping__seed42__drop__0p7/output.log	1183
.pingstore/runs/exp037-r001-compute/export/evidence/simulations/jobs/sweep__ping__seed42__drop__0p7/run.jsonl	643
.pingstore/runs/exp037-r001-compute/export/evidence/simulations/jobs/sweep__ping__seed42__drop__0p8/output.log	1183
.pingstore/runs/exp037-r001-compute/export/evidence/simulations/jobs/sweep__ping__seed42__drop__0p8/run.jsonl	644
.pingstore/runs/exp037-r001-compute/export/evidence/simulations/jobs/sweep__ping__seed42__drop__0p9/output.log	1183
.pingstore/runs/exp037-r001-compute/export/evidence/simulations/jobs/sweep__ping__seed42__drop__0p9/run.jsonl	643
.pingstore/runs/exp037-r001-compute/export/evidence/simulations/jobs/sweep__ping__seed42__drop__1/output.log	1182
.pingstore/runs/exp037-r001-compute/export/evidence/simulations/jobs/sweep__ping__seed42__drop__1/run.jsonl	643
.pingstore/runs/exp037-r001-compute/export/evidence/simulations/jobs/sweep__ping__seed43__add__0/output.log	1181
.pingstore/runs/exp037-r001-compute/export/evidence/simulations/jobs/sweep__ping__seed43__add__0/run.jsonl	643
.pingstore/runs/exp037-r001-compute/export/evidence/simulations/jobs/sweep__ping__seed43__add__10/output.log	1183
.pingstore/runs/exp037-r001-compute/export/evidence/simulations/jobs/sweep__ping__seed43__add__10/run.jsonl	643
.pingstore/runs/exp037-r001-compute/export/evidence/simulations/jobs/sweep__ping__seed43__add__12/output.log	1183
.pingstore/runs/exp037-r001-compute/export/evidence/simulations/jobs/sweep__ping__seed43__add__12/run.jsonl	643
.pingstore/runs/exp037-r001-compute/export/evidence/simulations/jobs/sweep__ping__seed43__add__14/output.log	1183
.pingstore/runs/exp037-r001-compute/export/evidence/simulations/jobs/sweep__ping__seed43__add__14/run.jsonl	643
.pingstore/runs/exp037-r001-compute/export/evidence/simulations/jobs/sweep__ping__seed43__add__16/output.log	1183
.pingstore/runs/exp037-r001-compute/export/evidence/simulations/jobs/sweep__ping__seed43__add__16/run.jsonl	643
.pingstore/runs/exp037-r001-compute/export/evidence/simulations/jobs/sweep__ping__seed43__add__18/output.log	1183
.pingstore/runs/exp037-r001-compute/export/evidence/simulations/jobs/sweep__ping__seed43__add__18/run.jsonl	643
.pingstore/runs/exp037-r001-compute/export/evidence/simulations/jobs/sweep__ping__seed43__add__2/output.log	1181
.pingstore/runs/exp037-r001-compute/export/evidence/simulations/jobs/sweep__ping__seed43__add__2/run.jsonl	644
.pingstore/runs/exp037-r001-compute/export/evidence/simulations/jobs/sweep__ping__seed43__add__20/output.log	1183
.pingstore/runs/exp037-r001-compute/export/evidence/simulations/jobs/sweep__ping__seed43__add__20/run.jsonl	644
.pingstore/runs/exp037-r001-compute/export/evidence/simulations/jobs/sweep__ping__seed43__add__22/output.log	1183
.pingstore/runs/exp037-r001-compute/export/evidence/simulations/jobs/sweep__ping__seed43__add__22/run.jsonl	644
.pingstore/runs/exp037-r001-compute/export/evidence/simulations/jobs/sweep__ping__seed43__add__24/output.log	1183
.pingstore/runs/exp037-r001-compute/export/evidence/simulations/jobs/sweep__ping__seed43__add__24/run.jsonl	642
.pingstore/runs/exp037-r001-compute/export/evidence/simulations/jobs/sweep__ping__seed43__add__26/output.log	1183
.pingstore/runs/exp037-r001-compute/export/evidence/simulations/jobs/sweep__ping__seed43__add__26/run.jsonl	643
.pingstore/runs/exp037-r001-compute/export/evidence/simulations/jobs/sweep__ping__seed43__add__28/output.log	1183
.pingstore/runs/exp037-r001-compute/export/evidence/simulations/jobs/sweep__ping__seed43__add__28/run.jsonl	644
.pingstore/runs/exp037-r001-compute/export/evidence/simulations/jobs/sweep__ping__seed43__add__30/output.log	1183
.pingstore/runs/exp037-r001-compute/export/evidence/simulations/jobs/sweep__ping__seed43__add__30/run.jsonl	643
.pingstore/runs/exp037-r001-compute/export/evidence/simulations/jobs/sweep__ping__seed43__add__32/output.log	1183
.pingstore/runs/exp037-r001-compute/export/evidence/simulations/jobs/sweep__ping__seed43__add__32/run.jsonl	642
.pingstore/runs/exp037-r001-compute/export/evidence/simulations/jobs/sweep__ping__seed43__add__34/output.log	1183
.pingstore/runs/exp037-r001-compute/export/evidence/simulations/jobs/sweep__ping__seed43__add__34/run.jsonl	644
.pingstore/runs/exp037-r001-compute/export/evidence/simulations/jobs/sweep__ping__seed43__add__36/output.log	1183
.pingstore/runs/exp037-r001-compute/export/evidence/simulations/jobs/sweep__ping__seed43__add__36/run.jsonl	643
.pingstore/runs/exp037-r001-compute/export/evidence/simulations/jobs/sweep__ping__seed43__add__38/output.log	1183
.pingstore/runs/exp037-r001-compute/export/evidence/simulations/jobs/sweep__ping__seed43__add__38/run.jsonl	644
.pingstore/runs/exp037-r001-compute/export/evidence/simulations/jobs/sweep__ping__seed43__add__4/output.log	1181
.pingstore/runs/exp037-r001-compute/export/evidence/simulations/jobs/sweep__ping__seed43__add__4/run.jsonl	643
.pingstore/runs/exp037-r001-compute/export/evidence/simulations/jobs/sweep__ping__seed43__add__40/output.log	1183
.pingstore/runs/exp037-r001-compute/export/evidence/simulations/jobs/sweep__ping__seed43__add__40/run.jsonl	644
.pingstore/runs/exp037-r001-compute/export/evidence/simulations/jobs/sweep__ping__seed43__add__6/output.log	1181
.pingstore/runs/exp037-r001-compute/export/evidence/simulations/jobs/sweep__ping__seed43__add__6/run.jsonl	643
.pingstore/runs/exp037-r001-compute/export/evidence/simulations/jobs/sweep__ping__seed43__add__8/output.log	1181
.pingstore/runs/exp037-r001-compute/export/evidence/simulations/jobs/sweep__ping__seed43__add__8/run.jsonl	643
.pingstore/runs/exp037-r001-compute/export/evidence/simulations/jobs/sweep__ping__seed43__drop__0/output.log	1183
.pingstore/runs/exp037-r001-compute/export/evidence/simulations/jobs/sweep__ping__seed43__drop__0/run.jsonl	643
.pingstore/runs/exp037-r001-compute/export/evidence/simulations/jobs/sweep__ping__seed43__drop__0p1/output.log	1183
.pingstore/runs/exp037-r001-compute/export/evidence/simulations/jobs/sweep__ping__seed43__drop__0p1/run.jsonl	643
.pingstore/runs/exp037-r001-compute/export/evidence/simulations/jobs/sweep__ping__seed43__drop__0p2/output.log	1183
.pingstore/runs/exp037-r001-compute/export/evidence/simulations/jobs/sweep__ping__seed43__drop__0p2/run.jsonl	643
.pingstore/runs/exp037-r001-compute/export/evidence/simulations/jobs/sweep__ping__seed43__drop__0p3/output.log	1183
.pingstore/runs/exp037-r001-compute/export/evidence/simulations/jobs/sweep__ping__seed43__drop__0p3/run.jsonl	643
.pingstore/runs/exp037-r001-compute/export/evidence/simulations/jobs/sweep__ping__seed43__drop__0p4/output.log	1183
.pingstore/runs/exp037-r001-compute/export/evidence/simulations/jobs/sweep__ping__seed43__drop__0p4/run.jsonl	642
.pingstore/runs/exp037-r001-compute/export/evidence/simulations/jobs/sweep__ping__seed43__drop__0p5/output.log	1183
.pingstore/runs/exp037-r001-compute/export/evidence/simulations/jobs/sweep__ping__seed43__drop__0p5/run.jsonl	643
.pingstore/runs/exp037-r001-compute/export/evidence/simulations/jobs/sweep__ping__seed43__drop__0p6/output.log	1183
.pingstore/runs/exp037-r001-compute/export/evidence/simulations/jobs/sweep__ping__seed43__drop__0p6/run.jsonl	642
.pingstore/runs/exp037-r001-compute/export/evidence/simulations/jobs/sweep__ping__seed43__drop__0p7/output.log	1183
.pingstore/runs/exp037-r001-compute/export/evidence/simulations/jobs/sweep__ping__seed43__drop__0p7/run.jsonl	642
.pingstore/runs/exp037-r001-compute/export/evidence/simulations/jobs/sweep__ping__seed43__drop__0p8/output.log	1183
.pingstore/runs/exp037-r001-compute/export/evidence/simulations/jobs/sweep__ping__seed43__drop__0p8/run.jsonl	643
.pingstore/runs/exp037-r001-compute/export/evidence/simulations/jobs/sweep__ping__seed43__drop__0p9/output.log	1183
.pingstore/runs/exp037-r001-compute/export/evidence/simulations/jobs/sweep__ping__seed43__drop__0p9/run.jsonl	643
.pingstore/runs/exp037-r001-compute/export/evidence/simulations/jobs/sweep__ping__seed43__drop__1/output.log	1182
.pingstore/runs/exp037-r001-compute/export/evidence/simulations/jobs/sweep__ping__seed43__drop__1/run.jsonl	643
.pingstore/runs/exp037-r001-compute/export/evidence/simulations/jobs/sweep__ping__seed44__add__0/output.log	1181
.pingstore/runs/exp037-r001-compute/export/evidence/simulations/jobs/sweep__ping__seed44__add__0/run.jsonl	643
.pingstore/runs/exp037-r001-compute/export/evidence/simulations/jobs/sweep__ping__seed44__add__10/output.log	1183
.pingstore/runs/exp037-r001-compute/export/evidence/simulations/jobs/sweep__ping__seed44__add__10/run.jsonl	643
.pingstore/runs/exp037-r001-compute/export/evidence/simulations/jobs/sweep__ping__seed44__add__12/output.log	1183
.pingstore/runs/exp037-r001-compute/export/evidence/simulations/jobs/sweep__ping__seed44__add__12/run.jsonl	644
.pingstore/runs/exp037-r001-compute/export/evidence/simulations/jobs/sweep__ping__seed44__add__14/output.log	1183
.pingstore/runs/exp037-r001-compute/export/evidence/simulations/jobs/sweep__ping__seed44__add__14/run.jsonl	643
.pingstore/runs/exp037-r001-compute/export/evidence/simulations/jobs/sweep__ping__seed44__add__16/output.log	1183
.pingstore/runs/exp037-r001-compute/export/evidence/simulations/jobs/sweep__ping__seed44__add__16/run.jsonl	643
.pingstore/runs/exp037-r001-compute/export/evidence/simulations/jobs/sweep__ping__seed44__add__18/output.log	1183
.pingstore/runs/exp037-r001-compute/export/evidence/simulations/jobs/sweep__ping__seed44__add__18/run.jsonl	643
.pingstore/runs/exp037-r001-compute/export/evidence/simulations/jobs/sweep__ping__seed44__add__2/output.log	1181
.pingstore/runs/exp037-r001-compute/export/evidence/simulations/jobs/sweep__ping__seed44__add__2/run.jsonl	643
.pingstore/runs/exp037-r001-compute/export/evidence/simulations/jobs/sweep__ping__seed44__add__20/output.log	1183
.pingstore/runs/exp037-r001-compute/export/evidence/simulations/jobs/sweep__ping__seed44__add__20/run.jsonl	643
.pingstore/runs/exp037-r001-compute/export/evidence/simulations/jobs/sweep__ping__seed44__add__22/output.log	1183
.pingstore/runs/exp037-r001-compute/export/evidence/simulations/jobs/sweep__ping__seed44__add__22/run.jsonl	643
.pingstore/runs/exp037-r001-compute/export/evidence/simulations/jobs/sweep__ping__seed44__add__24/output.log	1181
.pingstore/runs/exp037-r001-compute/export/evidence/simulations/jobs/sweep__ping__seed44__add__24/run.jsonl	642
.pingstore/runs/exp037-r001-compute/export/evidence/simulations/jobs/sweep__ping__seed44__add__26/output.log	1181
.pingstore/runs/exp037-r001-compute/export/evidence/simulations/jobs/sweep__ping__seed44__add__26/run.jsonl	643
.pingstore/runs/exp037-r001-compute/export/evidence/simulations/jobs/sweep__ping__seed44__add__28/output.log	1181
.pingstore/runs/exp037-r001-compute/export/evidence/simulations/jobs/sweep__ping__seed44__add__28/run.jsonl	643
.pingstore/runs/exp037-r001-compute/export/evidence/simulations/jobs/sweep__ping__seed44__add__30/output.log	1181
.pingstore/runs/exp037-r001-compute/export/evidence/simulations/jobs/sweep__ping__seed44__add__30/run.jsonl	643
.pingstore/runs/exp037-r001-compute/export/evidence/simulations/jobs/sweep__ping__seed44__add__32/output.log	1181
.pingstore/runs/exp037-r001-compute/export/evidence/simulations/jobs/sweep__ping__seed44__add__32/run.jsonl	644
.pingstore/runs/exp037-r001-compute/export/evidence/simulations/jobs/sweep__ping__seed44__add__34/output.log	1181
.pingstore/runs/exp037-r001-compute/export/evidence/simulations/jobs/sweep__ping__seed44__add__34/run.jsonl	644
.pingstore/runs/exp037-r001-compute/export/evidence/simulations/jobs/sweep__ping__seed44__add__36/output.log	1181
.pingstore/runs/exp037-r001-compute/export/evidence/simulations/jobs/sweep__ping__seed44__add__36/run.jsonl	642
.pingstore/runs/exp037-r001-compute/export/evidence/simulations/jobs/sweep__ping__seed44__add__38/output.log	1181
.pingstore/runs/exp037-r001-compute/export/evidence/simulations/jobs/sweep__ping__seed44__add__38/run.jsonl	643
.pingstore/runs/exp037-r001-compute/export/evidence/simulations/jobs/sweep__ping__seed44__add__4/output.log	1181
.pingstore/runs/exp037-r001-compute/export/evidence/simulations/jobs/sweep__ping__seed44__add__4/run.jsonl	643
.pingstore/runs/exp037-r001-compute/export/evidence/simulations/jobs/sweep__ping__seed44__add__40/output.log	1181
.pingstore/runs/exp037-r001-compute/export/evidence/simulations/jobs/sweep__ping__seed44__add__40/run.jsonl	643
.pingstore/runs/exp037-r001-compute/export/evidence/simulations/jobs/sweep__ping__seed44__add__6/output.log	1181
.pingstore/runs/exp037-r001-compute/export/evidence/simulations/jobs/sweep__ping__seed44__add__6/run.jsonl	643
.pingstore/runs/exp037-r001-compute/export/evidence/simulations/jobs/sweep__ping__seed44__add__8/output.log	1181
.pingstore/runs/exp037-r001-compute/export/evidence/simulations/jobs/sweep__ping__seed44__add__8/run.jsonl	644
.pingstore/runs/exp037-r001-compute/export/evidence/simulations/jobs/sweep__ping__seed44__drop__0/output.log	1183
.pingstore/runs/exp037-r001-compute/export/evidence/simulations/jobs/sweep__ping__seed44__drop__0/run.jsonl	643
.pingstore/runs/exp037-r001-compute/export/evidence/simulations/jobs/sweep__ping__seed44__drop__0p1/output.log	1183
.pingstore/runs/exp037-r001-compute/export/evidence/simulations/jobs/sweep__ping__seed44__drop__0p1/run.jsonl	643
.pingstore/runs/exp037-r001-compute/export/evidence/simulations/jobs/sweep__ping__seed44__drop__0p2/output.log	1183
.pingstore/runs/exp037-r001-compute/export/evidence/simulations/jobs/sweep__ping__seed44__drop__0p2/run.jsonl	643
.pingstore/runs/exp037-r001-compute/export/evidence/simulations/jobs/sweep__ping__seed44__drop__0p3/output.log	1183
.pingstore/runs/exp037-r001-compute/export/evidence/simulations/jobs/sweep__ping__seed44__drop__0p3/run.jsonl	642
.pingstore/runs/exp037-r001-compute/export/evidence/simulations/jobs/sweep__ping__seed44__drop__0p4/output.log	1183
.pingstore/runs/exp037-r001-compute/export/evidence/simulations/jobs/sweep__ping__seed44__drop__0p4/run.jsonl	643
.pingstore/runs/exp037-r001-compute/export/evidence/simulations/jobs/sweep__ping__seed44__drop__0p5/output.log	1183
.pingstore/runs/exp037-r001-compute/export/evidence/simulations/jobs/sweep__ping__seed44__drop__0p5/run.jsonl	644
.pingstore/runs/exp037-r001-compute/export/evidence/simulations/jobs/sweep__ping__seed44__drop__0p6/output.log	1183
.pingstore/runs/exp037-r001-compute/export/evidence/simulations/jobs/sweep__ping__seed44__drop__0p6/run.jsonl	644
.pingstore/runs/exp037-r001-compute/export/evidence/simulations/jobs/sweep__ping__seed44__drop__0p7/output.log	1183
.pingstore/runs/exp037-r001-compute/export/evidence/simulations/jobs/sweep__ping__seed44__drop__0p7/run.jsonl	643
.pingstore/runs/exp037-r001-compute/export/evidence/simulations/jobs/sweep__ping__seed44__drop__0p8/output.log	1183
.pingstore/runs/exp037-r001-compute/export/evidence/simulations/jobs/sweep__ping__seed44__drop__0p8/run.jsonl	644
.pingstore/runs/exp037-r001-compute/export/evidence/simulations/jobs/sweep__ping__seed44__drop__0p9/output.log	1183
.pingstore/runs/exp037-r001-compute/export/evidence/simulations/jobs/sweep__ping__seed44__drop__0p9/run.jsonl	643
.pingstore/runs/exp037-r001-compute/export/evidence/simulations/jobs/sweep__ping__seed44__drop__1/output.log	1182
.pingstore/runs/exp037-r001-compute/export/evidence/simulations/jobs/sweep__ping__seed44__drop__1/run.jsonl	643
.pingstore/runs/exp038-r001-compute/export/evidence/exp041-import-helpers.py	17963
.pingstore/runs/exp038-r001-compute/export/evidence/import_gold2.py	14514
.pingstore/runs/exp038-r001-compute/export/evidence/simulations/ei_raster/coba__seed42__0.2/output.log	820
.pingstore/runs/exp038-r001-compute/export/evidence/simulations/ei_raster/coba__seed42__0.2/run.jsonl	643
.pingstore/runs/exp038-r001-compute/export/evidence/simulations/ei_raster/coba__seed42__0.4/output.log	820
.pingstore/runs/exp038-r001-compute/export/evidence/simulations/ei_raster/coba__seed42__0.4/run.jsonl	644
.pingstore/runs/exp038-r001-compute/export/evidence/simulations/ei_raster/coba__seed42__0.6/output.log	820
.pingstore/runs/exp038-r001-compute/export/evidence/simulations/ei_raster/coba__seed42__0.6/run.jsonl	643
.pingstore/runs/exp038-r001-compute/export/evidence/simulations/ei_raster/coba__seed42__0.8/output.log	820
.pingstore/runs/exp038-r001-compute/export/evidence/simulations/ei_raster/coba__seed42__0.8/run.jsonl	643
.pingstore/runs/exp038-r001-compute/export/evidence/simulations/ei_raster/coba__seed42__0/output.log	820
.pingstore/runs/exp038-r001-compute/export/evidence/simulations/ei_raster/coba__seed42__0/run.jsonl	642
.pingstore/runs/exp038-r001-compute/export/evidence/simulations/ei_raster/coba__seed42__1/output.log	820
.pingstore/runs/exp038-r001-compute/export/evidence/simulations/ei_raster/coba__seed42__1/run.jsonl	643
.pingstore/runs/exp038-r001-compute/export/evidence/simulations/ei_sweep/coba__seed42__0.1/output.log	1204
.pingstore/runs/exp038-r001-compute/export/evidence/simulations/ei_sweep/coba__seed42__0.1/run.jsonl	643
.pingstore/runs/exp038-r001-compute/export/evidence/simulations/ei_sweep/coba__seed42__0.2/output.log	1204
.pingstore/runs/exp038-r001-compute/export/evidence/simulations/ei_sweep/coba__seed42__0.2/run.jsonl	644
.pingstore/runs/exp038-r001-compute/export/evidence/simulations/ei_sweep/coba__seed42__0.3/output.log	1204
.pingstore/runs/exp038-r001-compute/export/evidence/simulations/ei_sweep/coba__seed42__0.3/run.jsonl	643
.pingstore/runs/exp038-r001-compute/export/evidence/simulations/ei_sweep/coba__seed42__0.4/output.log	1204
.pingstore/runs/exp038-r001-compute/export/evidence/simulations/ei_sweep/coba__seed42__0.4/run.jsonl	644
.pingstore/runs/exp038-r001-compute/export/evidence/simulations/ei_sweep/coba__seed42__0.5/output.log	1204
.pingstore/runs/exp038-r001-compute/export/evidence/simulations/ei_sweep/coba__seed42__0.5/run.jsonl	643
.pingstore/runs/exp038-r001-compute/export/evidence/simulations/ei_sweep/coba__seed42__0.6/output.log	1204
.pingstore/runs/exp038-r001-compute/export/evidence/simulations/ei_sweep/coba__seed42__0.6/run.jsonl	644
.pingstore/runs/exp038-r001-compute/export/evidence/simulations/ei_sweep/coba__seed42__0.7/output.log	1204
.pingstore/runs/exp038-r001-compute/export/evidence/simulations/ei_sweep/coba__seed42__0.7/run.jsonl	644
.pingstore/runs/exp038-r001-compute/export/evidence/simulations/ei_sweep/coba__seed42__0.8/output.log	1203
.pingstore/runs/exp038-r001-compute/export/evidence/simulations/ei_sweep/coba__seed42__0.8/run.jsonl	643
.pingstore/runs/exp038-r001-compute/export/evidence/simulations/ei_sweep/coba__seed42__0.9/output.log	1203
.pingstore/runs/exp038-r001-compute/export/evidence/simulations/ei_sweep/coba__seed42__0.9/run.jsonl	644
.pingstore/runs/exp038-r001-compute/export/evidence/simulations/ei_sweep/coba__seed42__0/output.log	1203
.pingstore/runs/exp038-r001-compute/export/evidence/simulations/ei_sweep/coba__seed42__0/run.jsonl	644
.pingstore/runs/exp038-r001-compute/export/evidence/simulations/ei_sweep/coba__seed42__1/output.log	1201
.pingstore/runs/exp038-r001-compute/export/evidence/simulations/ei_sweep/coba__seed42__1/run.jsonl	643
.pingstore/runs/exp038-r001-compute/export/evidence/simulations/ei_sweep/coba__seed43__0.1/output.log	1204
.pingstore/runs/exp038-r001-compute/export/evidence/simulations/ei_sweep/coba__seed43__0.1/run.jsonl	643
.pingstore/runs/exp038-r001-compute/export/evidence/simulations/ei_sweep/coba__seed43__0.2/output.log	1204
.pingstore/runs/exp038-r001-compute/export/evidence/simulations/ei_sweep/coba__seed43__0.2/run.jsonl	644
.pingstore/runs/exp038-r001-compute/export/evidence/simulations/ei_sweep/coba__seed43__0.3/output.log	1204
.pingstore/runs/exp038-r001-compute/export/evidence/simulations/ei_sweep/coba__seed43__0.3/run.jsonl	644
.pingstore/runs/exp038-r001-compute/export/evidence/simulations/ei_sweep/coba__seed43__0.4/output.log	1204
.pingstore/runs/exp038-r001-compute/export/evidence/simulations/ei_sweep/coba__seed43__0.4/run.jsonl	644
.pingstore/runs/exp038-r001-compute/export/evidence/simulations/ei_sweep/coba__seed43__0.5/output.log	1204
.pingstore/runs/exp038-r001-compute/export/evidence/simulations/ei_sweep/coba__seed43__0.5/run.jsonl	644
.pingstore/runs/exp038-r001-compute/export/evidence/simulations/ei_sweep/coba__seed43__0.6/output.log	1204
.pingstore/runs/exp038-r001-compute/export/evidence/simulations/ei_sweep/coba__seed43__0.6/run.jsonl	644
.pingstore/runs/exp038-r001-compute/export/evidence/simulations/ei_sweep/coba__seed43__0.7/output.log	1204
.pingstore/runs/exp038-r001-compute/export/evidence/simulations/ei_sweep/coba__seed43__0.7/run.jsonl	644
.pingstore/runs/exp038-r001-compute/export/evidence/simulations/ei_sweep/coba__seed43__0.8/output.log	1204
.pingstore/runs/exp038-r001-compute/export/evidence/simulations/ei_sweep/coba__seed43__0.8/run.jsonl	643
.pingstore/runs/exp038-r001-compute/export/evidence/simulations/ei_sweep/coba__seed43__0.9/output.log	1203
.pingstore/runs/exp038-r001-compute/export/evidence/simulations/ei_sweep/coba__seed43__0.9/run.jsonl	644
.pingstore/runs/exp038-r001-compute/export/evidence/simulations/ei_sweep/coba__seed43__0/output.log	1203
.pingstore/runs/exp038-r001-compute/export/evidence/simulations/ei_sweep/coba__seed43__0/run.jsonl	643
.pingstore/runs/exp038-r001-compute/export/evidence/simulations/ei_sweep/coba__seed43__1/output.log	1201
.pingstore/runs/exp038-r001-compute/export/evidence/simulations/ei_sweep/coba__seed43__1/run.jsonl	643
.pingstore/runs/exp038-r001-compute/export/evidence/simulations/ei_sweep/coba__seed44__0.1/output.log	1204
.pingstore/runs/exp038-r001-compute/export/evidence/simulations/ei_sweep/coba__seed44__0.1/run.jsonl	643
.pingstore/runs/exp038-r001-compute/export/evidence/simulations/ei_sweep/coba__seed44__0.2/output.log	1204
.pingstore/runs/exp038-r001-compute/export/evidence/simulations/ei_sweep/coba__seed44__0.2/run.jsonl	644
.pingstore/runs/exp038-r001-compute/export/evidence/simulations/ei_sweep/coba__seed44__0.3/output.log	1204
.pingstore/runs/exp038-r001-compute/export/evidence/simulations/ei_sweep/coba__seed44__0.3/run.jsonl	643
.pingstore/runs/exp038-r001-compute/export/evidence/simulations/ei_sweep/coba__seed44__0.4/output.log	1204
.pingstore/runs/exp038-r001-compute/export/evidence/simulations/ei_sweep/coba__seed44__0.4/run.jsonl	643
.pingstore/runs/exp038-r001-compute/export/evidence/simulations/ei_sweep/coba__seed44__0.5/output.log	1204
.pingstore/runs/exp038-r001-compute/export/evidence/simulations/ei_sweep/coba__seed44__0.5/run.jsonl	644
.pingstore/runs/exp038-r001-compute/export/evidence/simulations/ei_sweep/coba__seed44__0.6/output.log	1204
.pingstore/runs/exp038-r001-compute/export/evidence/simulations/ei_sweep/coba__seed44__0.6/run.jsonl	644
.pingstore/runs/exp038-r001-compute/export/evidence/simulations/ei_sweep/coba__seed44__0.7/output.log	1204
.pingstore/runs/exp038-r001-compute/export/evidence/simulations/ei_sweep/coba__seed44__0.7/run.jsonl	644
.pingstore/runs/exp038-r001-compute/export/evidence/simulations/ei_sweep/coba__seed44__0.8/output.log	1204
.pingstore/runs/exp038-r001-compute/export/evidence/simulations/ei_sweep/coba__seed44__0.8/run.jsonl	644
.pingstore/runs/exp038-r001-compute/export/evidence/simulations/ei_sweep/coba__seed44__0.9/output.log	1203
.pingstore/runs/exp038-r001-compute/export/evidence/simulations/ei_sweep/coba__seed44__0.9/run.jsonl	644
.pingstore/runs/exp038-r001-compute/export/evidence/simulations/ei_sweep/coba__seed44__0/output.log	1203
.pingstore/runs/exp038-r001-compute/export/evidence/simulations/ei_sweep/coba__seed44__0/run.jsonl	644
.pingstore/runs/exp038-r001-compute/export/evidence/simulations/ei_sweep/coba__seed44__1/output.log	1201
.pingstore/runs/exp038-r001-compute/export/evidence/simulations/ei_sweep/coba__seed44__1/run.jsonl	644
.pingstore/runs/exp038-r001-compute/export/evidence/simulations/fi_uniform/coba__seed42__0/output.log	889
.pingstore/runs/exp038-r001-compute/export/evidence/simulations/fi_uniform/coba__seed42__0/run.jsonl	448
.pingstore/runs/exp038-r001-compute/export/evidence/simulations/fi_uniform/coba__seed42__1/output.log	890
.pingstore/runs/exp038-r001-compute/export/evidence/simulations/fi_uniform/coba__seed42__1/run.jsonl	447
.pingstore/runs/exp038-r001-compute/export/evidence/simulations/fi_uniform/coba__seed42__10/output.log	894
.pingstore/runs/exp038-r001-compute/export/evidence/simulations/fi_uniform/coba__seed42__10/run.jsonl	449
.pingstore/runs/exp038-r001-compute/export/evidence/simulations/fi_uniform/coba__seed42__100/output.log	897
.pingstore/runs/exp038-r001-compute/export/evidence/simulations/fi_uniform/coba__seed42__100/run.jsonl	450
.pingstore/runs/exp038-r001-compute/export/evidence/simulations/fi_uniform/coba__seed42__12/output.log	894
.pingstore/runs/exp038-r001-compute/export/evidence/simulations/fi_uniform/coba__seed42__12/run.jsonl	449
.pingstore/runs/exp038-r001-compute/export/evidence/simulations/fi_uniform/coba__seed42__14/output.log	894
.pingstore/runs/exp038-r001-compute/export/evidence/simulations/fi_uniform/coba__seed42__14/run.jsonl	449
.pingstore/runs/exp038-r001-compute/export/evidence/simulations/fi_uniform/coba__seed42__16/output.log	894
.pingstore/runs/exp038-r001-compute/export/evidence/simulations/fi_uniform/coba__seed42__16/run.jsonl	449
.pingstore/runs/exp038-r001-compute/export/evidence/simulations/fi_uniform/coba__seed42__18/output.log	894
.pingstore/runs/exp038-r001-compute/export/evidence/simulations/fi_uniform/coba__seed42__18/run.jsonl	450
.pingstore/runs/exp038-r001-compute/export/evidence/simulations/fi_uniform/coba__seed42__2/output.log	890
.pingstore/runs/exp038-r001-compute/export/evidence/simulations/fi_uniform/coba__seed42__2/run.jsonl	447
.pingstore/runs/exp038-r001-compute/export/evidence/simulations/fi_uniform/coba__seed42__20/output.log	894
.pingstore/runs/exp038-r001-compute/export/evidence/simulations/fi_uniform/coba__seed42__20/run.jsonl	449
.pingstore/runs/exp038-r001-compute/export/evidence/simulations/fi_uniform/coba__seed42__25/output.log	894
.pingstore/runs/exp038-r001-compute/export/evidence/simulations/fi_uniform/coba__seed42__25/run.jsonl	449
.pingstore/runs/exp038-r001-compute/export/evidence/simulations/fi_uniform/coba__seed42__3/output.log	891
.pingstore/runs/exp038-r001-compute/export/evidence/simulations/fi_uniform/coba__seed42__3/run.jsonl	448
.pingstore/runs/exp038-r001-compute/export/evidence/simulations/fi_uniform/coba__seed42__30/output.log	894
.pingstore/runs/exp038-r001-compute/export/evidence/simulations/fi_uniform/coba__seed42__30/run.jsonl	449
.pingstore/runs/exp038-r001-compute/export/evidence/simulations/fi_uniform/coba__seed42__35/output.log	894
.pingstore/runs/exp038-r001-compute/export/evidence/simulations/fi_uniform/coba__seed42__35/run.jsonl	449
.pingstore/runs/exp038-r001-compute/export/evidence/simulations/fi_uniform/coba__seed42__4/output.log	891
.pingstore/runs/exp038-r001-compute/export/evidence/simulations/fi_uniform/coba__seed42__4/run.jsonl	448
.pingstore/runs/exp038-r001-compute/export/evidence/simulations/fi_uniform/coba__seed42__40/output.log	894
.pingstore/runs/exp038-r001-compute/export/evidence/simulations/fi_uniform/coba__seed42__40/run.jsonl	449
.pingstore/runs/exp038-r001-compute/export/evidence/simulations/fi_uniform/coba__seed42__5/output.log	891
.pingstore/runs/exp038-r001-compute/export/evidence/simulations/fi_uniform/coba__seed42__5/run.jsonl	448
.pingstore/runs/exp038-r001-compute/export/evidence/simulations/fi_uniform/coba__seed42__50/output.log	894
.pingstore/runs/exp038-r001-compute/export/evidence/simulations/fi_uniform/coba__seed42__50/run.jsonl	449
.pingstore/runs/exp038-r001-compute/export/evidence/simulations/fi_uniform/coba__seed42__6/output.log	891
.pingstore/runs/exp038-r001-compute/export/evidence/simulations/fi_uniform/coba__seed42__6/run.jsonl	448
.pingstore/runs/exp038-r001-compute/export/evidence/simulations/fi_uniform/coba__seed42__60/output.log	894
.pingstore/runs/exp038-r001-compute/export/evidence/simulations/fi_uniform/coba__seed42__60/run.jsonl	449
.pingstore/runs/exp038-r001-compute/export/evidence/simulations/fi_uniform/coba__seed42__7/output.log	891
.pingstore/runs/exp038-r001-compute/export/evidence/simulations/fi_uniform/coba__seed42__7/run.jsonl	447
.pingstore/runs/exp038-r001-compute/export/evidence/simulations/fi_uniform/coba__seed42__70/output.log	894
.pingstore/runs/exp038-r001-compute/export/evidence/simulations/fi_uniform/coba__seed42__70/run.jsonl	448
.pingstore/runs/exp038-r001-compute/export/evidence/simulations/fi_uniform/coba__seed42__8/output.log	891
.pingstore/runs/exp038-r001-compute/export/evidence/simulations/fi_uniform/coba__seed42__8/run.jsonl	448
.pingstore/runs/exp038-r001-compute/export/evidence/simulations/fi_uniform/coba__seed42__80/output.log	894
.pingstore/runs/exp038-r001-compute/export/evidence/simulations/fi_uniform/coba__seed42__80/run.jsonl	449
.pingstore/runs/exp038-r001-compute/export/evidence/simulations/fi_uniform/coba__seed42__9/output.log	891
.pingstore/runs/exp038-r001-compute/export/evidence/simulations/fi_uniform/coba__seed42__9/run.jsonl	448
.pingstore/runs/exp038-r001-compute/export/evidence/simulations/fi_uniform/coba__seed42__90/output.log	894
.pingstore/runs/exp038-r001-compute/export/evidence/simulations/fi_uniform/coba__seed42__90/run.jsonl	449
.pingstore/runs/exp038-r001-compute/export/evidence/simulations/fi_uniform/ping__seed42__0/output.log	889
.pingstore/runs/exp038-r001-compute/export/evidence/simulations/fi_uniform/ping__seed42__0/run.jsonl	448
.pingstore/runs/exp038-r001-compute/export/evidence/simulations/fi_uniform/ping__seed42__1/output.log	890
.pingstore/runs/exp038-r001-compute/export/evidence/simulations/fi_uniform/ping__seed42__1/run.jsonl	448
.pingstore/runs/exp038-r001-compute/export/evidence/simulations/fi_uniform/ping__seed42__10/output.log	895
.pingstore/runs/exp038-r001-compute/export/evidence/simulations/fi_uniform/ping__seed42__10/run.jsonl	449
.pingstore/runs/exp038-r001-compute/export/evidence/simulations/fi_uniform/ping__seed42__100/output.log	898
.pingstore/runs/exp038-r001-compute/export/evidence/simulations/fi_uniform/ping__seed42__100/run.jsonl	451
.pingstore/runs/exp038-r001-compute/export/evidence/simulations/fi_uniform/ping__seed42__12/output.log	895
.pingstore/runs/exp038-r001-compute/export/evidence/simulations/fi_uniform/ping__seed42__12/run.jsonl	449
.pingstore/runs/exp038-r001-compute/export/evidence/simulations/fi_uniform/ping__seed42__14/output.log	895
.pingstore/runs/exp038-r001-compute/export/evidence/simulations/fi_uniform/ping__seed42__14/run.jsonl	449
.pingstore/runs/exp038-r001-compute/export/evidence/simulations/fi_uniform/ping__seed42__16/output.log	895
.pingstore/runs/exp038-r001-compute/export/evidence/simulations/fi_uniform/ping__seed42__16/run.jsonl	449
.pingstore/runs/exp038-r001-compute/export/evidence/simulations/fi_uniform/ping__seed42__18/output.log	895
.pingstore/runs/exp038-r001-compute/export/evidence/simulations/fi_uniform/ping__seed42__18/run.jsonl	449
.pingstore/runs/exp038-r001-compute/export/evidence/simulations/fi_uniform/ping__seed42__2/output.log	891
.pingstore/runs/exp038-r001-compute/export/evidence/simulations/fi_uniform/ping__seed42__2/run.jsonl	448
.pingstore/runs/exp038-r001-compute/export/evidence/simulations/fi_uniform/ping__seed42__20/output.log	895
.pingstore/runs/exp038-r001-compute/export/evidence/simulations/fi_uniform/ping__seed42__20/run.jsonl	449
.pingstore/runs/exp038-r001-compute/export/evidence/simulations/fi_uniform/ping__seed42__25/output.log	895
.pingstore/runs/exp038-r001-compute/export/evidence/simulations/fi_uniform/ping__seed42__25/run.jsonl	449
.pingstore/runs/exp038-r001-compute/export/evidence/simulations/fi_uniform/ping__seed42__3/output.log	891
.pingstore/runs/exp038-r001-compute/export/evidence/simulations/fi_uniform/ping__seed42__3/run.jsonl	448
.pingstore/runs/exp038-r001-compute/export/evidence/simulations/fi_uniform/ping__seed42__30/output.log	895
.pingstore/runs/exp038-r001-compute/export/evidence/simulations/fi_uniform/ping__seed42__30/run.jsonl	449
.pingstore/runs/exp038-r001-compute/export/evidence/simulations/fi_uniform/ping__seed42__35/output.log	895
.pingstore/runs/exp038-r001-compute/export/evidence/simulations/fi_uniform/ping__seed42__35/run.jsonl	449
.pingstore/runs/exp038-r001-compute/export/evidence/simulations/fi_uniform/ping__seed42__4/output.log	891
.pingstore/runs/exp038-r001-compute/export/evidence/simulations/fi_uniform/ping__seed42__4/run.jsonl	448
.pingstore/runs/exp038-r001-compute/export/evidence/simulations/fi_uniform/ping__seed42__40/output.log	895
.pingstore/runs/exp038-r001-compute/export/evidence/simulations/fi_uniform/ping__seed42__40/run.jsonl	449
.pingstore/runs/exp038-r001-compute/export/evidence/simulations/fi_uniform/ping__seed42__5/output.log	892
.pingstore/runs/exp038-r001-compute/export/evidence/simulations/fi_uniform/ping__seed42__5/run.jsonl	448
.pingstore/runs/exp038-r001-compute/export/evidence/simulations/fi_uniform/ping__seed42__50/output.log	895
.pingstore/runs/exp038-r001-compute/export/evidence/simulations/fi_uniform/ping__seed42__50/run.jsonl	449
.pingstore/runs/exp038-r001-compute/export/evidence/simulations/fi_uniform/ping__seed42__6/output.log	892
.pingstore/runs/exp038-r001-compute/export/evidence/simulations/fi_uniform/ping__seed42__6/run.jsonl	447
.pingstore/runs/exp038-r001-compute/export/evidence/simulations/fi_uniform/ping__seed42__60/output.log	895
.pingstore/runs/exp038-r001-compute/export/evidence/simulations/fi_uniform/ping__seed42__60/run.jsonl	449
.pingstore/runs/exp038-r001-compute/export/evidence/simulations/fi_uniform/ping__seed42__7/output.log	892
.pingstore/runs/exp038-r001-compute/export/evidence/simulations/fi_uniform/ping__seed42__7/run.jsonl	448
.pingstore/runs/exp038-r001-compute/export/evidence/simulations/fi_uniform/ping__seed42__70/output.log	895
.pingstore/runs/exp038-r001-compute/export/evidence/simulations/fi_uniform/ping__seed42__70/run.jsonl	449
.pingstore/runs/exp038-r001-compute/export/evidence/simulations/fi_uniform/ping__seed42__8/output.log	892
.pingstore/runs/exp038-r001-compute/export/evidence/simulations/fi_uniform/ping__seed42__8/run.jsonl	447
.pingstore/runs/exp038-r001-compute/export/evidence/simulations/fi_uniform/ping__seed42__80/output.log	895
.pingstore/runs/exp038-r001-compute/export/evidence/simulations/fi_uniform/ping__seed42__80/run.jsonl	449
.pingstore/runs/exp038-r001-compute/export/evidence/simulations/fi_uniform/ping__seed42__9/output.log	892
.pingstore/runs/exp038-r001-compute/export/evidence/simulations/fi_uniform/ping__seed42__9/run.jsonl	449
.pingstore/runs/exp038-r001-compute/export/evidence/simulations/fi_uniform/ping__seed42__90/output.log	895
.pingstore/runs/exp038-r001-compute/export/evidence/simulations/fi_uniform/ping__seed42__90/run.jsonl	449
.pingstore/runs/exp038-r001-compute/export/evidence/simulations/rate_raster/ping__seed42__0/output.log	804
.pingstore/runs/exp038-r001-compute/export/evidence/simulations/rate_raster/ping__seed42__0/run.jsonl	617
.pingstore/runs/exp038-r001-compute/export/evidence/simulations/rate_raster/ping__seed42__10.2564/output.log	801
.pingstore/runs/exp038-r001-compute/export/evidence/simulations/rate_raster/ping__seed42__10.2564/run.jsonl	617
.pingstore/runs/exp038-r001-compute/export/evidence/simulations/rate_raster/ping__seed42__12.8205/output.log	801
.pingstore/runs/exp038-r001-compute/export/evidence/simulations/rate_raster/ping__seed42__12.8205/run.jsonl	618
.pingstore/runs/exp038-r001-compute/export/evidence/simulations/rate_raster/ping__seed42__15.3846/output.log	801
.pingstore/runs/exp038-r001-compute/export/evidence/simulations/rate_raster/ping__seed42__15.3846/run.jsonl	617
.pingstore/runs/exp038-r001-compute/export/evidence/simulations/rate_raster/ping__seed42__17.9487/output.log	801
.pingstore/runs/exp038-r001-compute/export/evidence/simulations/rate_raster/ping__seed42__17.9487/run.jsonl	617
.pingstore/runs/exp038-r001-compute/export/evidence/simulations/rate_raster/ping__seed42__2.5641/output.log	801
.pingstore/runs/exp038-r001-compute/export/evidence/simulations/rate_raster/ping__seed42__2.5641/run.jsonl	616
.pingstore/runs/exp038-r001-compute/export/evidence/simulations/rate_raster/ping__seed42__20.5128/output.log	801
.pingstore/runs/exp038-r001-compute/export/evidence/simulations/rate_raster/ping__seed42__20.5128/run.jsonl	617
.pingstore/runs/exp038-r001-compute/export/evidence/simulations/rate_raster/ping__seed42__23.0769/output.log	801
.pingstore/runs/exp038-r001-compute/export/evidence/simulations/rate_raster/ping__seed42__23.0769/run.jsonl	617
.pingstore/runs/exp038-r001-compute/export/evidence/simulations/rate_raster/ping__seed42__5.12821/output.log	801
.pingstore/runs/exp038-r001-compute/export/evidence/simulations/rate_raster/ping__seed42__5.12821/run.jsonl	617
.pingstore/runs/exp038-r001-compute/export/evidence/simulations/rate_raster/ping__seed42__7.69231/output.log	801
.pingstore/runs/exp038-r001-compute/export/evidence/simulations/rate_raster/ping__seed42__7.69231/run.jsonl	618
.pingstore/runs/exp041-r001-compute/export/evidence/import_gold2.py	17963
.pingstore/runs/exp044-r002-compute/export/evidence/simulations.json	12783
.pingstore/runs/exp044-r002-compute/export/evidence/simulations/infer/ping__dt0p05__seed42/config.json	2041
.pingstore/runs/exp044-r002-compute/export/evidence/simulations/infer/ping__dt0p05__seed42/output.log	1121
.pingstore/runs/exp044-r002-compute/export/evidence/simulations/infer/ping__dt0p05__seed42/run.jsonl	653
.pingstore/runs/exp044-r002-compute/export/evidence/simulations/infer/ping__dt0p05__seed42/stderr.log	0
.pingstore/runs/exp044-r002-compute/export/evidence/simulations/infer/ping__dt0p05__seed42/stdout.log	1860
.pingstore/runs/exp044-r002-compute/export/evidence/simulations/infer/ping__dt0p05__seed43/config.json	2041
.pingstore/runs/exp044-r002-compute/export/evidence/simulations/infer/ping__dt0p05__seed43/output.log	1121
.pingstore/runs/exp044-r002-compute/export/evidence/simulations/infer/ping__dt0p05__seed43/run.jsonl	653
.pingstore/runs/exp044-r002-compute/export/evidence/simulations/infer/ping__dt0p05__seed43/stderr.log	0
.pingstore/runs/exp044-r002-compute/export/evidence/simulations/infer/ping__dt0p05__seed43/stdout.log	1860
.pingstore/runs/exp044-r002-compute/export/evidence/simulations/infer/ping__dt0p05__seed44/config.json	2041
.pingstore/runs/exp044-r002-compute/export/evidence/simulations/infer/ping__dt0p05__seed44/output.log	1121
.pingstore/runs/exp044-r002-compute/export/evidence/simulations/infer/ping__dt0p05__seed44/run.jsonl	653
.pingstore/runs/exp044-r002-compute/export/evidence/simulations/infer/ping__dt0p05__seed44/stderr.log	0
.pingstore/runs/exp044-r002-compute/export/evidence/simulations/infer/ping__dt0p05__seed44/stdout.log	1860
.pingstore/runs/exp044-r002-compute/export/evidence/simulations/infer/ping__dt0p1__seed42/config.json	2037
.pingstore/runs/exp044-r002-compute/export/evidence/simulations/infer/ping__dt0p1__seed42/output.log	1118
.pingstore/runs/exp044-r002-compute/export/evidence/simulations/infer/ping__dt0p1__seed42/run.jsonl	652
.pingstore/runs/exp044-r002-compute/export/evidence/simulations/infer/ping__dt0p1__seed42/stderr.log	0
.pingstore/runs/exp044-r002-compute/export/evidence/simulations/infer/ping__dt0p1__seed42/stdout.log	1856
.pingstore/runs/exp044-r002-compute/export/evidence/simulations/infer/ping__dt0p1__seed43/config.json	2037
.pingstore/runs/exp044-r002-compute/export/evidence/simulations/infer/ping__dt0p1__seed43/output.log	1117
.pingstore/runs/exp044-r002-compute/export/evidence/simulations/infer/ping__dt0p1__seed43/run.jsonl	651
.pingstore/runs/exp044-r002-compute/export/evidence/simulations/infer/ping__dt0p1__seed43/stderr.log	0
.pingstore/runs/exp044-r002-compute/export/evidence/simulations/infer/ping__dt0p1__seed43/stdout.log	1855
.pingstore/runs/exp044-r002-compute/export/evidence/simulations/infer/ping__dt0p1__seed44/config.json	2037
.pingstore/runs/exp044-r002-compute/export/evidence/simulations/infer/ping__dt0p1__seed44/output.log	1118
.pingstore/runs/exp044-r002-compute/export/evidence/simulations/infer/ping__dt0p1__seed44/run.jsonl	652
.pingstore/runs/exp044-r002-compute/export/evidence/simulations/infer/ping__dt0p1__seed44/stderr.log	0
.pingstore/runs/exp044-r002-compute/export/evidence/simulations/infer/ping__dt0p1__seed44/stdout.log	1856
.pingstore/runs/exp044-r002-compute/export/evidence/simulations/infer/ping__dt0p25__seed42/config.json	2041
.pingstore/runs/exp044-r002-compute/export/evidence/simulations/infer/ping__dt0p25__seed42/output.log	1120
.pingstore/runs/exp044-r002-compute/export/evidence/simulations/infer/ping__dt0p25__seed42/run.jsonl	652
.pingstore/runs/exp044-r002-compute/export/evidence/simulations/infer/ping__dt0p25__seed42/stderr.log	0
.pingstore/runs/exp044-r002-compute/export/evidence/simulations/infer/ping__dt0p25__seed42/stdout.log	1859
.pingstore/runs/exp044-r002-compute/export/evidence/simulations/infer/ping__dt0p25__seed43/config.json	2041
.pingstore/runs/exp044-r002-compute/export/evidence/simulations/infer/ping__dt0p25__seed43/output.log	1120
.pingstore/runs/exp044-r002-compute/export/evidence/simulations/infer/ping__dt0p25__seed43/run.jsonl	652
.pingstore/runs/exp044-r002-compute/export/evidence/simulations/infer/ping__dt0p25__seed43/stderr.log	0
.pingstore/runs/exp044-r002-compute/export/evidence/simulations/infer/ping__dt0p25__seed43/stdout.log	1859
.pingstore/runs/exp044-r002-compute/export/evidence/simulations/infer/ping__dt0p25__seed44/config.json	2041
.pingstore/runs/exp044-r002-compute/export/evidence/simulations/infer/ping__dt0p25__seed44/output.log	1120
.pingstore/runs/exp044-r002-compute/export/evidence/simulations/infer/ping__dt0p25__seed44/run.jsonl	652
.pingstore/runs/exp044-r002-compute/export/evidence/simulations/infer/ping__dt0p25__seed44/stderr.log	0
.pingstore/runs/exp044-r002-compute/export/evidence/simulations/infer/ping__dt0p25__seed44/stdout.log	1859
.pingstore/runs/exp044-r002-compute/export/evidence/simulations/infer/ping__dt0p5__seed42/config.json	2037
.pingstore/runs/exp044-r002-compute/export/evidence/simulations/infer/ping__dt0p5__seed42/output.log	1117
.pingstore/runs/exp044-r002-compute/export/evidence/simulations/infer/ping__dt0p5__seed42/run.jsonl	651
.pingstore/runs/exp044-r002-compute/export/evidence/simulations/infer/ping__dt0p5__seed42/stderr.log	0
.pingstore/runs/exp044-r002-compute/export/evidence/simulations/infer/ping__dt0p5__seed42/stdout.log	1855
.pingstore/runs/exp044-r002-compute/export/evidence/simulations/infer/ping__dt0p5__seed43/config.json	2037
.pingstore/runs/exp044-r002-compute/export/evidence/simulations/infer/ping__dt0p5__seed43/output.log	1117
.pingstore/runs/exp044-r002-compute/export/evidence/simulations/infer/ping__dt0p5__seed43/run.jsonl	652
.pingstore/runs/exp044-r002-compute/export/evidence/simulations/infer/ping__dt0p5__seed43/stderr.log	0
.pingstore/runs/exp044-r002-compute/export/evidence/simulations/infer/ping__dt0p5__seed43/stdout.log	1855
.pingstore/runs/exp044-r002-compute/export/evidence/simulations/infer/ping__dt0p5__seed44/config.json	2037
.pingstore/runs/exp044-r002-compute/export/evidence/simulations/infer/ping__dt0p5__seed44/output.log	1117
.pingstore/runs/exp044-r002-compute/export/evidence/simulations/infer/ping__dt0p5__seed44/run.jsonl	651
.pingstore/runs/exp044-r002-compute/export/evidence/simulations/infer/ping__dt0p5__seed44/stderr.log	0
.pingstore/runs/exp044-r002-compute/export/evidence/simulations/infer/ping__dt0p5__seed44/stdout.log	1855
.pingstore/runs/exp044-r002-compute/export/evidence/simulations/infer/ping__dt1__seed42/config.json	2031
.pingstore/runs/exp044-r002-compute/export/evidence/simulations/infer/ping__dt1__seed42/output.log	1113
.pingstore/runs/exp044-r002-compute/export/evidence/simulations/infer/ping__dt1__seed42/run.jsonl	651
.pingstore/runs/exp044-r002-compute/export/evidence/simulations/infer/ping__dt1__seed42/stderr.log	0
.pingstore/runs/exp044-r002-compute/export/evidence/simulations/infer/ping__dt1__seed42/stdout.log	1851
.pingstore/runs/exp044-r002-compute/export/evidence/simulations/infer/ping__dt1__seed43/config.json	2031
.pingstore/runs/exp044-r002-compute/export/evidence/simulations/infer/ping__dt1__seed43/output.log	1113
.pingstore/runs/exp044-r002-compute/export/evidence/simulations/infer/ping__dt1__seed43/run.jsonl	652
.pingstore/runs/exp044-r002-compute/export/evidence/simulations/infer/ping__dt1__seed43/stderr.log	0
.pingstore/runs/exp044-r002-compute/export/evidence/simulations/infer/ping__dt1__seed43/stdout.log	1851
.pingstore/runs/exp044-r002-compute/export/evidence/simulations/infer/ping__dt1__seed44/config.json	2031
.pingstore/runs/exp044-r002-compute/export/evidence/simulations/infer/ping__dt1__seed44/output.log	1113
.pingstore/runs/exp044-r002-compute/export/evidence/simulations/infer/ping__dt1__seed44/run.jsonl	651
.pingstore/runs/exp044-r002-compute/export/evidence/simulations/infer/ping__dt1__seed44/stderr.log	0
.pingstore/runs/exp044-r002-compute/export/evidence/simulations/infer/ping__dt1__seed44/stdout.log	1851
.pingstore/runs/exp044-r002-compute/export/evidence/simulations/snapshot/ping__dt0p05__seed42/config.json	2042
.pingstore/runs/exp044-r002-compute/export/evidence/simulations/snapshot/ping__dt0p05__seed42/output.log	810
.pingstore/runs/exp044-r002-compute/export/evidence/simulations/snapshot/ping__dt0p05__seed42/run.jsonl	627
.pingstore/runs/exp044-r002-compute/export/evidence/simulations/snapshot/ping__dt0p05__seed42/stderr.log	0
.pingstore/runs/exp044-r002-compute/export/evidence/simulations/snapshot/ping__dt0p05__seed42/stdout.log	1549
.pingstore/runs/exp044-r002-compute/export/evidence/simulations/snapshot/ping__dt0p1__seed42/config.json	2038
.pingstore/runs/exp044-r002-compute/export/evidence/simulations/snapshot/ping__dt0p1__seed42/output.log	809
.pingstore/runs/exp044-r002-compute/export/evidence/simulations/snapshot/ping__dt0p1__seed42/run.jsonl	626
.pingstore/runs/exp044-r002-compute/export/evidence/simulations/snapshot/ping__dt0p1__seed42/stderr.log	0
.pingstore/runs/exp044-r002-compute/export/evidence/simulations/snapshot/ping__dt0p1__seed42/stdout.log	1547
.pingstore/runs/exp044-r002-compute/export/evidence/simulations/snapshot/ping__dt0p25__seed42/config.json	2042
.pingstore/runs/exp044-r002-compute/export/evidence/simulations/snapshot/ping__dt0p25__seed42/output.log	810
.pingstore/runs/exp044-r002-compute/export/evidence/simulations/snapshot/ping__dt0p25__seed42/run.jsonl	626
.pingstore/runs/exp044-r002-compute/export/evidence/simulations/snapshot/ping__dt0p25__seed42/stderr.log	0
.pingstore/runs/exp044-r002-compute/export/evidence/simulations/snapshot/ping__dt0p25__seed42/stdout.log	1549
.pingstore/runs/exp044-r002-compute/export/evidence/simulations/snapshot/ping__dt0p5__seed42/config.json	2038
.pingstore/runs/exp044-r002-compute/export/evidence/simulations/snapshot/ping__dt0p5__seed42/output.log	809
.pingstore/runs/exp044-r002-compute/export/evidence/simulations/snapshot/ping__dt0p5__seed42/run.jsonl	626
.pingstore/runs/exp044-r002-compute/export/evidence/simulations/snapshot/ping__dt0p5__seed42/stderr.log	0
.pingstore/runs/exp044-r002-compute/export/evidence/simulations/snapshot/ping__dt0p5__seed42/stdout.log	1547
.pingstore/runs/exp044-r002-compute/export/evidence/simulations/snapshot/ping__dt1__seed42/config.json	2032
.pingstore/runs/exp044-r002-compute/export/evidence/simulations/snapshot/ping__dt1__seed42/output.log	809
.pingstore/runs/exp044-r002-compute/export/evidence/simulations/snapshot/ping__dt1__seed42/run.jsonl	626
.pingstore/runs/exp044-r002-compute/export/evidence/simulations/snapshot/ping__dt1__seed42/stderr.log	0
.pingstore/runs/exp044-r002-compute/export/evidence/simulations/snapshot/ping__dt1__seed42/stdout.log	1547
.pingstore/runs/exp044-r002-compute/export/evidence/training/ping__dt0p05__seed42/config.json	14808
.pingstore/runs/exp044-r002-compute/export/evidence/training/ping__dt0p05__seed43/config.json	14829
.pingstore/runs/exp044-r002-compute/export/evidence/training/ping__dt0p05__seed44/config.json	14833
.pingstore/runs/exp044-r002-compute/export/evidence/training/ping__dt0p1__seed42/config.json	14803
.pingstore/runs/exp044-r002-compute/export/evidence/training/ping__dt0p1__seed43/config.json	14824
.pingstore/runs/exp044-r002-compute/export/evidence/training/ping__dt0p1__seed44/config.json	14828
.pingstore/runs/exp044-r002-compute/export/evidence/training/ping__dt0p25__seed42/config.json	14809
.pingstore/runs/exp044-r002-compute/export/evidence/training/ping__dt0p25__seed43/config.json	14830
.pingstore/runs/exp044-r002-compute/export/evidence/training/ping__dt0p25__seed44/config.json	14834
.pingstore/runs/exp044-r002-compute/export/evidence/training/ping__dt0p5__seed42/config.json	14803
.pingstore/runs/exp044-r002-compute/export/evidence/training/ping__dt0p5__seed43/config.json	14824
.pingstore/runs/exp044-r002-compute/export/evidence/training/ping__dt0p5__seed44/config.json	14828
.pingstore/runs/exp044-r002-compute/export/evidence/training/ping__dt1__seed42/config.json	14797
.pingstore/runs/exp044-r002-compute/export/evidence/training/ping__dt1__seed43/config.json	14818
.pingstore/runs/exp044-r002-compute/export/evidence/training/ping__dt1__seed44/config.json	14822
.pingstore/runs/exp046-r001-compute/export/evidence/exp041-import-helpers.py	17963
.pingstore/runs/exp046-r001-compute/export/evidence/import_gold2.py	13343
.pingstore/runs/exp047-r001-compute/export/evidence/historical.py	9354
.pingstore/runs/exp047-r001-compute/export/evidence/import_gold2.py	6217
.pingstore/runs/exp047-r001-compute/export/evidence/simulations/nI16_g0.0625_s40/output.log	901
.pingstore/runs/exp047-r001-compute/export/evidence/simulations/nI16_g0.0625_s40/run.jsonl	452
.pingstore/runs/exp047-r001-compute/export/evidence/simulations/nI16_g0.0625_s41/output.log	901
.pingstore/runs/exp047-r001-compute/export/evidence/simulations/nI16_g0.0625_s41/run.jsonl	452
.pingstore/runs/exp047-r001-compute/export/evidence/simulations/nI16_g0.0625_s42/output.log	901
.pingstore/runs/exp047-r001-compute/export/evidence/simulations/nI16_g0.0625_s42/run.jsonl	452
.pingstore/runs/exp047-r001-compute/export/evidence/simulations/nI16_g0.125_s40/output.log	899
.pingstore/runs/exp047-r001-compute/export/evidence/simulations/nI16_g0.125_s40/run.jsonl	450
.pingstore/runs/exp047-r001-compute/export/evidence/simulations/nI16_g0.125_s41/output.log	899
.pingstore/runs/exp047-r001-compute/export/evidence/simulations/nI16_g0.125_s41/run.jsonl	451
.pingstore/runs/exp047-r001-compute/export/evidence/simulations/nI16_g0.125_s42/output.log	899
.pingstore/runs/exp047-r001-compute/export/evidence/simulations/nI16_g0.125_s42/run.jsonl	451
.pingstore/runs/exp047-r001-compute/export/evidence/simulations/nI16_g0.25_s40/output.log	896
.pingstore/runs/exp047-r001-compute/export/evidence/simulations/nI16_g0.25_s40/run.jsonl	450
.pingstore/runs/exp047-r001-compute/export/evidence/simulations/nI16_g0.25_s41/output.log	896
.pingstore/runs/exp047-r001-compute/export/evidence/simulations/nI16_g0.25_s41/run.jsonl	450
.pingstore/runs/exp047-r001-compute/export/evidence/simulations/nI16_g0.25_s42/output.log	896
.pingstore/runs/exp047-r001-compute/export/evidence/simulations/nI16_g0.25_s42/run.jsonl	450
.pingstore/runs/exp047-r001-compute/export/evidence/simulations/nI16_g1_s40/output.log	892
.pingstore/runs/exp047-r001-compute/export/evidence/simulations/nI16_g1_s40/run.jsonl	450
.pingstore/runs/exp047-r001-compute/export/evidence/simulations/nI16_g1_s41/output.log	891
.pingstore/runs/exp047-r001-compute/export/evidence/simulations/nI16_g1_s41/run.jsonl	449
.pingstore/runs/exp047-r001-compute/export/evidence/simulations/nI16_g1_s42/output.log	891
.pingstore/runs/exp047-r001-compute/export/evidence/simulations/nI16_g1_s42/run.jsonl	449
.pingstore/runs/exp047-r001-compute/export/evidence/simulations/nI16_g2_s40/output.log	891
.pingstore/runs/exp047-r001-compute/export/evidence/simulations/nI16_g2_s40/run.jsonl	450
.pingstore/runs/exp047-r001-compute/export/evidence/simulations/nI16_g2_s41/output.log	891
.pingstore/runs/exp047-r001-compute/export/evidence/simulations/nI16_g2_s41/run.jsonl	449
.pingstore/runs/exp047-r001-compute/export/evidence/simulations/nI16_g2_s42/output.log	891
.pingstore/runs/exp047-r001-compute/export/evidence/simulations/nI16_g2_s42/run.jsonl	449
.pingstore/runs/exp047-r001-compute/export/evidence/simulations/nI16_g4_s40/output.log	891
.pingstore/runs/exp047-r001-compute/export/evidence/simulations/nI16_g4_s40/run.jsonl	449
.pingstore/runs/exp047-r001-compute/export/evidence/simulations/nI16_g4_s41/output.log	891
.pingstore/runs/exp047-r001-compute/export/evidence/simulations/nI16_g4_s41/run.jsonl	449
.pingstore/runs/exp047-r001-compute/export/evidence/simulations/nI16_g4_s42/output.log	891
.pingstore/runs/exp047-r001-compute/export/evidence/simulations/nI16_g4_s42/run.jsonl	449
.pingstore/runs/exp047-r001-compute/export/evidence/simulations/nI256_g1_s40/output.log	892
.pingstore/runs/exp047-r001-compute/export/evidence/simulations/nI256_g1_s40/run.jsonl	449
.pingstore/runs/exp047-r001-compute/export/evidence/simulations/nI256_g1_s41/output.log	892
.pingstore/runs/exp047-r001-compute/export/evidence/simulations/nI256_g1_s41/run.jsonl	450
.pingstore/runs/exp047-r001-compute/export/evidence/simulations/nI256_g1_s42/output.log	892
.pingstore/runs/exp047-r001-compute/export/evidence/simulations/nI256_g1_s42/run.jsonl	449
.pingstore/runs/exp047-r001-compute/export/evidence/simulations/nI256_g2_s40/output.log	892
.pingstore/runs/exp047-r001-compute/export/evidence/simulations/nI256_g2_s40/run.jsonl	449
.pingstore/runs/exp047-r001-compute/export/evidence/simulations/nI256_g2_s41/output.log	892
.pingstore/runs/exp047-r001-compute/export/evidence/simulations/nI256_g2_s41/run.jsonl	449
.pingstore/runs/exp047-r001-compute/export/evidence/simulations/nI256_g2_s42/output.log	892
.pingstore/runs/exp047-r001-compute/export/evidence/simulations/nI256_g2_s42/run.jsonl	449
.pingstore/runs/exp047-r001-compute/export/evidence/simulations/nI256_g4_s40/output.log	892
.pingstore/runs/exp047-r001-compute/export/evidence/simulations/nI256_g4_s40/run.jsonl	449
.pingstore/runs/exp047-r001-compute/export/evidence/simulations/nI256_g4_s41/output.log	892
.pingstore/runs/exp047-r001-compute/export/evidence/simulations/nI256_g4_s41/run.jsonl	450
.pingstore/runs/exp047-r001-compute/export/evidence/simulations/nI256_g4_s42/output.log	892
.pingstore/runs/exp047-r001-compute/export/evidence/simulations/nI256_g4_s42/run.jsonl	449
.pingstore/runs/exp047-r001-compute/export/evidence/simulations/nI64_g0.25_s40/output.log	896
.pingstore/runs/exp047-r001-compute/export/evidence/simulations/nI64_g0.25_s40/run.jsonl	450
.pingstore/runs/exp047-r001-compute/export/evidence/simulations/nI64_g0.25_s41/output.log	896
.pingstore/runs/exp047-r001-compute/export/evidence/simulations/nI64_g0.25_s41/run.jsonl	450
.pingstore/runs/exp047-r001-compute/export/evidence/simulations/nI64_g0.25_s42/output.log	896
.pingstore/runs/exp047-r001-compute/export/evidence/simulations/nI64_g0.25_s42/run.jsonl	450
.pingstore/runs/exp047-r001-compute/export/evidence/simulations/nI64_g0.5_s40/output.log	893
.pingstore/runs/exp047-r001-compute/export/evidence/simulations/nI64_g0.5_s40/run.jsonl	449
.pingstore/runs/exp047-r001-compute/export/evidence/simulations/nI64_g0.5_s41/output.log	893
.pingstore/runs/exp047-r001-compute/export/evidence/simulations/nI64_g0.5_s41/run.jsonl	449
.pingstore/runs/exp047-r001-compute/export/evidence/simulations/nI64_g0.5_s42/output.log	893
.pingstore/runs/exp047-r001-compute/export/evidence/simulations/nI64_g0.5_s42/run.jsonl	449
.pingstore/runs/exp047-r001-compute/export/evidence/simulations/nI64_g1_s40/output.log	891
.pingstore/runs/exp047-r001-compute/export/evidence/simulations/nI64_g1_s40/run.jsonl	449
.pingstore/runs/exp047-r001-compute/export/evidence/simulations/nI64_g1_s41/output.log	891
.pingstore/runs/exp047-r001-compute/export/evidence/simulations/nI64_g1_s41/run.jsonl	449
.pingstore/runs/exp047-r001-compute/export/evidence/simulations/nI64_g1_s42/output.log	891
.pingstore/runs/exp047-r001-compute/export/evidence/simulations/nI64_g1_s42/run.jsonl	450
.pingstore/runs/exp047-r001-compute/export/evidence/simulations/nI64_g2_s40/output.log	891
.pingstore/runs/exp047-r001-compute/export/evidence/simulations/nI64_g2_s40/run.jsonl	449
.pingstore/runs/exp047-r001-compute/export/evidence/simulations/nI64_g2_s41/output.log	891
.pingstore/runs/exp047-r001-compute/export/evidence/simulations/nI64_g2_s41/run.jsonl	450
.pingstore/runs/exp047-r001-compute/export/evidence/simulations/nI64_g2_s42/output.log	891
.pingstore/runs/exp047-r001-compute/export/evidence/simulations/nI64_g2_s42/run.jsonl	450
.pingstore/runs/exp047-r001-compute/export/evidence/simulations/nI64_g4_s40/output.log	891
.pingstore/runs/exp047-r001-compute/export/evidence/simulations/nI64_g4_s40/run.jsonl	450
.pingstore/runs/exp047-r001-compute/export/evidence/simulations/nI64_g4_s41/output.log	891
.pingstore/runs/exp047-r001-compute/export/evidence/simulations/nI64_g4_s41/run.jsonl	450
.pingstore/runs/exp047-r001-compute/export/evidence/simulations/nI64_g4_s42/output.log	891
.pingstore/runs/exp047-r001-compute/export/evidence/simulations/nI64_g4_s42/run.jsonl	449
.pingstore/runs/exp048-r002-analyse/export/evidence/verification.json	155
.pingstore/runs/exp049-r001-compute/export/evidence/exp041-import-helpers.py	17963
.pingstore/runs/exp049-r001-compute/export/evidence/import_gold2.py	18028
.pingstore/runs/exp049-r001-compute/export/evidence/simulations/infer/frozen_ping__seed42/output.log	1337
.pingstore/runs/exp049-r001-compute/export/evidence/simulations/infer/frozen_ping__seed42/run.jsonl	644
.pingstore/runs/exp049-r001-compute/export/evidence/simulations/infer/frozen_ping__seed43/output.log	1337
.pingstore/runs/exp049-r001-compute/export/evidence/simulations/infer/frozen_ping__seed43/run.jsonl	644
.pingstore/runs/exp049-r001-compute/export/evidence/simulations/infer/frozen_ping__seed44/output.log	1337
.pingstore/runs/exp049-r001-compute/export/evidence/simulations/infer/frozen_ping__seed44/run.jsonl	643
.pingstore/runs/exp049-r001-compute/export/evidence/simulations/infer/trainable_ping_init__seed42/output.log	1361
.pingstore/runs/exp049-r001-compute/export/evidence/simulations/infer/trainable_ping_init__seed42/run.jsonl	644
.pingstore/runs/exp049-r001-compute/export/evidence/simulations/infer/trainable_ping_init__seed43/output.log	1361
.pingstore/runs/exp049-r001-compute/export/evidence/simulations/infer/trainable_ping_init__seed43/run.jsonl	643
.pingstore/runs/exp049-r001-compute/export/evidence/simulations/infer/trainable_ping_init__seed44/output.log	1361
.pingstore/runs/exp049-r001-compute/export/evidence/simulations/infer/trainable_ping_init__seed44/run.jsonl	642
.pingstore/runs/exp049-r001-compute/export/evidence/simulations/infer/trainable_small_init__seed42/output.log	1364
.pingstore/runs/exp049-r001-compute/export/evidence/simulations/infer/trainable_small_init__seed42/run.jsonl	643
.pingstore/runs/exp049-r001-compute/export/evidence/simulations/infer/trainable_small_init__seed43/output.log	1364
.pingstore/runs/exp049-r001-compute/export/evidence/simulations/infer/trainable_small_init__seed43/run.jsonl	643
.pingstore/runs/exp049-r001-compute/export/evidence/simulations/infer/trainable_small_init__seed44/output.log	1364
.pingstore/runs/exp049-r001-compute/export/evidence/simulations/infer/trainable_small_init__seed44/run.jsonl	643
.pingstore/runs/exp049-r001-compute/export/evidence/simulations/infer/trainable_zero_init__seed42/output.log	1361
.pingstore/runs/exp049-r001-compute/export/evidence/simulations/infer/trainable_zero_init__seed42/run.jsonl	644
.pingstore/runs/exp049-r001-compute/export/evidence/simulations/infer/trainable_zero_init__seed43/output.log	1361
.pingstore/runs/exp049-r001-compute/export/evidence/simulations/infer/trainable_zero_init__seed43/run.jsonl	644
.pingstore/runs/exp049-r001-compute/export/evidence/simulations/infer/trainable_zero_init__seed44/output.log	1361
.pingstore/runs/exp049-r001-compute/export/evidence/simulations/infer/trainable_zero_init__seed44/run.jsonl	643
.pingstore/runs/exp049-r001-compute/export/evidence/simulations/snapshot/frozen_ping__seed42/output.log	801
.pingstore/runs/exp049-r001-compute/export/evidence/simulations/snapshot/frozen_ping__seed42/run.jsonl	617
.pingstore/runs/exp049-r001-compute/export/evidence/simulations/snapshot/trainable_ping_init__seed42/output.log	801
.pingstore/runs/exp049-r001-compute/export/evidence/simulations/snapshot/trainable_ping_init__seed42/run.jsonl	617
.pingstore/runs/exp049-r001-compute/export/evidence/simulations/snapshot/trainable_small_init__seed42/output.log	801
.pingstore/runs/exp049-r001-compute/export/evidence/simulations/snapshot/trainable_small_init__seed42/run.jsonl	616
.pingstore/runs/exp049-r001-compute/export/evidence/simulations/snapshot/trainable_zero_init__seed42/output.log	801
.pingstore/runs/exp049-r001-compute/export/evidence/simulations/snapshot/trainable_zero_init__seed42/run.jsonl	618
.pingstore/runs/exp049-r001-compute/export/evidence/simulations/weights_dump/frozen_ping__seed42/output.log	983
.pingstore/runs/exp049-r001-compute/export/evidence/simulations/weights_dump/frozen_ping__seed42/run.jsonl	627
.pingstore/runs/exp049-r001-compute/export/evidence/simulations/weights_dump/frozen_ping__seed43/output.log	983
.pingstore/runs/exp049-r001-compute/export/evidence/simulations/weights_dump/frozen_ping__seed43/run.jsonl	627
.pingstore/runs/exp049-r001-compute/export/evidence/simulations/weights_dump/frozen_ping__seed44/output.log	983
.pingstore/runs/exp049-r001-compute/export/evidence/simulations/weights_dump/frozen_ping__seed44/run.jsonl	627
.pingstore/runs/exp049-r001-compute/export/evidence/simulations/weights_dump/trainable_ping_init__seed42/output.log	991
.pingstore/runs/exp049-r001-compute/export/evidence/simulations/weights_dump/trainable_ping_init__seed42/run.jsonl	627
.pingstore/runs/exp049-r001-compute/export/evidence/simulations/weights_dump/trainable_ping_init__seed43/output.log	991
.pingstore/runs/exp049-r001-compute/export/evidence/simulations/weights_dump/trainable_ping_init__seed43/run.jsonl	627
.pingstore/runs/exp049-r001-compute/export/evidence/simulations/weights_dump/trainable_ping_init__seed44/output.log	991
.pingstore/runs/exp049-r001-compute/export/evidence/simulations/weights_dump/trainable_ping_init__seed44/run.jsonl	627
.pingstore/runs/exp049-r001-compute/export/evidence/simulations/weights_dump/trainable_small_init__seed42/output.log	992
.pingstore/runs/exp049-r001-compute/export/evidence/simulations/weights_dump/trainable_small_init__seed42/run.jsonl	626
.pingstore/runs/exp049-r001-compute/export/evidence/simulations/weights_dump/trainable_small_init__seed43/output.log	992
.pingstore/runs/exp049-r001-compute/export/evidence/simulations/weights_dump/trainable_small_init__seed43/run.jsonl	627
.pingstore/runs/exp049-r001-compute/export/evidence/simulations/weights_dump/trainable_small_init__seed44/output.log	992
.pingstore/runs/exp049-r001-compute/export/evidence/simulations/weights_dump/trainable_small_init__seed44/run.jsonl	627
.pingstore/runs/exp049-r001-compute/export/evidence/simulations/weights_dump/trainable_zero_init__seed42/output.log	991
.pingstore/runs/exp049-r001-compute/export/evidence/simulations/weights_dump/trainable_zero_init__seed42/run.jsonl	626
.pingstore/runs/exp049-r001-compute/export/evidence/simulations/weights_dump/trainable_zero_init__seed43/output.log	991
.pingstore/runs/exp049-r001-compute/export/evidence/simulations/weights_dump/trainable_zero_init__seed43/run.jsonl	627
.pingstore/runs/exp049-r001-compute/export/evidence/simulations/weights_dump/trainable_zero_init__seed44/output.log	991
.pingstore/runs/exp049-r001-compute/export/evidence/simulations/weights_dump/trainable_zero_init__seed44/run.jsonl	627
.pingstore/runs/exp049-r001-compute/export/evidence/verification.json	535
.pingstore/runs/exp054-r001-compute/export/evidence/gold-2/derived/artifacts/data/exp054/_manifest.json	362
.pingstore/runs/exp054-r001-compute/export/evidence/gold-2/inventory.json	2101788
.pingstore/runs/exp054-r001-compute/export/evidence/gold-2/lineage.json	1876
.pingstore/runs/exp054-r001-compute/export/evidence/gold-2/provenance/source-records/base/collection-plan.json	20225
.pingstore/runs/exp054-r001-compute/export/evidence/gold-2/provenance/source-records/base/collection-status/exp054.json	138
.pingstore/runs/exp054-r001-compute/export/evidence/gold-2/provenance/source-records/base/logs/collection/ggs-exp054_33913631.err	1669
.pingstore/runs/exp054-r001-compute/export/evidence/gold-2/provenance/source-records/base/logs/collection/ggs-exp054_33913631.out	146899
.pingstore/runs/exp054-r001-compute/export/evidence/gold-2/provenance/source-records/base/run.json	1373
.pingstore/runs/exp054-r001-compute/export/evidence/gold-2/provenance/source-records/base/submissions/collection-submission.json	36515
.pingstore/runs/exp054-r001-compute/export/evidence/gold-2/run.json	1103
.pingstore/runs/exp054-r001-compute/export/evidence/gold-2/state/experiments/exp054/probe/priv_wei0.3_wie0.6_r100_T1000/config.json	1503
.pingstore/runs/exp054-r001-compute/export/evidence/gold-2/state/experiments/exp054/probe/priv_wei0.3_wie0.6_r100_T1000/metrics.json	391
.pingstore/runs/exp054-r001-compute/export/evidence/gold-2/state/experiments/exp054/probe/priv_wei0.3_wie0.6_r100_T1000/output.log	1069
.pingstore/runs/exp054-r001-compute/export/evidence/gold-2/state/experiments/exp054/probe/priv_wei0.3_wie0.6_r100_T1000/run.jsonl	451
.pingstore/runs/exp054-r001-compute/export/evidence/gold-2/state/experiments/exp054/probe/priv_wei0.3_wie0_r100_T1000/config.json	1501
.pingstore/runs/exp054-r001-compute/export/evidence/gold-2/state/experiments/exp054/probe/priv_wei0.3_wie0_r100_T1000/metrics.json	389
.pingstore/runs/exp054-r001-compute/export/evidence/gold-2/state/experiments/exp054/probe/priv_wei0.3_wie0_r100_T1000/output.log	1067
.pingstore/runs/exp054-r001-compute/export/evidence/gold-2/state/experiments/exp054/probe/priv_wei0.3_wie0_r100_T1000/run.jsonl	452
.pingstore/runs/exp054-r001-compute/export/evidence/gold-2/state/experiments/exp054/probe/priv_wei0.3_wie1.2_r100_T1000/config.json	1503
.pingstore/runs/exp054-r001-compute/export/evidence/gold-2/state/experiments/exp054/probe/priv_wei0.3_wie1.2_r100_T1000/metrics.json	375
.pingstore/runs/exp054-r001-compute/export/evidence/gold-2/state/experiments/exp054/probe/priv_wei0.3_wie1.2_r100_T1000/output.log	1069
.pingstore/runs/exp054-r001-compute/export/evidence/gold-2/state/experiments/exp054/probe/priv_wei0.3_wie1.2_r100_T1000/run.jsonl	450
.pingstore/runs/exp054-r001-compute/export/evidence/gold-2/state/experiments/exp054/probe/priv_wei0.3_wie1.8_r100_T1000/config.json	1503
.pingstore/runs/exp054-r001-compute/export/evidence/gold-2/state/experiments/exp054/probe/priv_wei0.3_wie1.8_r100_T1000/metrics.json	381
.pingstore/runs/exp054-r001-compute/export/evidence/gold-2/state/experiments/exp054/probe/priv_wei0.3_wie1.8_r100_T1000/output.log	1069
.pingstore/runs/exp054-r001-compute/export/evidence/gold-2/state/experiments/exp054/probe/priv_wei0.3_wie1.8_r100_T1000/run.jsonl	451
.pingstore/runs/exp054-r001-compute/export/evidence/gold-2/state/experiments/exp054/probe/priv_wei0.3_wie2.4_r100_T1000/config.json	1503
.pingstore/runs/exp054-r001-compute/export/evidence/gold-2/state/experiments/exp054/probe/priv_wei0.3_wie2.4_r100_T1000/metrics.json	377
.pingstore/runs/exp054-r001-compute/export/evidence/gold-2/state/experiments/exp054/probe/priv_wei0.3_wie2.4_r100_T1000/output.log	1069
.pingstore/runs/exp054-r001-compute/export/evidence/gold-2/state/experiments/exp054/probe/priv_wei0.3_wie2.4_r100_T1000/run.jsonl	451
.pingstore/runs/exp054-r001-compute/export/evidence/gold-2/state/experiments/exp054/probe/priv_wei0.3_wie3.6_r100_T1000/config.json	1503
.pingstore/runs/exp054-r001-compute/export/evidence/gold-2/state/experiments/exp054/probe/priv_wei0.3_wie3.6_r100_T1000/metrics.json	391
.pingstore/runs/exp054-r001-compute/export/evidence/gold-2/state/experiments/exp054/probe/priv_wei0.3_wie3.6_r100_T1000/output.log	1069
.pingstore/runs/exp054-r001-compute/export/evidence/gold-2/state/experiments/exp054/probe/priv_wei0.3_wie3.6_r100_T1000/run.jsonl	451
.pingstore/runs/exp054-r001-compute/export/evidence/gold-2/state/experiments/exp054/probe/priv_wei0.3_wie3_r100_T1000/config.json	1501
.pingstore/runs/exp054-r001-compute/export/evidence/gold-2/state/experiments/exp054/probe/priv_wei0.3_wie3_r100_T1000/metrics.json	375
.pingstore/runs/exp054-r001-compute/export/evidence/gold-2/state/experiments/exp054/probe/priv_wei0.3_wie3_r100_T1000/output.log	1065
.pingstore/runs/exp054-r001-compute/export/evidence/gold-2/state/experiments/exp054/probe/priv_wei0.3_wie3_r100_T1000/run.jsonl	451
.pingstore/runs/exp054-r001-compute/export/evidence/gold-2/state/experiments/exp054/probe/priv_wei0.3_wie4.2_r100_T1000/config.json	1503
.pingstore/runs/exp054-r001-compute/export/evidence/gold-2/state/experiments/exp054/probe/priv_wei0.3_wie4.2_r100_T1000/metrics.json	373
.pingstore/runs/exp054-r001-compute/export/evidence/gold-2/state/experiments/exp054/probe/priv_wei0.3_wie4.2_r100_T1000/output.log	1069
.pingstore/runs/exp054-r001-compute/export/evidence/gold-2/state/experiments/exp054/probe/priv_wei0.3_wie4.2_r100_T1000/run.jsonl	451
.pingstore/runs/exp054-r001-compute/export/evidence/gold-2/state/experiments/exp054/probe/priv_wei0.3_wie4.8_r100_T1000/config.json	1503
.pingstore/runs/exp054-r001-compute/export/evidence/gold-2/state/experiments/exp054/probe/priv_wei0.3_wie4.8_r100_T1000/metrics.json	375
.pingstore/runs/exp054-r001-compute/export/evidence/gold-2/state/experiments/exp054/probe/priv_wei0.3_wie4.8_r100_T1000/output.log	1069
.pingstore/runs/exp054-r001-compute/export/evidence/gold-2/state/experiments/exp054/probe/priv_wei0.3_wie4.8_r100_T1000/run.jsonl	451
.pingstore/runs/exp054-r001-compute/export/evidence/gold-2/state/experiments/exp054/probe/priv_wei0.3_wie5.4_r100_T1000/config.json	1503
.pingstore/runs/exp054-r001-compute/export/evidence/gold-2/state/experiments/exp054/probe/priv_wei0.3_wie5.4_r100_T1000/metrics.json	377
.pingstore/runs/exp054-r001-compute/export/evidence/gold-2/state/experiments/exp054/probe/priv_wei0.3_wie5.4_r100_T1000/output.log	1069
.pingstore/runs/exp054-r001-compute/export/evidence/gold-2/state/experiments/exp054/probe/priv_wei0.3_wie5.4_r100_T1000/run.jsonl	451
.pingstore/runs/exp054-r001-compute/export/evidence/gold-2/state/experiments/exp054/probe/priv_wei0.3_wie6_r100_T1000/config.json	1501
.pingstore/runs/exp054-r001-compute/export/evidence/gold-2/state/experiments/exp054/probe/priv_wei0.3_wie6_r100_T1000/metrics.json	373
.pingstore/runs/exp054-r001-compute/export/evidence/gold-2/state/experiments/exp054/probe/priv_wei0.3_wie6_r100_T1000/output.log	1065
.pingstore/runs/exp054-r001-compute/export/evidence/gold-2/state/experiments/exp054/probe/priv_wei0.3_wie6_r100_T1000/run.jsonl	451
.pingstore/runs/exp054-r001-compute/export/evidence/gold-2/state/experiments/exp054/probe/priv_wei0.6_wie0.6_r100_T1000/config.json	1503
.pingstore/runs/exp054-r001-compute/export/evidence/gold-2/state/experiments/exp054/probe/priv_wei0.6_wie0.6_r100_T1000/metrics.json	383
.pingstore/runs/exp054-r001-compute/export/evidence/gold-2/state/experiments/exp054/probe/priv_wei0.6_wie0.6_r100_T1000/output.log	1070
.pingstore/runs/exp054-r001-compute/export/evidence/gold-2/state/experiments/exp054/probe/priv_wei0.6_wie0.6_r100_T1000/run.jsonl	451
.pingstore/runs/exp054-r001-compute/export/evidence/gold-2/state/experiments/exp054/probe/priv_wei0.6_wie0_r100_T1000/config.json	1501
.pingstore/runs/exp054-r001-compute/export/evidence/gold-2/state/experiments/exp054/probe/priv_wei0.6_wie0_r100_T1000/metrics.json	389
.pingstore/runs/exp054-r001-compute/export/evidence/gold-2/state/experiments/exp054/probe/priv_wei0.6_wie0_r100_T1000/output.log	1068
.pingstore/runs/exp054-r001-compute/export/evidence/gold-2/state/experiments/exp054/probe/priv_wei0.6_wie0_r100_T1000/run.jsonl	452
.pingstore/runs/exp054-r001-compute/export/evidence/gold-2/state/experiments/exp054/probe/priv_wei0.6_wie1.2_r100_T1000/config.json	1503
.pingstore/runs/exp054-r001-compute/export/evidence/gold-2/state/experiments/exp054/probe/priv_wei0.6_wie1.2_r100_T1000/metrics.json	389
.pingstore/runs/exp054-r001-compute/export/evidence/gold-2/state/experiments/exp054/probe/priv_wei0.6_wie1.2_r100_T1000/output.log	1069
.pingstore/runs/exp054-r001-compute/export/evidence/gold-2/state/experiments/exp054/probe/priv_wei0.6_wie1.2_r100_T1000/run.jsonl	451
.pingstore/runs/exp054-r001-compute/export/evidence/gold-2/state/experiments/exp054/probe/priv_wei0.6_wie1.8_r100_T1000/config.json	1503
.pingstore/runs/exp054-r001-compute/export/evidence/gold-2/state/experiments/exp054/probe/priv_wei0.6_wie1.8_r100_T1000/metrics.json	387
.pingstore/runs/exp054-r001-compute/export/evidence/gold-2/state/experiments/exp054/probe/priv_wei0.6_wie1.8_r100_T1000/output.log	1069
.pingstore/runs/exp054-r001-compute/export/evidence/gold-2/state/experiments/exp054/probe/priv_wei0.6_wie1.8_r100_T1000/run.jsonl	450
.pingstore/runs/exp054-r001-compute/export/evidence/gold-2/state/experiments/exp054/probe/priv_wei0.6_wie2.4_r100_T1000/config.json	1503
.pingstore/runs/exp054-r001-compute/export/evidence/gold-2/state/experiments/exp054/probe/priv_wei0.6_wie2.4_r100_T1000/metrics.json	387
.pingstore/runs/exp054-r001-compute/export/evidence/gold-2/state/experiments/exp054/probe/priv_wei0.6_wie2.4_r100_T1000/output.log	1069
.pingstore/runs/exp054-r001-compute/export/evidence/gold-2/state/experiments/exp054/probe/priv_wei0.6_wie2.4_r100_T1000/run.jsonl	451
.pingstore/runs/exp054-r001-compute/export/evidence/gold-2/state/experiments/exp054/probe/priv_wei0.6_wie3.6_r100_T1000/config.json	1503
.pingstore/runs/exp054-r001-compute/export/evidence/gold-2/state/experiments/exp054/probe/priv_wei0.6_wie3.6_r100_T1000/metrics.json	391
.pingstore/runs/exp054-r001-compute/export/evidence/gold-2/state/experiments/exp054/probe/priv_wei0.6_wie3.6_r100_T1000/output.log	1069
.pingstore/runs/exp054-r001-compute/export/evidence/gold-2/state/experiments/exp054/probe/priv_wei0.6_wie3.6_r100_T1000/run.jsonl	451
.pingstore/runs/exp054-r001-compute/export/evidence/gold-2/state/experiments/exp054/probe/priv_wei0.6_wie3_r100_T1000/config.json	1501
.pingstore/runs/exp054-r001-compute/export/evidence/gold-2/state/experiments/exp054/probe/priv_wei0.6_wie3_r100_T1000/metrics.json	387
.pingstore/runs/exp054-r001-compute/export/evidence/gold-2/state/experiments/exp054/probe/priv_wei0.6_wie3_r100_T1000/output.log	1065
.pingstore/runs/exp054-r001-compute/export/evidence/gold-2/state/experiments/exp054/probe/priv_wei0.6_wie3_r100_T1000/run.jsonl	451
.pingstore/runs/exp054-r001-compute/export/evidence/gold-2/state/experiments/exp054/probe/priv_wei0.6_wie4.2_r100_T1000/config.json	1503
.pingstore/runs/exp054-r001-compute/export/evidence/gold-2/state/experiments/exp054/probe/priv_wei0.6_wie4.2_r100_T1000/metrics.json	391
.pingstore/runs/exp054-r001-compute/export/evidence/gold-2/state/experiments/exp054/probe/priv_wei0.6_wie4.2_r100_T1000/output.log	1069
.pingstore/runs/exp054-r001-compute/export/evidence/gold-2/state/experiments/exp054/probe/priv_wei0.6_wie4.2_r100_T1000/run.jsonl	452
.pingstore/runs/exp054-r001-compute/export/evidence/gold-2/state/experiments/exp054/probe/priv_wei0.6_wie4.8_r100_T1000/config.json	1503
.pingstore/runs/exp054-r001-compute/export/evidence/gold-2/state/experiments/exp054/probe/priv_wei0.6_wie4.8_r100_T1000/metrics.json	387
.pingstore/runs/exp054-r001-compute/export/evidence/gold-2/state/experiments/exp054/probe/priv_wei0.6_wie4.8_r100_T1000/output.log	1069
.pingstore/runs/exp054-r001-compute/export/evidence/gold-2/state/experiments/exp054/probe/priv_wei0.6_wie4.8_r100_T1000/run.jsonl	451
.pingstore/runs/exp054-r001-compute/export/evidence/gold-2/state/experiments/exp054/probe/priv_wei0.6_wie5.4_r100_T1000/config.json	1503
.pingstore/runs/exp054-r001-compute/export/evidence/gold-2/state/experiments/exp054/probe/priv_wei0.6_wie5.4_r100_T1000/metrics.json	385
.pingstore/runs/exp054-r001-compute/export/evidence/gold-2/state/experiments/exp054/probe/priv_wei0.6_wie5.4_r100_T1000/output.log	1069
.pingstore/runs/exp054-r001-compute/export/evidence/gold-2/state/experiments/exp054/probe/priv_wei0.6_wie5.4_r100_T1000/run.jsonl	451
.pingstore/runs/exp054-r001-compute/export/evidence/gold-2/state/experiments/exp054/probe/priv_wei0.6_wie6_r100_T1000/config.json	1501
.pingstore/runs/exp054-r001-compute/export/evidence/gold-2/state/experiments/exp054/probe/priv_wei0.6_wie6_r100_T1000/metrics.json	389
.pingstore/runs/exp054-r001-compute/export/evidence/gold-2/state/experiments/exp054/probe/priv_wei0.6_wie6_r100_T1000/output.log	1065
.pingstore/runs/exp054-r001-compute/export/evidence/gold-2/state/experiments/exp054/probe/priv_wei0.6_wie6_r100_T1000/run.jsonl	451
.pingstore/runs/exp054-r001-compute/export/evidence/gold-2/state/experiments/exp054/probe/priv_wei0.9_wie0.6_r100_T1000/config.json	1503
.pingstore/runs/exp054-r001-compute/export/evidence/gold-2/state/experiments/exp054/probe/priv_wei0.9_wie0.6_r100_T1000/metrics.json	391
.pingstore/runs/exp054-r001-compute/export/evidence/gold-2/state/experiments/exp054/probe/priv_wei0.9_wie0.6_r100_T1000/output.log	1070
.pingstore/runs/exp054-r001-compute/export/evidence/gold-2/state/experiments/exp054/probe/priv_wei0.9_wie0.6_r100_T1000/run.jsonl	451
.pingstore/runs/exp054-r001-compute/export/evidence/gold-2/state/experiments/exp054/probe/priv_wei0.9_wie0_r100_T1000/config.json	1501
.pingstore/runs/exp054-r001-compute/export/evidence/gold-2/state/experiments/exp054/probe/priv_wei0.9_wie0_r100_T1000/metrics.json	387
.pingstore/runs/exp054-r001-compute/export/evidence/gold-2/state/experiments/exp054/probe/priv_wei0.9_wie0_r100_T1000/output.log	1068
.pingstore/runs/exp054-r001-compute/export/evidence/gold-2/state/experiments/exp054/probe/priv_wei0.9_wie0_r100_T1000/run.jsonl	452
.pingstore/runs/exp054-r001-compute/export/evidence/gold-2/state/experiments/exp054/probe/priv_wei0.9_wie1.2_r100_T1000/config.json	1503
.pingstore/runs/exp054-r001-compute/export/evidence/gold-2/state/experiments/exp054/probe/priv_wei0.9_wie1.2_r100_T1000/metrics.json	387
.pingstore/runs/exp054-r001-compute/export/evidence/gold-2/state/experiments/exp054/probe/priv_wei0.9_wie1.2_r100_T1000/output.log	1069
.pingstore/runs/exp054-r001-compute/export/evidence/gold-2/state/experiments/exp054/probe/priv_wei0.9_wie1.2_r100_T1000/run.jsonl	451
.pingstore/runs/exp054-r001-compute/export/evidence/gold-2/state/experiments/exp054/probe/priv_wei0.9_wie1.8_r100_T1000/config.json	1503
.pingstore/runs/exp054-r001-compute/export/evidence/gold-2/state/experiments/exp054/probe/priv_wei0.9_wie1.8_r100_T1000/metrics.json	381
.pingstore/runs/exp054-r001-compute/export/evidence/gold-2/state/experiments/exp054/probe/priv_wei0.9_wie1.8_r100_T1000/output.log	1069
.pingstore/runs/exp054-r001-compute/export/evidence/gold-2/state/experiments/exp054/probe/priv_wei0.9_wie1.8_r100_T1000/run.jsonl	451
.pingstore/runs/exp054-r001-compute/export/evidence/gold-2/state/experiments/exp054/probe/priv_wei0.9_wie2.4_r100_T1000/config.json	1503
.pingstore/runs/exp054-r001-compute/export/evidence/gold-2/state/experiments/exp054/probe/priv_wei0.9_wie2.4_r100_T1000/metrics.json	391
.pingstore/runs/exp054-r001-compute/export/evidence/gold-2/state/experiments/exp054/probe/priv_wei0.9_wie2.4_r100_T1000/output.log	1069
.pingstore/runs/exp054-r001-compute/export/evidence/gold-2/state/experiments/exp054/probe/priv_wei0.9_wie2.4_r100_T1000/run.jsonl	452
.pingstore/runs/exp054-r001-compute/export/evidence/gold-2/state/experiments/exp054/probe/priv_wei0.9_wie3.6_r100_T1000/config.json	1503
.pingstore/runs/exp054-r001-compute/export/evidence/gold-2/state/experiments/exp054/probe/priv_wei0.9_wie3.6_r100_T1000/metrics.json	387
.pingstore/runs/exp054-r001-compute/export/evidence/gold-2/state/experiments/exp054/probe/priv_wei0.9_wie3.6_r100_T1000/output.log	1068
.pingstore/runs/exp054-r001-compute/export/evidence/gold-2/state/experiments/exp054/probe/priv_wei0.9_wie3.6_r100_T1000/run.jsonl	451
.pingstore/runs/exp054-r001-compute/export/evidence/gold-2/state/experiments/exp054/probe/priv_wei0.9_wie3_r100_T1000/config.json	1501
.pingstore/runs/exp054-r001-compute/export/evidence/gold-2/state/experiments/exp054/probe/priv_wei0.9_wie3_r100_T1000/metrics.json	389
.pingstore/runs/exp054-r001-compute/export/evidence/gold-2/state/experiments/exp054/probe/priv_wei0.9_wie3_r100_T1000/output.log	1064
.pingstore/runs/exp054-r001-compute/export/evidence/gold-2/state/experiments/exp054/probe/priv_wei0.9_wie3_r100_T1000/run.jsonl	451
.pingstore/runs/exp054-r001-compute/export/evidence/gold-2/state/experiments/exp054/probe/priv_wei0.9_wie4.2_r100_T1000/config.json	1503
.pingstore/runs/exp054-r001-compute/export/evidence/gold-2/state/experiments/exp054/probe/priv_wei0.9_wie4.2_r100_T1000/metrics.json	385
.pingstore/runs/exp054-r001-compute/export/evidence/gold-2/state/experiments/exp054/probe/priv_wei0.9_wie4.2_r100_T1000/output.log	1068
.pingstore/runs/exp054-r001-compute/export/evidence/gold-2/state/experiments/exp054/probe/priv_wei0.9_wie4.2_r100_T1000/run.jsonl	450
.pingstore/runs/exp054-r001-compute/export/evidence/gold-2/state/experiments/exp054/probe/priv_wei0.9_wie4.8_r100_T1000/config.json	1503
.pingstore/runs/exp054-r001-compute/export/evidence/gold-2/state/experiments/exp054/probe/priv_wei0.9_wie4.8_r100_T1000/metrics.json	389
.pingstore/runs/exp054-r001-compute/export/evidence/gold-2/state/experiments/exp054/probe/priv_wei0.9_wie4.8_r100_T1000/output.log	1068
.pingstore/runs/exp054-r001-compute/export/evidence/gold-2/state/experiments/exp054/probe/priv_wei0.9_wie4.8_r100_T1000/run.jsonl	451
.pingstore/runs/exp054-r001-compute/export/evidence/gold-2/state/experiments/exp054/probe/priv_wei0.9_wie5.4_r100_T1000/config.json	1503
.pingstore/runs/exp054-r001-compute/export/evidence/gold-2/state/experiments/exp054/probe/priv_wei0.9_wie5.4_r100_T1000/metrics.json	385
.pingstore/runs/exp054-r001-compute/export/evidence/gold-2/state/experiments/exp054/probe/priv_wei0.9_wie5.4_r100_T1000/output.log	1068
.pingstore/runs/exp054-r001-compute/export/evidence/gold-2/state/experiments/exp054/probe/priv_wei0.9_wie5.4_r100_T1000/run.jsonl	451
.pingstore/runs/exp054-r001-compute/export/evidence/gold-2/state/experiments/exp054/probe/priv_wei0.9_wie6_r100_T1000/config.json	1501
.pingstore/runs/exp054-r001-compute/export/evidence/gold-2/state/experiments/exp054/probe/priv_wei0.9_wie6_r100_T1000/metrics.json	383
.pingstore/runs/exp054-r001-compute/export/evidence/gold-2/state/experiments/exp054/probe/priv_wei0.9_wie6_r100_T1000/output.log	1064
.pingstore/runs/exp054-r001-compute/export/evidence/gold-2/state/experiments/exp054/probe/priv_wei0.9_wie6_r100_T1000/run.jsonl	450
.pingstore/runs/exp054-r001-compute/export/evidence/gold-2/state/experiments/exp054/probe/priv_wei0_wie0.6_r100_T1000/config.json	1501
.pingstore/runs/exp054-r001-compute/export/evidence/gold-2/state/experiments/exp054/probe/priv_wei0_wie0.6_r100_T1000/metrics.json	371
.pingstore/runs/exp054-r001-compute/export/evidence/gold-2/state/experiments/exp054/probe/priv_wei0_wie0.6_r100_T1000/output.log	1064
.pingstore/runs/exp054-r001-compute/export/evidence/gold-2/state/experiments/exp054/probe/priv_wei0_wie0.6_r100_T1000/run.jsonl	452
.pingstore/runs/exp054-r001-compute/export/evidence/gold-2/state/experiments/exp054/probe/priv_wei0_wie0_r100_T1000/config.json	1499
.pingstore/runs/exp054-r001-compute/export/evidence/gold-2/state/experiments/exp054/probe/priv_wei0_wie0_r100_T1000/metrics.json	371
.pingstore/runs/exp054-r001-compute/export/evidence/gold-2/state/experiments/exp054/probe/priv_wei0_wie0_r100_T1000/output.log	1060
.pingstore/runs/exp054-r001-compute/export/evidence/gold-2/state/experiments/exp054/probe/priv_wei0_wie0_r100_T1000/run.jsonl	451
.pingstore/runs/exp054-r001-compute/export/evidence/gold-2/state/experiments/exp054/probe/priv_wei0_wie0_r10_T1000/config.json	1497
.pingstore/runs/exp054-r001-compute/export/evidence/gold-2/state/experiments/exp054/probe/priv_wei0_wie0_r10_T1000/metrics.json	370
.pingstore/runs/exp054-r001-compute/export/evidence/gold-2/state/experiments/exp054/probe/priv_wei0_wie0_r10_T1000/output.log	1054
.pingstore/runs/exp054-r001-compute/export/evidence/gold-2/state/experiments/exp054/probe/priv_wei0_wie0_r10_T1000/run.jsonl	450
.pingstore/runs/exp054-r001-compute/export/evidence/gold-2/state/experiments/exp054/probe/priv_wei0_wie0_r1_T1000/config.json	1495
.pingstore/runs/exp054-r001-compute/export/evidence/gold-2/state/experiments/exp054/probe/priv_wei0_wie0_r1_T1000/metrics.json	365
.pingstore/runs/exp054-r001-compute/export/evidence/gold-2/state/experiments/exp054/probe/priv_wei0_wie0_r1_T1000/output.log	1049
.pingstore/runs/exp054-r001-compute/export/evidence/gold-2/state/experiments/exp054/probe/priv_wei0_wie0_r1_T1000/run.jsonl	450
.pingstore/runs/exp054-r001-compute/export/evidence/gold-2/state/experiments/exp054/probe/priv_wei0_wie0_r20_T1000/config.json	1497
.pingstore/runs/exp054-r001-compute/export/evidence/gold-2/state/experiments/exp054/probe/priv_wei0_wie0_r20_T1000/metrics.json	372
.pingstore/runs/exp054-r001-compute/export/evidence/gold-2/state/experiments/exp054/probe/priv_wei0_wie0_r20_T1000/output.log	1055
.pingstore/runs/exp054-r001-compute/export/evidence/gold-2/state/experiments/exp054/probe/priv_wei0_wie0_r20_T1000/run.jsonl	449
.pingstore/runs/exp054-r001-compute/export/evidence/gold-2/state/experiments/exp054/probe/priv_wei0_wie0_r2_T1000/config.json	1495
.pingstore/runs/exp054-r001-compute/export/evidence/gold-2/state/experiments/exp054/probe/priv_wei0_wie0_r2_T1000/metrics.json	369
.pingstore/runs/exp054-r001-compute/export/evidence/gold-2/state/experiments/exp054/probe/priv_wei0_wie0_r2_T1000/output.log	1049
.pingstore/runs/exp054-r001-compute/export/evidence/gold-2/state/experiments/exp054/probe/priv_wei0_wie0_r2_T1000/run.jsonl	449
.pingstore/runs/exp054-r001-compute/export/evidence/gold-2/state/experiments/exp054/probe/priv_wei0_wie0_r40_T1000/config.json	1497
.pingstore/runs/exp054-r001-compute/export/evidence/gold-2/state/experiments/exp054/probe/priv_wei0_wie0_r40_T1000/metrics.json	374
.pingstore/runs/exp054-r001-compute/export/evidence/gold-2/state/experiments/exp054/probe/priv_wei0_wie0_r40_T1000/output.log	1056
.pingstore/runs/exp054-r001-compute/export/evidence/gold-2/state/experiments/exp054/probe/priv_wei0_wie0_r40_T1000/run.jsonl	450
.pingstore/runs/exp054-r001-compute/export/evidence/gold-2/state/experiments/exp054/probe/priv_wei0_wie0_r5_T1000/config.json	1495
.pingstore/runs/exp054-r001-compute/export/evidence/gold-2/state/experiments/exp054/probe/priv_wei0_wie0_r5_T1000/metrics.json	369
.pingstore/runs/exp054-r001-compute/export/evidence/gold-2/state/experiments/exp054/probe/priv_wei0_wie0_r5_T1000/output.log	1050
.pingstore/runs/exp054-r001-compute/export/evidence/gold-2/state/experiments/exp054/probe/priv_wei0_wie0_r5_T1000/run.jsonl	449
.pingstore/runs/exp054-r001-compute/export/evidence/gold-2/state/experiments/exp054/probe/priv_wei0_wie0_r70_T1000/config.json	1497
.pingstore/runs/exp054-r001-compute/export/evidence/gold-2/state/experiments/exp054/probe/priv_wei0_wie0_r70_T1000/metrics.json	374
.pingstore/runs/exp054-r001-compute/export/evidence/gold-2/state/experiments/exp054/probe/priv_wei0_wie0_r70_T1000/output.log	1056
.pingstore/runs/exp054-r001-compute/export/evidence/gold-2/state/experiments/exp054/probe/priv_wei0_wie0_r70_T1000/run.jsonl	450
.pingstore/runs/exp054-r001-compute/export/evidence/gold-2/state/experiments/exp054/probe/priv_wei0_wie1.2_r100_T1000/config.json	1501
.pingstore/runs/exp054-r001-compute/export/evidence/gold-2/state/experiments/exp054/probe/priv_wei0_wie1.2_r100_T1000/metrics.json	371
.pingstore/runs/exp054-r001-compute/export/evidence/gold-2/state/experiments/exp054/probe/priv_wei0_wie1.2_r100_T1000/output.log	1064
.pingstore/runs/exp054-r001-compute/export/evidence/gold-2/state/experiments/exp054/probe/priv_wei0_wie1.2_r100_T1000/run.jsonl	451
.pingstore/runs/exp054-r001-compute/export/evidence/gold-2/state/experiments/exp054/probe/priv_wei0_wie1.8_r100_T1000/config.json	1501
.pingstore/runs/exp054-r001-compute/export/evidence/gold-2/state/experiments/exp054/probe/priv_wei0_wie1.8_r100_T1000/metrics.json	371
.pingstore/runs/exp054-r001-compute/export/evidence/gold-2/state/experiments/exp054/probe/priv_wei0_wie1.8_r100_T1000/output.log	1064
.pingstore/runs/exp054-r001-compute/export/evidence/gold-2/state/experiments/exp054/probe/priv_wei0_wie1.8_r100_T1000/run.jsonl	452
.pingstore/runs/exp054-r001-compute/export/evidence/gold-2/state/experiments/exp054/probe/priv_wei0_wie2.4_r100_T1000/config.json	1501
.pingstore/runs/exp054-r001-compute/export/evidence/gold-2/state/experiments/exp054/probe/priv_wei0_wie2.4_r100_T1000/metrics.json	371
.pingstore/runs/exp054-r001-compute/export/evidence/gold-2/state/experiments/exp054/probe/priv_wei0_wie2.4_r100_T1000/output.log	1064
.pingstore/runs/exp054-r001-compute/export/evidence/gold-2/state/experiments/exp054/probe/priv_wei0_wie2.4_r100_T1000/run.jsonl	451
.pingstore/runs/exp054-r001-compute/export/evidence/gold-2/state/experiments/exp054/probe/priv_wei0_wie3.6_r100_T1000/config.json	1501
.pingstore/runs/exp054-r001-compute/export/evidence/gold-2/state/experiments/exp054/probe/priv_wei0_wie3.6_r100_T1000/metrics.json	371
.pingstore/runs/exp054-r001-compute/export/evidence/gold-2/state/experiments/exp054/probe/priv_wei0_wie3.6_r100_T1000/output.log	1064
.pingstore/runs/exp054-r001-compute/export/evidence/gold-2/state/experiments/exp054/probe/priv_wei0_wie3.6_r100_T1000/run.jsonl	451
.pingstore/runs/exp054-r001-compute/export/evidence/gold-2/state/experiments/exp054/probe/priv_wei0_wie3_r100_T1000/config.json	1499
.pingstore/runs/exp054-r001-compute/export/evidence/gold-2/state/experiments/exp054/probe/priv_wei0_wie3_r100_T1000/metrics.json	371
.pingstore/runs/exp054-r001-compute/export/evidence/gold-2/state/experiments/exp054/probe/priv_wei0_wie3_r100_T1000/output.log	1060
.pingstore/runs/exp054-r001-compute/export/evidence/gold-2/state/experiments/exp054/probe/priv_wei0_wie3_r100_T1000/run.jsonl	451
.pingstore/runs/exp054-r001-compute/export/evidence/gold-2/state/experiments/exp054/probe/priv_wei0_wie4.2_r100_T1000/config.json	1501
.pingstore/runs/exp054-r001-compute/export/evidence/gold-2/state/experiments/exp054/probe/priv_wei0_wie4.2_r100_T1000/metrics.json	371
.pingstore/runs/exp054-r001-compute/export/evidence/gold-2/state/experiments/exp054/probe/priv_wei0_wie4.2_r100_T1000/output.log	1064
.pingstore/runs/exp054-r001-compute/export/evidence/gold-2/state/experiments/exp054/probe/priv_wei0_wie4.2_r100_T1000/run.jsonl	451
.pingstore/runs/exp054-r001-compute/export/evidence/gold-2/state/experiments/exp054/probe/priv_wei0_wie4.8_r100_T1000/config.json	1501
.pingstore/runs/exp054-r001-compute/export/evidence/gold-2/state/experiments/exp054/probe/priv_wei0_wie4.8_r100_T1000/metrics.json	371
.pingstore/runs/exp054-r001-compute/export/evidence/gold-2/state/experiments/exp054/probe/priv_wei0_wie4.8_r100_T1000/output.log	1064
.pingstore/runs/exp054-r001-compute/export/evidence/gold-2/state/experiments/exp054/probe/priv_wei0_wie4.8_r100_T1000/run.jsonl	451
.pingstore/runs/exp054-r001-compute/export/evidence/gold-2/state/experiments/exp054/probe/priv_wei0_wie5.4_r100_T1000/config.json	1501
.pingstore/runs/exp054-r001-compute/export/evidence/gold-2/state/experiments/exp054/probe/priv_wei0_wie5.4_r100_T1000/metrics.json	371
.pingstore/runs/exp054-r001-compute/export/evidence/gold-2/state/experiments/exp054/probe/priv_wei0_wie5.4_r100_T1000/output.log	1064
.pingstore/runs/exp054-r001-compute/export/evidence/gold-2/state/experiments/exp054/probe/priv_wei0_wie5.4_r100_T1000/run.jsonl	451
.pingstore/runs/exp054-r001-compute/export/evidence/gold-2/state/experiments/exp054/probe/priv_wei0_wie6_r100_T1000/config.json	1499
.pingstore/runs/exp054-r001-compute/export/evidence/gold-2/state/experiments/exp054/probe/priv_wei0_wie6_r100_T1000/metrics.json	371
.pingstore/runs/exp054-r001-compute/export/evidence/gold-2/state/experiments/exp054/probe/priv_wei0_wie6_r100_T1000/output.log	1060
.pingstore/runs/exp054-r001-compute/export/evidence/gold-2/state/experiments/exp054/probe/priv_wei0_wie6_r100_T1000/run.jsonl	451
.pingstore/runs/exp054-r001-compute/export/evidence/gold-2/state/experiments/exp054/probe/priv_wei1.2_wie0.6_r100_T1000/config.json	1503
.pingstore/runs/exp054-r001-compute/export/evidence/gold-2/state/experiments/exp054/probe/priv_wei1.2_wie0.6_r100_T1000/metrics.json	383
.pingstore/runs/exp054-r001-compute/export/evidence/gold-2/state/experiments/exp054/probe/priv_wei1.2_wie0.6_r100_T1000/output.log	1070
.pingstore/runs/exp054-r001-compute/export/evidence/gold-2/state/experiments/exp054/probe/priv_wei1.2_wie0.6_r100_T1000/run.jsonl	451
.pingstore/runs/exp054-r001-compute/export/evidence/gold-2/state/experiments/exp054/probe/priv_wei1.2_wie0_r100_T1000/config.json	1501
.pingstore/runs/exp054-r001-compute/export/evidence/gold-2/state/experiments/exp054/probe/priv_wei1.2_wie0_r100_T1000/metrics.json	389
.pingstore/runs/exp054-r001-compute/export/evidence/gold-2/state/experiments/exp054/probe/priv_wei1.2_wie0_r100_T1000/output.log	1067
.pingstore/runs/exp054-r001-compute/export/evidence/gold-2/state/experiments/exp054/probe/priv_wei1.2_wie0_r100_T1000/run.jsonl	450
.pingstore/runs/exp054-r001-compute/export/evidence/gold-2/state/experiments/exp054/probe/priv_wei1.2_wie1.2_r100_T1000/config.json	1503
.pingstore/runs/exp054-r001-compute/export/evidence/gold-2/state/experiments/exp054/probe/priv_wei1.2_wie1.2_r100_T1000/metrics.json	383
.pingstore/runs/exp054-r001-compute/export/evidence/gold-2/state/experiments/exp054/probe/priv_wei1.2_wie1.2_r100_T1000/output.log	1069
.pingstore/runs/exp054-r001-compute/export/evidence/gold-2/state/experiments/exp054/probe/priv_wei1.2_wie1.2_r100_T1000/run.jsonl	451
.pingstore/runs/exp054-r001-compute/export/evidence/gold-2/state/experiments/exp054/probe/priv_wei1.2_wie1.8_r100_T1000/config.json	1503
.pingstore/runs/exp054-r001-compute/export/evidence/gold-2/state/experiments/exp054/probe/priv_wei1.2_wie1.8_r100_T1000/metrics.json	383
.pingstore/runs/exp054-r001-compute/export/evidence/gold-2/state/experiments/exp054/probe/priv_wei1.2_wie1.8_r100_T1000/output.log	1068
.pingstore/runs/exp054-r001-compute/export/evidence/gold-2/state/experiments/exp054/probe/priv_wei1.2_wie1.8_r100_T1000/run.jsonl	451
.pingstore/runs/exp054-r001-compute/export/evidence/gold-2/state/experiments/exp054/probe/priv_wei1.2_wie2.4_r100_T1000/config.json	1503
.pingstore/runs/exp054-r001-compute/export/evidence/gold-2/state/experiments/exp054/probe/priv_wei1.2_wie2.4_r100_T1000/metrics.json	389
.pingstore/runs/exp054-r001-compute/export/evidence/gold-2/state/experiments/exp054/probe/priv_wei1.2_wie2.4_r100_T1000/output.log	1068
.pingstore/runs/exp054-r001-compute/export/evidence/gold-2/state/experiments/exp054/probe/priv_wei1.2_wie2.4_r100_T1000/run.jsonl	451
.pingstore/runs/exp054-r001-compute/export/evidence/gold-2/state/experiments/exp054/probe/priv_wei1.2_wie3.6_r100_T1000/config.json	1503
.pingstore/runs/exp054-r001-compute/export/evidence/gold-2/state/experiments/exp054/probe/priv_wei1.2_wie3.6_r100_T1000/metrics.json	387
.pingstore/runs/exp054-r001-compute/export/evidence/gold-2/state/experiments/exp054/probe/priv_wei1.2_wie3.6_r100_T1000/output.log	1068
.pingstore/runs/exp054-r001-compute/export/evidence/gold-2/state/experiments/exp054/probe/priv_wei1.2_wie3.6_r100_T1000/run.jsonl	451
.pingstore/runs/exp054-r001-compute/export/evidence/gold-2/state/experiments/exp054/probe/priv_wei1.2_wie3_r100_T1000/config.json	1501
.pingstore/runs/exp054-r001-compute/export/evidence/gold-2/state/experiments/exp054/probe/priv_wei1.2_wie3_r100_T1000/metrics.json	387
.pingstore/runs/exp054-r001-compute/export/evidence/gold-2/state/experiments/exp054/probe/priv_wei1.2_wie3_r100_T1000/output.log	1064
.pingstore/runs/exp054-r001-compute/export/evidence/gold-2/state/experiments/exp054/probe/priv_wei1.2_wie3_r100_T1000/run.jsonl	451
.pingstore/runs/exp054-r001-compute/export/evidence/gold-2/state/experiments/exp054/probe/priv_wei1.2_wie4.2_r100_T1000/config.json	1503
.pingstore/runs/exp054-r001-compute/export/evidence/gold-2/state/experiments/exp054/probe/priv_wei1.2_wie4.2_r100_T1000/metrics.json	389
.pingstore/runs/exp054-r001-compute/export/evidence/gold-2/state/experiments/exp054/probe/priv_wei1.2_wie4.2_r100_T1000/output.log	1068
.pingstore/runs/exp054-r001-compute/export/evidence/gold-2/state/experiments/exp054/probe/priv_wei1.2_wie4.2_r100_T1000/run.jsonl	451
.pingstore/runs/exp054-r001-compute/export/evidence/gold-2/state/experiments/exp054/probe/priv_wei1.2_wie4.8_r100_T1000/config.json	1503
.pingstore/runs/exp054-r001-compute/export/evidence/gold-2/state/experiments/exp054/probe/priv_wei1.2_wie4.8_r100_T1000/metrics.json	387
.pingstore/runs/exp054-r001-compute/export/evidence/gold-2/state/experiments/exp054/probe/priv_wei1.2_wie4.8_r100_T1000/output.log	1068
.pingstore/runs/exp054-r001-compute/export/evidence/gold-2/state/experiments/exp054/probe/priv_wei1.2_wie4.8_r100_T1000/run.jsonl	451
.pingstore/runs/exp054-r001-compute/export/evidence/gold-2/state/experiments/exp054/probe/priv_wei1.2_wie5.4_r100_T1000/config.json	1503
.pingstore/runs/exp054-r001-compute/export/evidence/gold-2/state/experiments/exp054/probe/priv_wei1.2_wie5.4_r100_T1000/metrics.json	387
.pingstore/runs/exp054-r001-compute/export/evidence/gold-2/state/experiments/exp054/probe/priv_wei1.2_wie5.4_r100_T1000/output.log	1068
.pingstore/runs/exp054-r001-compute/export/evidence/gold-2/state/experiments/exp054/probe/priv_wei1.2_wie5.4_r100_T1000/run.jsonl	451
.pingstore/runs/exp054-r001-compute/export/evidence/gold-2/state/experiments/exp054/probe/priv_wei1.2_wie6_r100_T1000/config.json	1501
.pingstore/runs/exp054-r001-compute/export/evidence/gold-2/state/experiments/exp054/probe/priv_wei1.2_wie6_r100_T1000/metrics.json	385
.pingstore/runs/exp054-r001-compute/export/evidence/gold-2/state/experiments/exp054/probe/priv_wei1.2_wie6_r100_T1000/output.log	1064
.pingstore/runs/exp054-r001-compute/export/evidence/gold-2/state/experiments/exp054/probe/priv_wei1.2_wie6_r100_T1000/run.jsonl	450
.pingstore/runs/exp054-r001-compute/export/evidence/gold-2/state/experiments/exp054/probe/priv_wei1.5_wie0.6_r100_T1000/config.json	1503
.pingstore/runs/exp054-r001-compute/export/evidence/gold-2/state/experiments/exp054/probe/priv_wei1.5_wie0.6_r100_T1000/metrics.json	391
.pingstore/runs/exp054-r001-compute/export/evidence/gold-2/state/experiments/exp054/probe/priv_wei1.5_wie0.6_r100_T1000/output.log	1070
.pingstore/runs/exp054-r001-compute/export/evidence/gold-2/state/experiments/exp054/probe/priv_wei1.5_wie0.6_r100_T1000/run.jsonl	452
.pingstore/runs/exp054-r001-compute/export/evidence/gold-2/state/experiments/exp054/probe/priv_wei1.5_wie0_r100_T1000/config.json	1501
.pingstore/runs/exp054-r001-compute/export/evidence/gold-2/state/experiments/exp054/probe/priv_wei1.5_wie0_r100_T1000/metrics.json	387
.pingstore/runs/exp054-r001-compute/export/evidence/gold-2/state/experiments/exp054/probe/priv_wei1.5_wie0_r100_T1000/output.log	1067
.pingstore/runs/exp054-r001-compute/export/evidence/gold-2/state/experiments/exp054/probe/priv_wei1.5_wie0_r100_T1000/run.jsonl	451
.pingstore/runs/exp054-r001-compute/export/evidence/gold-2/state/experiments/exp054/probe/priv_wei1.5_wie1.2_r100_T1000/config.json	1503
.pingstore/runs/exp054-r001-compute/export/evidence/gold-2/state/experiments/exp054/probe/priv_wei1.5_wie1.2_r100_T1000/metrics.json	383
.pingstore/runs/exp054-r001-compute/export/evidence/gold-2/state/experiments/exp054/probe/priv_wei1.5_wie1.2_r100_T1000/output.log	1068
.pingstore/runs/exp054-r001-compute/export/evidence/gold-2/state/experiments/exp054/probe/priv_wei1.5_wie1.2_r100_T1000/run.jsonl	450
.pingstore/runs/exp054-r001-compute/export/evidence/gold-2/state/experiments/exp054/probe/priv_wei1.5_wie1.8_r100_T1000/config.json	1503
.pingstore/runs/exp054-r001-compute/export/evidence/gold-2/state/experiments/exp054/probe/priv_wei1.5_wie1.8_r100_T1000/metrics.json	389
.pingstore/runs/exp054-r001-compute/export/evidence/gold-2/state/experiments/exp054/probe/priv_wei1.5_wie1.8_r100_T1000/output.log	1068
.pingstore/runs/exp054-r001-compute/export/evidence/gold-2/state/experiments/exp054/probe/priv_wei1.5_wie1.8_r100_T1000/run.jsonl	451
.pingstore/runs/exp054-r001-compute/export/evidence/gold-2/state/experiments/exp054/probe/priv_wei1.5_wie2.4_r100_T1000/config.json	1503
.pingstore/runs/exp054-r001-compute/export/evidence/gold-2/state/experiments/exp054/probe/priv_wei1.5_wie2.4_r100_T1000/metrics.json	389
.pingstore/runs/exp054-r001-compute/export/evidence/gold-2/state/experiments/exp054/probe/priv_wei1.5_wie2.4_r100_T1000/output.log	1068
.pingstore/runs/exp054-r001-compute/export/evidence/gold-2/state/experiments/exp054/probe/priv_wei1.5_wie2.4_r100_T1000/run.jsonl	451
.pingstore/runs/exp054-r001-compute/export/evidence/gold-2/state/experiments/exp054/probe/priv_wei1.5_wie3.6_r100_T1000/config.json	1503
.pingstore/runs/exp054-r001-compute/export/evidence/gold-2/state/experiments/exp054/probe/priv_wei1.5_wie3.6_r100_T1000/metrics.json	387
.pingstore/runs/exp054-r001-compute/export/evidence/gold-2/state/experiments/exp054/probe/priv_wei1.5_wie3.6_r100_T1000/output.log	1068
.pingstore/runs/exp054-r001-compute/export/evidence/gold-2/state/experiments/exp054/probe/priv_wei1.5_wie3.6_r100_T1000/run.jsonl	450
.pingstore/runs/exp054-r001-compute/export/evidence/gold-2/state/experiments/exp054/probe/priv_wei1.5_wie3_r100_T1000/config.json	1501
.pingstore/runs/exp054-r001-compute/export/evidence/gold-2/state/experiments/exp054/probe/priv_wei1.5_wie3_r100_T1000/metrics.json	385
.pingstore/runs/exp054-r001-compute/export/evidence/gold-2/state/experiments/exp054/probe/priv_wei1.5_wie3_r100_T1000/output.log	1064
.pingstore/runs/exp054-r001-compute/export/evidence/gold-2/state/experiments/exp054/probe/priv_wei1.5_wie3_r100_T1000/run.jsonl	451
.pingstore/runs/exp054-r001-compute/export/evidence/gold-2/state/experiments/exp054/probe/priv_wei1.5_wie4.2_r100_T1000/config.json	1503
.pingstore/runs/exp054-r001-compute/export/evidence/gold-2/state/experiments/exp054/probe/priv_wei1.5_wie4.2_r100_T1000/metrics.json	389
.pingstore/runs/exp054-r001-compute/export/evidence/gold-2/state/experiments/exp054/probe/priv_wei1.5_wie4.2_r100_T1000/output.log	1068
.pingstore/runs/exp054-r001-compute/export/evidence/gold-2/state/experiments/exp054/probe/priv_wei1.5_wie4.2_r100_T1000/run.jsonl	451
.pingstore/runs/exp054-r001-compute/export/evidence/gold-2/state/experiments/exp054/probe/priv_wei1.5_wie4.8_r100_T1000/config.json	1503
.pingstore/runs/exp054-r001-compute/export/evidence/gold-2/state/experiments/exp054/probe/priv_wei1.5_wie4.8_r100_T1000/metrics.json	389
.pingstore/runs/exp054-r001-compute/export/evidence/gold-2/state/experiments/exp054/probe/priv_wei1.5_wie4.8_r100_T1000/output.log	1068
.pingstore/runs/exp054-r001-compute/export/evidence/gold-2/state/experiments/exp054/probe/priv_wei1.5_wie4.8_r100_T1000/run.jsonl	451
.pingstore/runs/exp054-r001-compute/export/evidence/gold-2/state/experiments/exp054/probe/priv_wei1.5_wie5.4_r100_T1000/config.json	1503
.pingstore/runs/exp054-r001-compute/export/evidence/gold-2/state/experiments/exp054/probe/priv_wei1.5_wie5.4_r100_T1000/metrics.json	385
.pingstore/runs/exp054-r001-compute/export/evidence/gold-2/state/experiments/exp054/probe/priv_wei1.5_wie5.4_r100_T1000/output.log	1068
.pingstore/runs/exp054-r001-compute/export/evidence/gold-2/state/experiments/exp054/probe/priv_wei1.5_wie5.4_r100_T1000/run.jsonl	451
.pingstore/runs/exp054-r001-compute/export/evidence/gold-2/state/experiments/exp054/probe/priv_wei1.5_wie6_r100_T1000/config.json	1501
.pingstore/runs/exp054-r001-compute/export/evidence/gold-2/state/experiments/exp054/probe/priv_wei1.5_wie6_r100_T1000/metrics.json	389
.pingstore/runs/exp054-r001-compute/export/evidence/gold-2/state/experiments/exp054/probe/priv_wei1.5_wie6_r100_T1000/output.log	1064
.pingstore/runs/exp054-r001-compute/export/evidence/gold-2/state/experiments/exp054/probe/priv_wei1.5_wie6_r100_T1000/run.jsonl	451
.pingstore/runs/exp054-r001-compute/export/evidence/gold-2/state/experiments/exp054/probe/priv_wei1.8_wie0.6_r100_T1000/config.json	1503
.pingstore/runs/exp054-r001-compute/export/evidence/gold-2/state/experiments/exp054/probe/priv_wei1.8_wie0.6_r100_T1000/metrics.json	389
.pingstore/runs/exp054-r001-compute/export/evidence/gold-2/state/experiments/exp054/probe/priv_wei1.8_wie0.6_r100_T1000/output.log	1070
.pingstore/runs/exp054-r001-compute/export/evidence/gold-2/state/experiments/exp054/probe/priv_wei1.8_wie0.6_r100_T1000/run.jsonl	451
.pingstore/runs/exp054-r001-compute/export/evidence/gold-2/state/experiments/exp054/probe/priv_wei1.8_wie0_r100_T1000/config.json	1501
.pingstore/runs/exp054-r001-compute/export/evidence/gold-2/state/experiments/exp054/probe/priv_wei1.8_wie0_r100_T1000/metrics.json	389
.pingstore/runs/exp054-r001-compute/export/evidence/gold-2/state/experiments/exp054/probe/priv_wei1.8_wie0_r100_T1000/output.log	1067
.pingstore/runs/exp054-r001-compute/export/evidence/gold-2/state/experiments/exp054/probe/priv_wei1.8_wie0_r100_T1000/run.jsonl	450
.pingstore/runs/exp054-r001-compute/export/evidence/gold-2/state/experiments/exp054/probe/priv_wei1.8_wie1.2_r100_T1000/config.json	1503
.pingstore/runs/exp054-r001-compute/export/evidence/gold-2/state/experiments/exp054/probe/priv_wei1.8_wie1.2_r100_T1000/metrics.json	385
.pingstore/runs/exp054-r001-compute/export/evidence/gold-2/state/experiments/exp054/probe/priv_wei1.8_wie1.2_r100_T1000/output.log	1068
.pingstore/runs/exp054-r001-compute/export/evidence/gold-2/state/experiments/exp054/probe/priv_wei1.8_wie1.2_r100_T1000/run.jsonl	451
.pingstore/runs/exp054-r001-compute/export/evidence/gold-2/state/experiments/exp054/probe/priv_wei1.8_wie1.8_r100_T1000/config.json	1503
.pingstore/runs/exp054-r001-compute/export/evidence/gold-2/state/experiments/exp054/probe/priv_wei1.8_wie1.8_r100_T1000/metrics.json	389
.pingstore/runs/exp054-r001-compute/export/evidence/gold-2/state/experiments/exp054/probe/priv_wei1.8_wie1.8_r100_T1000/output.log	1068
.pingstore/runs/exp054-r001-compute/export/evidence/gold-2/state/experiments/exp054/probe/priv_wei1.8_wie1.8_r100_T1000/run.jsonl	451
.pingstore/runs/exp054-r001-compute/export/evidence/gold-2/state/experiments/exp054/probe/priv_wei1.8_wie2.4_r100_T1000/config.json	1503
.pingstore/runs/exp054-r001-compute/export/evidence/gold-2/state/experiments/exp054/probe/priv_wei1.8_wie2.4_r100_T1000/metrics.json	389
.pingstore/runs/exp054-r001-compute/export/evidence/gold-2/state/experiments/exp054/probe/priv_wei1.8_wie2.4_r100_T1000/output.log	1068
.pingstore/runs/exp054-r001-compute/export/evidence/gold-2/state/experiments/exp054/probe/priv_wei1.8_wie2.4_r100_T1000/run.jsonl	451
.pingstore/runs/exp054-r001-compute/export/evidence/gold-2/state/experiments/exp054/probe/priv_wei1.8_wie3.6_r100_T1000/config.json	1503
.pingstore/runs/exp054-r001-compute/export/evidence/gold-2/state/experiments/exp054/probe/priv_wei1.8_wie3.6_r100_T1000/metrics.json	383
.pingstore/runs/exp054-r001-compute/export/evidence/gold-2/state/experiments/exp054/probe/priv_wei1.8_wie3.6_r100_T1000/output.log	1068
.pingstore/runs/exp054-r001-compute/export/evidence/gold-2/state/experiments/exp054/probe/priv_wei1.8_wie3.6_r100_T1000/run.jsonl	451
.pingstore/runs/exp054-r001-compute/export/evidence/gold-2/state/experiments/exp054/probe/priv_wei1.8_wie3_r100_T1000/config.json	1501
.pingstore/runs/exp054-r001-compute/export/evidence/gold-2/state/experiments/exp054/probe/priv_wei1.8_wie3_r100_T1000/metrics.json	381
.pingstore/runs/exp054-r001-compute/export/evidence/gold-2/state/experiments/exp054/probe/priv_wei1.8_wie3_r100_T1000/output.log	1064
.pingstore/runs/exp054-r001-compute/export/evidence/gold-2/state/experiments/exp054/probe/priv_wei1.8_wie3_r100_T1000/run.jsonl	451
.pingstore/runs/exp054-r001-compute/export/evidence/gold-2/state/experiments/exp054/probe/priv_wei1.8_wie4.2_r100_T1000/config.json	1503
.pingstore/runs/exp054-r001-compute/export/evidence/gold-2/state/experiments/exp054/probe/priv_wei1.8_wie4.2_r100_T1000/metrics.json	383
.pingstore/runs/exp054-r001-compute/export/evidence/gold-2/state/experiments/exp054/probe/priv_wei1.8_wie4.2_r100_T1000/output.log	1068
.pingstore/runs/exp054-r001-compute/export/evidence/gold-2/state/experiments/exp054/probe/priv_wei1.8_wie4.2_r100_T1000/run.jsonl	450
.pingstore/runs/exp054-r001-compute/export/evidence/gold-2/state/experiments/exp054/probe/priv_wei1.8_wie4.8_r100_T1000/config.json	1503
.pingstore/runs/exp054-r001-compute/export/evidence/gold-2/state/experiments/exp054/probe/priv_wei1.8_wie4.8_r100_T1000/metrics.json	389
.pingstore/runs/exp054-r001-compute/export/evidence/gold-2/state/experiments/exp054/probe/priv_wei1.8_wie4.8_r100_T1000/output.log	1068
.pingstore/runs/exp054-r001-compute/export/evidence/gold-2/state/experiments/exp054/probe/priv_wei1.8_wie4.8_r100_T1000/run.jsonl	451
.pingstore/runs/exp054-r001-compute/export/evidence/gold-2/state/experiments/exp054/probe/priv_wei1.8_wie5.4_r100_T1000/config.json	1503
.pingstore/runs/exp054-r001-compute/export/evidence/gold-2/state/experiments/exp054/probe/priv_wei1.8_wie5.4_r100_T1000/metrics.json	389
.pingstore/runs/exp054-r001-compute/export/evidence/gold-2/state/experiments/exp054/probe/priv_wei1.8_wie5.4_r100_T1000/output.log	1068
.pingstore/runs/exp054-r001-compute/export/evidence/gold-2/state/experiments/exp054/probe/priv_wei1.8_wie5.4_r100_T1000/run.jsonl	451
.pingstore/runs/exp054-r001-compute/export/evidence/gold-2/state/experiments/exp054/probe/priv_wei1.8_wie6_r100_T1000/config.json	1501
.pingstore/runs/exp054-r001-compute/export/evidence/gold-2/state/experiments/exp054/probe/priv_wei1.8_wie6_r100_T1000/metrics.json	387
.pingstore/runs/exp054-r001-compute/export/evidence/gold-2/state/experiments/exp054/probe/priv_wei1.8_wie6_r100_T1000/output.log	1064
.pingstore/runs/exp054-r001-compute/export/evidence/gold-2/state/experiments/exp054/probe/priv_wei1.8_wie6_r100_T1000/run.jsonl	451
.pingstore/runs/exp054-r001-compute/export/evidence/gold-2/state/experiments/exp054/probe/priv_wei2.1_wie0.6_r100_T1000/config.json	1503
.pingstore/runs/exp054-r001-compute/export/evidence/gold-2/state/experiments/exp054/probe/priv_wei2.1_wie0.6_r100_T1000/metrics.json	389
.pingstore/runs/exp054-r001-compute/export/evidence/gold-2/state/experiments/exp054/probe/priv_wei2.1_wie0.6_r100_T1000/output.log	1070
.pingstore/runs/exp054-r001-compute/export/evidence/gold-2/state/experiments/exp054/probe/priv_wei2.1_wie0.6_r100_T1000/run.jsonl	449
.pingstore/runs/exp054-r001-compute/export/evidence/gold-2/state/experiments/exp054/probe/priv_wei2.1_wie0_r100_T1000/config.json	1501
.pingstore/runs/exp054-r001-compute/export/evidence/gold-2/state/experiments/exp054/probe/priv_wei2.1_wie0_r100_T1000/metrics.json	375
.pingstore/runs/exp054-r001-compute/export/evidence/gold-2/state/experiments/exp054/probe/priv_wei2.1_wie0_r100_T1000/output.log	1067
.pingstore/runs/exp054-r001-compute/export/evidence/gold-2/state/experiments/exp054/probe/priv_wei2.1_wie0_r100_T1000/run.jsonl	451
.pingstore/runs/exp054-r001-compute/export/evidence/gold-2/state/experiments/exp054/probe/priv_wei2.1_wie1.2_r100_T1000/config.json	1503
.pingstore/runs/exp054-r001-compute/export/evidence/gold-2/state/experiments/exp054/probe/priv_wei2.1_wie1.2_r100_T1000/metrics.json	383
.pingstore/runs/exp054-r001-compute/export/evidence/gold-2/state/experiments/exp054/probe/priv_wei2.1_wie1.2_r100_T1000/output.log	1069
.pingstore/runs/exp054-r001-compute/export/evidence/gold-2/state/experiments/exp054/probe/priv_wei2.1_wie1.2_r100_T1000/run.jsonl	451
.pingstore/runs/exp054-r001-compute/export/evidence/gold-2/state/experiments/exp054/probe/priv_wei2.1_wie1.8_r100_T1000/config.json	1503
.pingstore/runs/exp054-r001-compute/export/evidence/gold-2/state/experiments/exp054/probe/priv_wei2.1_wie1.8_r100_T1000/metrics.json	389
.pingstore/runs/exp054-r001-compute/export/evidence/gold-2/state/experiments/exp054/probe/priv_wei2.1_wie1.8_r100_T1000/output.log	1068
.pingstore/runs/exp054-r001-compute/export/evidence/gold-2/state/experiments/exp054/probe/priv_wei2.1_wie1.8_r100_T1000/run.jsonl	451
.pingstore/runs/exp054-r001-compute/export/evidence/gold-2/state/experiments/exp054/probe/priv_wei2.1_wie2.4_r100_T1000/config.json	1503
.pingstore/runs/exp054-r001-compute/export/evidence/gold-2/state/experiments/exp054/probe/priv_wei2.1_wie2.4_r100_T1000/metrics.json	387
.pingstore/runs/exp054-r001-compute/export/evidence/gold-2/state/experiments/exp054/probe/priv_wei2.1_wie2.4_r100_T1000/output.log	1068
.pingstore/runs/exp054-r001-compute/export/evidence/gold-2/state/experiments/exp054/probe/priv_wei2.1_wie2.4_r100_T1000/run.jsonl	451
.pingstore/runs/exp054-r001-compute/export/evidence/gold-2/state/experiments/exp054/probe/priv_wei2.1_wie3.6_r100_T1000/config.json	1503
.pingstore/runs/exp054-r001-compute/export/evidence/gold-2/state/experiments/exp054/probe/priv_wei2.1_wie3.6_r100_T1000/metrics.json	387
.pingstore/runs/exp054-r001-compute/export/evidence/gold-2/state/experiments/exp054/probe/priv_wei2.1_wie3.6_r100_T1000/output.log	1068
.pingstore/runs/exp054-r001-compute/export/evidence/gold-2/state/experiments/exp054/probe/priv_wei2.1_wie3.6_r100_T1000/run.jsonl	451
.pingstore/runs/exp054-r001-compute/export/evidence/gold-2/state/experiments/exp054/probe/priv_wei2.1_wie3_r100_T1000/config.json	1501
.pingstore/runs/exp054-r001-compute/export/evidence/gold-2/state/experiments/exp054/probe/priv_wei2.1_wie3_r100_T1000/metrics.json	387
.pingstore/runs/exp054-r001-compute/export/evidence/gold-2/state/experiments/exp054/probe/priv_wei2.1_wie3_r100_T1000/output.log	1064
.pingstore/runs/exp054-r001-compute/export/evidence/gold-2/state/experiments/exp054/probe/priv_wei2.1_wie3_r100_T1000/run.jsonl	451
.pingstore/runs/exp054-r001-compute/export/evidence/gold-2/state/experiments/exp054/probe/priv_wei2.1_wie4.2_r100_T1000/config.json	1503
.pingstore/runs/exp054-r001-compute/export/evidence/gold-2/state/experiments/exp054/probe/priv_wei2.1_wie4.2_r100_T1000/metrics.json	389
.pingstore/runs/exp054-r001-compute/export/evidence/gold-2/state/experiments/exp054/probe/priv_wei2.1_wie4.2_r100_T1000/output.log	1068
.pingstore/runs/exp054-r001-compute/export/evidence/gold-2/state/experiments/exp054/probe/priv_wei2.1_wie4.2_r100_T1000/run.jsonl	451
.pingstore/runs/exp054-r001-compute/export/evidence/gold-2/state/experiments/exp054/probe/priv_wei2.1_wie4.8_r100_T1000/config.json	1503
.pingstore/runs/exp054-r001-compute/export/evidence/gold-2/state/experiments/exp054/probe/priv_wei2.1_wie4.8_r100_T1000/metrics.json	385
.pingstore/runs/exp054-r001-compute/export/evidence/gold-2/state/experiments/exp054/probe/priv_wei2.1_wie4.8_r100_T1000/output.log	1068
.pingstore/runs/exp054-r001-compute/export/evidence/gold-2/state/experiments/exp054/probe/priv_wei2.1_wie4.8_r100_T1000/run.jsonl	451
.pingstore/runs/exp054-r001-compute/export/evidence/gold-2/state/experiments/exp054/probe/priv_wei2.1_wie5.4_r100_T1000/config.json	1503
.pingstore/runs/exp054-r001-compute/export/evidence/gold-2/state/experiments/exp054/probe/priv_wei2.1_wie5.4_r100_T1000/metrics.json	383
.pingstore/runs/exp054-r001-compute/export/evidence/gold-2/state/experiments/exp054/probe/priv_wei2.1_wie5.4_r100_T1000/output.log	1068
.pingstore/runs/exp054-r001-compute/export/evidence/gold-2/state/experiments/exp054/probe/priv_wei2.1_wie5.4_r100_T1000/run.jsonl	450
.pingstore/runs/exp054-r001-compute/export/evidence/gold-2/state/experiments/exp054/probe/priv_wei2.1_wie6_r100_T1000/config.json	1501
.pingstore/runs/exp054-r001-compute/export/evidence/gold-2/state/experiments/exp054/probe/priv_wei2.1_wie6_r100_T1000/metrics.json	389
.pingstore/runs/exp054-r001-compute/export/evidence/gold-2/state/experiments/exp054/probe/priv_wei2.1_wie6_r100_T1000/output.log	1064
.pingstore/runs/exp054-r001-compute/export/evidence/gold-2/state/experiments/exp054/probe/priv_wei2.1_wie6_r100_T1000/run.jsonl	450
.pingstore/runs/exp054-r001-compute/export/evidence/gold-2/state/experiments/exp054/probe/priv_wei2.4_wie0.6_r100_T1000/config.json	1503
.pingstore/runs/exp054-r001-compute/export/evidence/gold-2/state/experiments/exp054/probe/priv_wei2.4_wie0.6_r100_T1000/metrics.json	389
.pingstore/runs/exp054-r001-compute/export/evidence/gold-2/state/experiments/exp054/probe/priv_wei2.4_wie0.6_r100_T1000/output.log	1069
.pingstore/runs/exp054-r001-compute/export/evidence/gold-2/state/experiments/exp054/probe/priv_wei2.4_wie0.6_r100_T1000/run.jsonl	451
.pingstore/runs/exp054-r001-compute/export/evidence/gold-2/state/experiments/exp054/probe/priv_wei2.4_wie0_r100_T1000/config.json	1501
.pingstore/runs/exp054-r001-compute/export/evidence/gold-2/state/experiments/exp054/probe/priv_wei2.4_wie0_r100_T1000/metrics.json	389
.pingstore/runs/exp054-r001-compute/export/evidence/gold-2/state/experiments/exp054/probe/priv_wei2.4_wie0_r100_T1000/output.log	1067
.pingstore/runs/exp054-r001-compute/export/evidence/gold-2/state/experiments/exp054/probe/priv_wei2.4_wie0_r100_T1000/run.jsonl	451
.pingstore/runs/exp054-r001-compute/export/evidence/gold-2/state/experiments/exp054/probe/priv_wei2.4_wie1.2_r100_T1000/config.json	1503
.pingstore/runs/exp054-r001-compute/export/evidence/gold-2/state/experiments/exp054/probe/priv_wei2.4_wie1.2_r100_T1000/metrics.json	389
.pingstore/runs/exp054-r001-compute/export/evidence/gold-2/state/experiments/exp054/probe/priv_wei2.4_wie1.2_r100_T1000/output.log	1069
.pingstore/runs/exp054-r001-compute/export/evidence/gold-2/state/experiments/exp054/probe/priv_wei2.4_wie1.2_r100_T1000/run.jsonl	451
.pingstore/runs/exp054-r001-compute/export/evidence/gold-2/state/experiments/exp054/probe/priv_wei2.4_wie1.8_r100_T1000/config.json	1503
.pingstore/runs/exp054-r001-compute/export/evidence/gold-2/state/experiments/exp054/probe/priv_wei2.4_wie1.8_r100_T1000/metrics.json	385
.pingstore/runs/exp054-r001-compute/export/evidence/gold-2/state/experiments/exp054/probe/priv_wei2.4_wie1.8_r100_T1000/output.log	1068
.pingstore/runs/exp054-r001-compute/export/evidence/gold-2/state/experiments/exp054/probe/priv_wei2.4_wie1.8_r100_T1000/run.jsonl	451
.pingstore/runs/exp054-r001-compute/export/evidence/gold-2/state/experiments/exp054/probe/priv_wei2.4_wie2.4_r100_T1000/config.json	1503
.pingstore/runs/exp054-r001-compute/export/evidence/gold-2/state/experiments/exp054/probe/priv_wei2.4_wie2.4_r100_T1000/metrics.json	389
.pingstore/runs/exp054-r001-compute/export/evidence/gold-2/state/experiments/exp054/probe/priv_wei2.4_wie2.4_r100_T1000/output.log	1068
.pingstore/runs/exp054-r001-compute/export/evidence/gold-2/state/experiments/exp054/probe/priv_wei2.4_wie2.4_r100_T1000/run.jsonl	451
.pingstore/runs/exp054-r001-compute/export/evidence/gold-2/state/experiments/exp054/probe/priv_wei2.4_wie3.6_r100_T1000/config.json	1503
.pingstore/runs/exp054-r001-compute/export/evidence/gold-2/state/experiments/exp054/probe/priv_wei2.4_wie3.6_r100_T1000/metrics.json	389
.pingstore/runs/exp054-r001-compute/export/evidence/gold-2/state/experiments/exp054/probe/priv_wei2.4_wie3.6_r100_T1000/output.log	1068
.pingstore/runs/exp054-r001-compute/export/evidence/gold-2/state/experiments/exp054/probe/priv_wei2.4_wie3.6_r100_T1000/run.jsonl	451
.pingstore/runs/exp054-r001-compute/export/evidence/gold-2/state/experiments/exp054/probe/priv_wei2.4_wie3_r100_T1000/config.json	1501
.pingstore/runs/exp054-r001-compute/export/evidence/gold-2/state/experiments/exp054/probe/priv_wei2.4_wie3_r100_T1000/metrics.json	389
.pingstore/runs/exp054-r001-compute/export/evidence/gold-2/state/experiments/exp054/probe/priv_wei2.4_wie3_r100_T1000/output.log	1064
.pingstore/runs/exp054-r001-compute/export/evidence/gold-2/state/experiments/exp054/probe/priv_wei2.4_wie3_r100_T1000/run.jsonl	451
.pingstore/runs/exp054-r001-compute/export/evidence/gold-2/state/experiments/exp054/probe/priv_wei2.4_wie4.2_r100_T1000/config.json	1503
.pingstore/runs/exp054-r001-compute/export/evidence/gold-2/state/experiments/exp054/probe/priv_wei2.4_wie4.2_r100_T1000/metrics.json	369
.pingstore/runs/exp054-r001-compute/export/evidence/gold-2/state/experiments/exp054/probe/priv_wei2.4_wie4.2_r100_T1000/output.log	1068
.pingstore/runs/exp054-r001-compute/export/evidence/gold-2/state/experiments/exp054/probe/priv_wei2.4_wie4.2_r100_T1000/run.jsonl	451
.pingstore/runs/exp054-r001-compute/export/evidence/gold-2/state/experiments/exp054/probe/priv_wei2.4_wie4.8_r100_T1000/config.json	1503
.pingstore/runs/exp054-r001-compute/export/evidence/gold-2/state/experiments/exp054/probe/priv_wei2.4_wie4.8_r100_T1000/metrics.json	389
.pingstore/runs/exp054-r001-compute/export/evidence/gold-2/state/experiments/exp054/probe/priv_wei2.4_wie4.8_r100_T1000/output.log	1068
.pingstore/runs/exp054-r001-compute/export/evidence/gold-2/state/experiments/exp054/probe/priv_wei2.4_wie4.8_r100_T1000/run.jsonl	451
.pingstore/runs/exp054-r001-compute/export/evidence/gold-2/state/experiments/exp054/probe/priv_wei2.4_wie5.4_r100_T1000/config.json	1503
.pingstore/runs/exp054-r001-compute/export/evidence/gold-2/state/experiments/exp054/probe/priv_wei2.4_wie5.4_r100_T1000/metrics.json	389
.pingstore/runs/exp054-r001-compute/export/evidence/gold-2/state/experiments/exp054/probe/priv_wei2.4_wie5.4_r100_T1000/output.log	1068
.pingstore/runs/exp054-r001-compute/export/evidence/gold-2/state/experiments/exp054/probe/priv_wei2.4_wie5.4_r100_T1000/run.jsonl	450
.pingstore/runs/exp054-r001-compute/export/evidence/gold-2/state/experiments/exp054/probe/priv_wei2.4_wie6_r100_T1000/config.json	1501
.pingstore/runs/exp054-r001-compute/export/evidence/gold-2/state/experiments/exp054/probe/priv_wei2.4_wie6_r100_T1000/metrics.json	389
.pingstore/runs/exp054-r001-compute/export/evidence/gold-2/state/experiments/exp054/probe/priv_wei2.4_wie6_r100_T1000/output.log	1064
.pingstore/runs/exp054-r001-compute/export/evidence/gold-2/state/experiments/exp054/probe/priv_wei2.4_wie6_r100_T1000/run.jsonl	451
.pingstore/runs/exp054-r001-compute/export/evidence/gold-2/state/experiments/exp054/probe/priv_wei2.7_wie0.6_r100_T1000/config.json	1503
.pingstore/runs/exp054-r001-compute/export/evidence/gold-2/state/experiments/exp054/probe/priv_wei2.7_wie0.6_r100_T1000/metrics.json	389
.pingstore/runs/exp054-r001-compute/export/evidence/gold-2/state/experiments/exp054/probe/priv_wei2.7_wie0.6_r100_T1000/output.log	1069
.pingstore/runs/exp054-r001-compute/export/evidence/gold-2/state/experiments/exp054/probe/priv_wei2.7_wie0.6_r100_T1000/run.jsonl	452
.pingstore/runs/exp054-r001-compute/export/evidence/gold-2/state/experiments/exp054/probe/priv_wei2.7_wie0_r100_T1000/config.json	1501
.pingstore/runs/exp054-r001-compute/export/evidence/gold-2/state/experiments/exp054/probe/priv_wei2.7_wie0_r100_T1000/metrics.json	389
.pingstore/runs/exp054-r001-compute/export/evidence/gold-2/state/experiments/exp054/probe/priv_wei2.7_wie0_r100_T1000/output.log	1067
.pingstore/runs/exp054-r001-compute/export/evidence/gold-2/state/experiments/exp054/probe/priv_wei2.7_wie0_r100_T1000/run.jsonl	451
.pingstore/runs/exp054-r001-compute/export/evidence/gold-2/state/experiments/exp054/probe/priv_wei2.7_wie1.2_r100_T1000/config.json	1503
.pingstore/runs/exp054-r001-compute/export/evidence/gold-2/state/experiments/exp054/probe/priv_wei2.7_wie1.2_r100_T1000/metrics.json	385
.pingstore/runs/exp054-r001-compute/export/evidence/gold-2/state/experiments/exp054/probe/priv_wei2.7_wie1.2_r100_T1000/output.log	1069
.pingstore/runs/exp054-r001-compute/export/evidence/gold-2/state/experiments/exp054/probe/priv_wei2.7_wie1.2_r100_T1000/run.jsonl	452
.pingstore/runs/exp054-r001-compute/export/evidence/gold-2/state/experiments/exp054/probe/priv_wei2.7_wie1.8_r100_T1000/config.json	1503
.pingstore/runs/exp054-r001-compute/export/evidence/gold-2/state/experiments/exp054/probe/priv_wei2.7_wie1.8_r100_T1000/metrics.json	389
.pingstore/runs/exp054-r001-compute/export/evidence/gold-2/state/experiments/exp054/probe/priv_wei2.7_wie1.8_r100_T1000/output.log	1068
.pingstore/runs/exp054-r001-compute/export/evidence/gold-2/state/experiments/exp054/probe/priv_wei2.7_wie1.8_r100_T1000/run.jsonl	451
.pingstore/runs/exp054-r001-compute/export/evidence/gold-2/state/experiments/exp054/probe/priv_wei2.7_wie2.4_r100_T1000/config.json	1503
.pingstore/runs/exp054-r001-compute/export/evidence/gold-2/state/experiments/exp054/probe/priv_wei2.7_wie2.4_r100_T1000/metrics.json	385
.pingstore/runs/exp054-r001-compute/export/evidence/gold-2/state/experiments/exp054/probe/priv_wei2.7_wie2.4_r100_T1000/output.log	1068
.pingstore/runs/exp054-r001-compute/export/evidence/gold-2/state/experiments/exp054/probe/priv_wei2.7_wie2.4_r100_T1000/run.jsonl	451
.pingstore/runs/exp054-r001-compute/export/evidence/gold-2/state/experiments/exp054/probe/priv_wei2.7_wie3.6_r100_T1000/config.json	1503
.pingstore/runs/exp054-r001-compute/export/evidence/gold-2/state/experiments/exp054/probe/priv_wei2.7_wie3.6_r100_T1000/metrics.json	381
.pingstore/runs/exp054-r001-compute/export/evidence/gold-2/state/experiments/exp054/probe/priv_wei2.7_wie3.6_r100_T1000/output.log	1068
.pingstore/runs/exp054-r001-compute/export/evidence/gold-2/state/experiments/exp054/probe/priv_wei2.7_wie3.6_r100_T1000/run.jsonl	451
.pingstore/runs/exp054-r001-compute/export/evidence/gold-2/state/experiments/exp054/probe/priv_wei2.7_wie3_r100_T1000/config.json	1501
.pingstore/runs/exp054-r001-compute/export/evidence/gold-2/state/experiments/exp054/probe/priv_wei2.7_wie3_r100_T1000/metrics.json	383
.pingstore/runs/exp054-r001-compute/export/evidence/gold-2/state/experiments/exp054/probe/priv_wei2.7_wie3_r100_T1000/output.log	1064
.pingstore/runs/exp054-r001-compute/export/evidence/gold-2/state/experiments/exp054/probe/priv_wei2.7_wie3_r100_T1000/run.jsonl	451
.pingstore/runs/exp054-r001-compute/export/evidence/gold-2/state/experiments/exp054/probe/priv_wei2.7_wie4.2_r100_T1000/config.json	1503
.pingstore/runs/exp054-r001-compute/export/evidence/gold-2/state/experiments/exp054/probe/priv_wei2.7_wie4.2_r100_T1000/metrics.json	375
.pingstore/runs/exp054-r001-compute/export/evidence/gold-2/state/experiments/exp054/probe/priv_wei2.7_wie4.2_r100_T1000/output.log	1068
.pingstore/runs/exp054-r001-compute/export/evidence/gold-2/state/experiments/exp054/probe/priv_wei2.7_wie4.2_r100_T1000/run.jsonl	451
.pingstore/runs/exp054-r001-compute/export/evidence/gold-2/state/experiments/exp054/probe/priv_wei2.7_wie4.8_r100_T1000/config.json	1503
.pingstore/runs/exp054-r001-compute/export/evidence/gold-2/state/experiments/exp054/probe/priv_wei2.7_wie4.8_r100_T1000/metrics.json	375
.pingstore/runs/exp054-r001-compute/export/evidence/gold-2/state/experiments/exp054/probe/priv_wei2.7_wie4.8_r100_T1000/output.log	1068
.pingstore/runs/exp054-r001-compute/export/evidence/gold-2/state/experiments/exp054/probe/priv_wei2.7_wie4.8_r100_T1000/run.jsonl	451
.pingstore/runs/exp054-r001-compute/export/evidence/gold-2/state/experiments/exp054/probe/priv_wei2.7_wie5.4_r100_T1000/config.json	1503
.pingstore/runs/exp054-r001-compute/export/evidence/gold-2/state/experiments/exp054/probe/priv_wei2.7_wie5.4_r100_T1000/metrics.json	385
.pingstore/runs/exp054-r001-compute/export/evidence/gold-2/state/experiments/exp054/probe/priv_wei2.7_wie5.4_r100_T1000/output.log	1068
.pingstore/runs/exp054-r001-compute/export/evidence/gold-2/state/experiments/exp054/probe/priv_wei2.7_wie5.4_r100_T1000/run.jsonl	451
.pingstore/runs/exp054-r001-compute/export/evidence/gold-2/state/experiments/exp054/probe/priv_wei2.7_wie6_r100_T1000/config.json	1501
.pingstore/runs/exp054-r001-compute/export/evidence/gold-2/state/experiments/exp054/probe/priv_wei2.7_wie6_r100_T1000/metrics.json	389
.pingstore/runs/exp054-r001-compute/export/evidence/gold-2/state/experiments/exp054/probe/priv_wei2.7_wie6_r100_T1000/output.log	1064
.pingstore/runs/exp054-r001-compute/export/evidence/gold-2/state/experiments/exp054/probe/priv_wei2.7_wie6_r100_T1000/run.jsonl	451
.pingstore/runs/exp054-r001-compute/export/evidence/gold-2/state/experiments/exp054/probe/priv_wei3_wie0.6_r100_T1000/config.json	1501
.pingstore/runs/exp054-r001-compute/export/evidence/gold-2/state/experiments/exp054/probe/priv_wei3_wie0.6_r100_T1000/metrics.json	387
.pingstore/runs/exp054-r001-compute/export/evidence/gold-2/state/experiments/exp054/probe/priv_wei3_wie0.6_r100_T1000/output.log	1065
.pingstore/runs/exp054-r001-compute/export/evidence/gold-2/state/experiments/exp054/probe/priv_wei3_wie0.6_r100_T1000/run.jsonl	451
.pingstore/runs/exp054-r001-compute/export/evidence/gold-2/state/experiments/exp054/probe/priv_wei3_wie0_r100_T1000/config.json	1499
.pingstore/runs/exp054-r001-compute/export/evidence/gold-2/state/experiments/exp054/probe/priv_wei3_wie0_r100_T1000/metrics.json	389
.pingstore/runs/exp054-r001-compute/export/evidence/gold-2/state/experiments/exp054/probe/priv_wei3_wie0_r100_T1000/output.log	1063
.pingstore/runs/exp054-r001-compute/export/evidence/gold-2/state/experiments/exp054/probe/priv_wei3_wie0_r100_T1000/run.jsonl	451
.pingstore/runs/exp054-r001-compute/export/evidence/gold-2/state/experiments/exp054/probe/priv_wei3_wie1.2_r100_T1000/config.json	1501
.pingstore/runs/exp054-r001-compute/export/evidence/gold-2/state/experiments/exp054/probe/priv_wei3_wie1.2_r100_T1000/metrics.json	385
.pingstore/runs/exp054-r001-compute/export/evidence/gold-2/state/experiments/exp054/probe/priv_wei3_wie1.2_r100_T1000/output.log	1065
.pingstore/runs/exp054-r001-compute/export/evidence/gold-2/state/experiments/exp054/probe/priv_wei3_wie1.2_r100_T1000/run.jsonl	452
.pingstore/runs/exp054-r001-compute/export/evidence/gold-2/state/experiments/exp054/probe/priv_wei3_wie1.8_r100_T1000/config.json	1501
.pingstore/runs/exp054-r001-compute/export/evidence/gold-2/state/experiments/exp054/probe/priv_wei3_wie1.8_r100_T1000/metrics.json	375
.pingstore/runs/exp054-r001-compute/export/evidence/gold-2/state/experiments/exp054/probe/priv_wei3_wie1.8_r100_T1000/output.log	1064
.pingstore/runs/exp054-r001-compute/export/evidence/gold-2/state/experiments/exp054/probe/priv_wei3_wie1.8_r100_T1000/run.jsonl	451
.pingstore/runs/exp054-r001-compute/export/evidence/gold-2/state/experiments/exp054/probe/priv_wei3_wie2.4_r100_T1000/config.json	1501
.pingstore/runs/exp054-r001-compute/export/evidence/gold-2/state/experiments/exp054/probe/priv_wei3_wie2.4_r100_T1000/metrics.json	385
.pingstore/runs/exp054-r001-compute/export/evidence/gold-2/state/experiments/exp054/probe/priv_wei3_wie2.4_r100_T1000/output.log	1064
.pingstore/runs/exp054-r001-compute/export/evidence/gold-2/state/experiments/exp054/probe/priv_wei3_wie2.4_r100_T1000/run.jsonl	451
.pingstore/runs/exp054-r001-compute/export/evidence/gold-2/state/experiments/exp054/probe/priv_wei3_wie3.6_r100_T1000/config.json	1501
.pingstore/runs/exp054-r001-compute/export/evidence/gold-2/state/experiments/exp054/probe/priv_wei3_wie3.6_r100_T1000/metrics.json	381
.pingstore/runs/exp054-r001-compute/export/evidence/gold-2/state/experiments/exp054/probe/priv_wei3_wie3.6_r100_T1000/output.log	1064
.pingstore/runs/exp054-r001-compute/export/evidence/gold-2/state/experiments/exp054/probe/priv_wei3_wie3.6_r100_T1000/run.jsonl	451
.pingstore/runs/exp054-r001-compute/export/evidence/gold-2/state/experiments/exp054/probe/priv_wei3_wie3_r100_T1000/config.json	1499
.pingstore/runs/exp054-r001-compute/export/evidence/gold-2/state/experiments/exp054/probe/priv_wei3_wie3_r100_T1000/metrics.json	381
.pingstore/runs/exp054-r001-compute/export/evidence/gold-2/state/experiments/exp054/probe/priv_wei3_wie3_r100_T1000/output.log	1060
.pingstore/runs/exp054-r001-compute/export/evidence/gold-2/state/experiments/exp054/probe/priv_wei3_wie3_r100_T1000/run.jsonl	451
.pingstore/runs/exp054-r001-compute/export/evidence/gold-2/state/experiments/exp054/probe/priv_wei3_wie4.2_r100_T1000/config.json	1501
.pingstore/runs/exp054-r001-compute/export/evidence/gold-2/state/experiments/exp054/probe/priv_wei3_wie4.2_r100_T1000/metrics.json	383
.pingstore/runs/exp054-r001-compute/export/evidence/gold-2/state/experiments/exp054/probe/priv_wei3_wie4.2_r100_T1000/output.log	1064
.pingstore/runs/exp054-r001-compute/export/evidence/gold-2/state/experiments/exp054/probe/priv_wei3_wie4.2_r100_T1000/run.jsonl	451
.pingstore/runs/exp054-r001-compute/export/evidence/gold-2/state/experiments/exp054/probe/priv_wei3_wie4.8_r100_T1000/config.json	1501
.pingstore/runs/exp054-r001-compute/export/evidence/gold-2/state/experiments/exp054/probe/priv_wei3_wie4.8_r100_T1000/metrics.json	389
.pingstore/runs/exp054-r001-compute/export/evidence/gold-2/state/experiments/exp054/probe/priv_wei3_wie4.8_r100_T1000/output.log	1064
.pingstore/runs/exp054-r001-compute/export/evidence/gold-2/state/experiments/exp054/probe/priv_wei3_wie4.8_r100_T1000/run.jsonl	451
.pingstore/runs/exp054-r001-compute/export/evidence/gold-2/state/experiments/exp054/probe/priv_wei3_wie5.4_r100_T1000/config.json	1501
.pingstore/runs/exp054-r001-compute/export/evidence/gold-2/state/experiments/exp054/probe/priv_wei3_wie5.4_r100_T1000/metrics.json	387
.pingstore/runs/exp054-r001-compute/export/evidence/gold-2/state/experiments/exp054/probe/priv_wei3_wie5.4_r100_T1000/output.log	1064
.pingstore/runs/exp054-r001-compute/export/evidence/gold-2/state/experiments/exp054/probe/priv_wei3_wie5.4_r100_T1000/run.jsonl	451
.pingstore/runs/exp054-r001-compute/export/evidence/gold-2/state/experiments/exp054/probe/priv_wei3_wie6_r100_T1000/config.json	1499
.pingstore/runs/exp054-r001-compute/export/evidence/gold-2/state/experiments/exp054/probe/priv_wei3_wie6_r100_T1000/metrics.json	387
.pingstore/runs/exp054-r001-compute/export/evidence/gold-2/state/experiments/exp054/probe/priv_wei3_wie6_r100_T1000/output.log	1060
.pingstore/runs/exp054-r001-compute/export/evidence/gold-2/state/experiments/exp054/probe/priv_wei3_wie6_r100_T1000/run.jsonl	450
.pingstore/runs/exp054-r001-compute/export/evidence/gold-2/state/experiments/exp054/probe/shared_wei0_wie0_r100_T1000/config.json	1540
.pingstore/runs/exp054-r001-compute/export/evidence/gold-2/state/experiments/exp054/probe/shared_wei0_wie0_r100_T1000/metrics.json	373
.pingstore/runs/exp054-r001-compute/export/evidence/gold-2/state/experiments/exp054/probe/shared_wei0_wie0_r100_T1000/output.log	1064
.pingstore/runs/exp054-r001-compute/export/evidence/gold-2/state/experiments/exp054/probe/shared_wei0_wie0_r100_T1000/run.jsonl	451
.pingstore/runs/exp054-r001-compute/export/evidence/gold-2/state/experiments/exp054/probe/shared_wei0_wie0_r12_T1000/config.json	1538
.pingstore/runs/exp054-r001-compute/export/evidence/gold-2/state/experiments/exp054/probe/shared_wei0_wie0_r12_T1000/metrics.json	362
.pingstore/runs/exp054-r001-compute/export/evidence/gold-2/state/experiments/exp054/probe/shared_wei0_wie0_r12_T1000/output.log	1056
.pingstore/runs/exp054-r001-compute/export/evidence/gold-2/state/experiments/exp054/probe/shared_wei0_wie0_r12_T1000/run.jsonl	450
.pingstore/runs/exp054-r001-compute/export/evidence/gold-2/state/experiments/exp054/probe/shared_wei0_wie0_r16_T1000/config.json	1538
.pingstore/runs/exp054-r001-compute/export/evidence/gold-2/state/experiments/exp054/probe/shared_wei0_wie0_r16_T1000/metrics.json	362
.pingstore/runs/exp054-r001-compute/export/evidence/gold-2/state/experiments/exp054/probe/shared_wei0_wie0_r16_T1000/output.log	1057
.pingstore/runs/exp054-r001-compute/export/evidence/gold-2/state/experiments/exp054/probe/shared_wei0_wie0_r16_T1000/run.jsonl	450
.pingstore/runs/exp054-r001-compute/export/evidence/gold-2/state/experiments/exp054/probe/shared_wei0_wie0_r20_T1000/config.json	1538
.pingstore/runs/exp054-r001-compute/export/evidence/gold-2/state/experiments/exp054/probe/shared_wei0_wie0_r20_T1000/metrics.json	366
.pingstore/runs/exp054-r001-compute/export/evidence/gold-2/state/experiments/exp054/probe/shared_wei0_wie0_r20_T1000/output.log	1058
.pingstore/runs/exp054-r001-compute/export/evidence/gold-2/state/experiments/exp054/probe/shared_wei0_wie0_r20_T1000/run.jsonl	450
.pingstore/runs/exp054-r001-compute/export/evidence/gold-2/state/experiments/exp054/probe/shared_wei0_wie0_r28_T1000/config.json	1538
.pingstore/runs/exp054-r001-compute/export/evidence/gold-2/state/experiments/exp054/probe/shared_wei0_wie0_r28_T1000/metrics.json	374
.pingstore/runs/exp054-r001-compute/export/evidence/gold-2/state/experiments/exp054/probe/shared_wei0_wie0_r28_T1000/output.log	1059
.pingstore/runs/exp054-r001-compute/export/evidence/gold-2/state/experiments/exp054/probe/shared_wei0_wie0_r28_T1000/run.jsonl	450
.pingstore/runs/exp054-r001-compute/export/evidence/gold-2/state/experiments/exp054/probe/shared_wei0_wie0_r40_T1000/config.json	1538
.pingstore/runs/exp054-r001-compute/export/evidence/gold-2/state/experiments/exp054/probe/shared_wei0_wie0_r40_T1000/metrics.json	374
.pingstore/runs/exp054-r001-compute/export/evidence/gold-2/state/experiments/exp054/probe/shared_wei0_wie0_r40_T1000/output.log	1059
.pingstore/runs/exp054-r001-compute/export/evidence/gold-2/state/experiments/exp054/probe/shared_wei0_wie0_r40_T1000/run.jsonl	451
.pingstore/runs/exp054-r001-compute/export/evidence/gold-2/state/experiments/exp054/probe/shared_wei0_wie0_r60_T1000/config.json	1538
.pingstore/runs/exp054-r001-compute/export/evidence/gold-2/state/experiments/exp054/probe/shared_wei0_wie0_r60_T1000/metrics.json	374
.pingstore/runs/exp054-r001-compute/export/evidence/gold-2/state/experiments/exp054/probe/shared_wei0_wie0_r60_T1000/output.log	1060
.pingstore/runs/exp054-r001-compute/export/evidence/gold-2/state/experiments/exp054/probe/shared_wei0_wie0_r60_T1000/run.jsonl	450
.pingstore/runs/exp054-r001-compute/export/evidence/gold-2/state/experiments/exp054/probe/shared_wei0_wie0_r8_T1000/config.json	1536
.pingstore/runs/exp054-r001-compute/export/evidence/gold-2/state/experiments/exp054/probe/shared_wei0_wie0_r8_T1000/metrics.json	369
.pingstore/runs/exp054-r001-compute/export/evidence/gold-2/state/experiments/exp054/probe/shared_wei0_wie0_r8_T1000/output.log	1052
.pingstore/runs/exp054-r001-compute/export/evidence/gold-2/state/experiments/exp054/probe/shared_wei0_wie0_r8_T1000/run.jsonl	449
.pingstore/runs/exp054-r001-compute/export/evidence/import-plan.json	545096
.pingstore/runs/exp054-r001-compute/export/evidence/import_gold2.py	12842
.pingstore/runs/exp054-r001-compute/export/evidence/producer-code/experiments/exp033.py	47129
.pingstore/runs/exp054-r001-compute/export/evidence/producer-code/experiments/exp054.py	46411
.pingstore/runs/exp054-r001-compute/export/evidence/producer-code/experiments/helpers/rhythmicity.py	4577
.pingstore/runs/exp054-r001-compute/export/evidence/producer-code/uv.lock	676131
.pingstore/runs/exp054-r001-compute/export/evidence/verification.json	11717
.pingstore/runs/exp074-r001-compute/export/evidence/simulator.json	766
.pingstore/runs/exp074-r001-compute/export/evidence/simulator.stderr	0
.pingstore/runs/exp074-r001-compute/export/evidence/simulator.stdout	1109
.pingstore/runs/exp074-r003-compute/export/evidence/simulator.json	766
.pingstore/runs/exp074-r003-compute/export/evidence/simulator.stderr	0
.pingstore/runs/exp074-r003-compute/export/evidence/simulator.stdout	1109
.pingstore/runs/exp074-r003-compute/export/evidence/simulator/output.log	1109
.pingstore/runs/exp074-r003-compute/export/evidence/simulator/run.jsonl	458
.pingstore/runs/exp075-r001-compute/export/evidence/simulator.json	626
.pingstore/runs/exp075-r001-compute/export/evidence/simulator.stderr	0
.pingstore/runs/exp075-r001-compute/export/evidence/simulator.stdout	2877
.pingstore/runs/exp075-r002-compute/export/evidence/simulator.json	626
.pingstore/runs/exp075-r002-compute/export/evidence/simulator.stderr	0
.pingstore/runs/exp075-r002-compute/export/evidence/simulator.stdout	2731
.pingstore/runs/exp075-r002-compute/export/evidence/simulator/output.log	2731
.pingstore/runs/exp075-r002-compute/export/evidence/simulator/run.jsonl	2595
.pingstore/runs/exp076-r001-compute/export/evidence/bundle_load_legacy_checkpoint.json	753
.pingstore/runs/exp076-r001-compute/export/evidence/bundle_load_legacy_checkpoint.stderr	0
.pingstore/runs/exp076-r001-compute/export/evidence/bundle_load_legacy_checkpoint.stdout	976
.pingstore/runs/exp076-r001-compute/export/evidence/bundle_load_legacy_checkpoint/output.log	976
.pingstore/runs/exp076-r001-compute/export/evidence/bundle_load_legacy_checkpoint/run.jsonl	455
.pingstore/runs/exp076-r001-compute/export/evidence/bundle_replay_final.json	749
.pingstore/runs/exp076-r001-compute/export/evidence/bundle_replay_final.stderr	0
.pingstore/runs/exp076-r001-compute/export/evidence/bundle_replay_final.stdout	972
.pingstore/runs/exp076-r001-compute/export/evidence/bundle_replay_final/output.log	972
.pingstore/runs/exp076-r001-compute/export/evidence/bundle_replay_final/run.jsonl	455
.pingstore/runs/exp076-r001-compute/export/evidence/bundle_replay_selected.json	746
.pingstore/runs/exp076-r001-compute/export/evidence/bundle_replay_selected.stderr	0
.pingstore/runs/exp076-r001-compute/export/evidence/bundle_replay_selected.stdout	969
.pingstore/runs/exp076-r001-compute/export/evidence/bundle_replay_selected/output.log	969
.pingstore/runs/exp076-r001-compute/export/evidence/bundle_replay_selected/run.jsonl	455
.pingstore/runs/exp076-r001-compute/export/evidence/bundle_training.json	631
.pingstore/runs/exp076-r001-compute/export/evidence/bundle_training.stderr	0
.pingstore/runs/exp076-r001-compute/export/evidence/bundle_training.stdout	2557
.pingstore/runs/exp076-r001-compute/export/evidence/bundle_training/output.log	2557
.pingstore/runs/exp076-r001-compute/export/evidence/bundle_training/run.jsonl	1964
.pingstore/runs/exp076-r001-compute/export/evidence/legacy_load_bundle_checkpoint.json	1026
.pingstore/runs/exp076-r001-compute/export/evidence/legacy_load_bundle_checkpoint.stderr	0
.pingstore/runs/exp076-r001-compute/export/evidence/legacy_load_bundle_checkpoint.stdout	976
.pingstore/runs/exp076-r001-compute/export/evidence/legacy_load_bundle_checkpoint/output.log	976
.pingstore/runs/exp076-r001-compute/export/evidence/legacy_load_bundle_checkpoint/run.jsonl	455
.pingstore/runs/exp076-r001-compute/export/evidence/legacy_training.json	992
.pingstore/runs/exp076-r001-compute/export/evidence/legacy_training.stderr	0
.pingstore/runs/exp076-r001-compute/export/evidence/legacy_training.stdout	2472
.pingstore/runs/exp076-r001-compute/export/evidence/legacy_training/output.log	2472
.pingstore/runs/exp076-r001-compute/export/evidence/legacy_training/run.jsonl	1718
.pingstore/runs/exp076-r001-compute/export/evidence/one-step-parity.json	510
.pingstore/runs/exp076-r001-compute/export/evidence/one-step-parity.stderr	0
.pingstore/runs/exp076-r001-compute/export/evidence/one-step-parity.stdout	98
.pingstore/runs/exp076-r001-compute/export/evidence/one-step-parity.xml	398
.pingstore/runs/exp077-r001-compute/export/evidence/delay-gates.json	621
.pingstore/runs/exp077-r001-compute/export/evidence/delay-gates.stderr	0
.pingstore/runs/exp077-r001-compute/export/evidence/delay-gates.stdout	98
.pingstore/runs/exp077-r001-compute/export/evidence/delay-gates.xml	546
.pingstore/runs/exp080-r001-compute/export/evidence/historical.py	10945
.pingstore/runs/exp080-r001-compute/export/evidence/import_gold2.py	7168
.pingstore/runs/exp080-r001-compute/export/evidence/r2-verification.json	832
.pingstore/runs/exp081-r001-compute/export/evidence/environment.json	86
.pingstore/runs/exp082-r001-compute/export/evidence/approved-import-plan.md	6395
.pingstore/runs/exp082-r001-compute/export/evidence/archive/derived/artifacts/data/exp082/_manifest.json	338
.pingstore/runs/exp082-r001-compute/export/evidence/archive/derived/artifacts/data/exp082/_run.txt	2
.pingstore/runs/exp082-r001-compute/export/evidence/archive/inventory.json	2101788
.pingstore/runs/exp082-r001-compute/export/evidence/archive/lineage.json	1876
.pingstore/runs/exp082-r001-compute/export/evidence/archive/provenance/source-records/base/collection-plan.json	20225
.pingstore/runs/exp082-r001-compute/export/evidence/archive/provenance/source-records/base/collection-status/exp082.json	342
.pingstore/runs/exp082-r001-compute/export/evidence/archive/provenance/source-records/base/logs/collection/exp082-shards/33913527_0.err	5508
.pingstore/runs/exp082-r001-compute/export/evidence/archive/provenance/source-records/base/logs/collection/exp082-shards/33913527_0.out	1860
.pingstore/runs/exp082-r001-compute/export/evidence/archive/provenance/source-records/base/logs/collection/exp082-shards/33913527_1.err	5508
.pingstore/runs/exp082-r001-compute/export/evidence/archive/provenance/source-records/base/logs/collection/exp082-shards/33913527_1.out	1860
.pingstore/runs/exp082-r001-compute/export/evidence/archive/provenance/source-records/base/logs/collection/exp082-shards/33913527_2.err	5171
.pingstore/runs/exp082-r001-compute/export/evidence/archive/provenance/source-records/base/logs/collection/exp082-shards/33913527_2.out	1860
.pingstore/runs/exp082-r001-compute/export/evidence/archive/provenance/source-records/base/logs/collection/exp082-shards/33913527_3.err	5510
.pingstore/runs/exp082-r001-compute/export/evidence/archive/provenance/source-records/base/logs/collection/exp082-shards/33913527_3.out	1861
.pingstore/runs/exp082-r001-compute/export/evidence/archive/provenance/source-records/base/logs/collection/exp082-shards/33913527_4.err	5510
.pingstore/runs/exp082-r001-compute/export/evidence/archive/provenance/source-records/base/logs/collection/exp082-shards/33913527_4.out	1861
.pingstore/runs/exp082-r001-compute/export/evidence/archive/provenance/source-records/base/logs/collection/exp082-shards/33913527_5.err	5173
.pingstore/runs/exp082-r001-compute/export/evidence/archive/provenance/source-records/base/logs/collection/exp082-shards/33913527_5.out	1861
.pingstore/runs/exp082-r001-compute/export/evidence/archive/provenance/source-records/base/run.json	1373
.pingstore/runs/exp082-r001-compute/export/evidence/archive/provenance/source-records/exp082-repair/logs/exp082/exp082.jsonl	154
.pingstore/runs/exp082-r001-compute/export/evidence/archive/provenance/source-records/exp082-repair/logs/slurm/34021105_0.err	913
.pingstore/runs/exp082-r001-compute/export/evidence/archive/provenance/source-records/exp082-repair/logs/slurm/34021105_0.out	367075
.pingstore/runs/exp082-r001-compute/export/evidence/archive/provenance/source-records/exp082-repair/logs/slurm/34021105_1.err	913
.pingstore/runs/exp082-r001-compute/export/evidence/archive/provenance/source-records/exp082-repair/logs/slurm/34021105_1.out	367075
.pingstore/runs/exp082-r001-compute/export/evidence/archive/provenance/source-records/exp082-repair/logs/slurm/34021105_2.err	913
.pingstore/runs/exp082-r001-compute/export/evidence/archive/provenance/source-records/exp082-repair/logs/slurm/34021105_2.out	367071
.pingstore/runs/exp082-r001-compute/export/evidence/archive/provenance/source-records/exp082-repair/logs/slurm/34021105_3.err	913
.pingstore/runs/exp082-r001-compute/export/evidence/archive/provenance/source-records/exp082-repair/logs/slurm/34021105_3.out	367094
.pingstore/runs/exp082-r001-compute/export/evidence/archive/provenance/source-records/exp082-repair/logs/slurm/34021105_4.err	913
.pingstore/runs/exp082-r001-compute/export/evidence/archive/provenance/source-records/exp082-repair/logs/slurm/34021105_4.out	367093
.pingstore/runs/exp082-r001-compute/export/evidence/archive/provenance/source-records/exp082-repair/logs/slurm/34021105_5.err	913
.pingstore/runs/exp082-r001-compute/export/evidence/archive/provenance/source-records/exp082-repair/logs/slurm/34021105_5.out	367095
.pingstore/runs/exp082-r001-compute/export/evidence/archive/provenance/source-records/exp082-repair/logs/slurm/ggs-exp082-repair-aggregate_34021106.err	573
.pingstore/runs/exp082-r001-compute/export/evidence/archive/provenance/source-records/exp082-repair/logs/slurm/ggs-exp082-repair-aggregate_34021106.out	4544
.pingstore/runs/exp082-r001-compute/export/evidence/archive/provenance/source-records/exp082-repair/repair-run.json	738
.pingstore/runs/exp082-r001-compute/export/evidence/archive/run.json	1103
.pingstore/runs/exp082-r001-compute/export/evidence/archive/state/checkpoints/base-production-exp022/campaign.json	546829
.pingstore/runs/exp082-r001-compute/export/evidence/archive/state/checkpoints/base-production-exp022/cells/ping__variable_rate__seed42/attempt.json	2561
.pingstore/runs/exp082-r001-compute/export/evidence/archive/state/checkpoints/base-production-exp022/cells/ping__variable_rate__seed42/config.json	14983
.pingstore/runs/exp082-r001-compute/export/evidence/archive/state/checkpoints/base-production-exp022/cells/ping__variable_rate__seed42/metrics.json	270895
.pingstore/runs/exp082-r001-compute/export/evidence/archive/state/checkpoints/base-production-exp022/cells/ping__variable_rate__seed43/attempt.json	2562
.pingstore/runs/exp082-r001-compute/export/evidence/archive/state/checkpoints/base-production-exp022/cells/ping__variable_rate__seed43/config.json	14993
.pingstore/runs/exp082-r001-compute/export/evidence/archive/state/checkpoints/base-production-exp022/cells/ping__variable_rate__seed43/metrics.json	270990
.pingstore/runs/exp082-r001-compute/export/evidence/archive/state/checkpoints/base-production-exp022/cells/ping__variable_rate__seed44/attempt.json	2562
.pingstore/runs/exp082-r001-compute/export/evidence/archive/state/checkpoints/base-production-exp022/cells/ping__variable_rate__seed44/config.json	14991
.pingstore/runs/exp082-r001-compute/export/evidence/archive/state/checkpoints/base-production-exp022/cells/ping__variable_rate__seed44/metrics.json	270954
.pingstore/runs/exp082-r001-compute/export/evidence/archive/state/experiments/exp082/shards/0.json	1329
.pingstore/runs/exp082-r001-compute/export/evidence/archive/state/experiments/exp082/shards/1.json	1329
.pingstore/runs/exp082-r001-compute/export/evidence/archive/state/experiments/exp082/shards/2.json	1329
.pingstore/runs/exp082-r001-compute/export/evidence/archive/state/experiments/exp082/shards/3.json	1329
.pingstore/runs/exp082-r001-compute/export/evidence/archive/state/experiments/exp082/shards/4.json	1329
.pingstore/runs/exp082-r001-compute/export/evidence/archive/state/experiments/exp082/shards/5.json	1329
.pingstore/runs/exp082-r001-compute/export/evidence/archive/state/experiments/exp082/stream/ping__variable_rate__seed42__best_validation__6af7b0c4e3e0/matched/config.json	2414
.pingstore/runs/exp082-r001-compute/export/evidence/archive/state/experiments/exp082/stream/ping__variable_rate__seed42__best_validation__6af7b0c4e3e0/matched/metrics.json	507
.pingstore/runs/exp082-r001-compute/export/evidence/archive/state/experiments/exp082/stream/ping__variable_rate__seed42__best_validation__6af7b0c4e3e0/matched/output.log	1422
.pingstore/runs/exp082-r001-compute/export/evidence/archive/state/experiments/exp082/stream/ping__variable_rate__seed42__best_validation__6af7b0c4e3e0/matched/run.jsonl	617
.pingstore/runs/exp082-r001-compute/export/evidence/archive/state/experiments/exp082/stream/ping__variable_rate__seed42__best_validation__6af7b0c4e3e0/variable/config.json	2416
.pingstore/runs/exp082-r001-compute/export/evidence/archive/state/experiments/exp082/stream/ping__variable_rate__seed42__best_validation__6af7b0c4e3e0/variable/metrics.json	527
.pingstore/runs/exp082-r001-compute/export/evidence/archive/state/experiments/exp082/stream/ping__variable_rate__seed42__best_validation__6af7b0c4e3e0/variable/output.log	1422
.pingstore/runs/exp082-r001-compute/export/evidence/archive/state/experiments/exp082/stream/ping__variable_rate__seed42__best_validation__6af7b0c4e3e0/variable/run.jsonl	617
.pingstore/runs/exp085-r001-compute/export/evidence/simulations/pathway-both.json	9134
.pingstore/runs/exp085-r001-compute/export/evidence/simulations/pathway-e_to_e.json	9002
.pingstore/runs/exp085-r001-compute/export/evidence/simulations/pathway-e_to_i.json	9002
.pingstore/runs/exp085-r001-compute/export/evidence/simulations/pathway-none.json	8862
.pingstore/runs/exp085-r001-compute/export/evidence/simulations/prc-E-00.json	6056
.pingstore/runs/exp085-r001-compute/export/evidence/simulations/prc-E-01.json	6057
.pingstore/runs/exp085-r001-compute/export/evidence/simulations/prc-E-02.json	6058
.pingstore/runs/exp085-r001-compute/export/evidence/simulations/prc-E-03.json	6058
.pingstore/runs/exp085-r001-compute/export/evidence/simulations/prc-E-04.json	6057
.pingstore/runs/exp085-r001-compute/export/evidence/simulations/prc-E-05.json	6057
.pingstore/runs/exp085-r001-compute/export/evidence/simulations/prc-E-06.json	6058
.pingstore/runs/exp085-r001-compute/export/evidence/simulations/prc-E-07.json	6058
.pingstore/runs/exp085-r001-compute/export/evidence/simulations/prc-E-08.json	6056
.pingstore/runs/exp085-r001-compute/export/evidence/simulations/prc-E-09.json	6057
.pingstore/runs/exp085-r001-compute/export/evidence/simulations/prc-E-10.json	6057
.pingstore/runs/exp085-r001-compute/export/evidence/simulations/prc-E-11.json	6058
.pingstore/runs/exp085-r001-compute/export/evidence/simulations/prc-E-12.json	6058
.pingstore/runs/exp085-r001-compute/export/evidence/simulations/prc-E-13.json	6057
.pingstore/runs/exp085-r001-compute/export/evidence/simulations/prc-E-14.json	6058
.pingstore/runs/exp085-r001-compute/export/evidence/simulations/prc-E-15.json	6057
.pingstore/runs/exp085-r001-compute/export/evidence/simulations/prc-E-16.json	6057
.pingstore/runs/exp085-r001-compute/export/evidence/simulations/prc-E-17.json	6058
.pingstore/runs/exp085-r001-compute/export/evidence/simulations/prc-E-18.json	6057
.pingstore/runs/exp085-r001-compute/export/evidence/simulations/prc-E-19.json	6058
.pingstore/runs/exp085-r001-compute/export/evidence/simulations/prc-E-20.json	6058
.pingstore/runs/exp085-r001-compute/export/evidence/simulations/prc-I-00.json	6058
.pingstore/runs/exp085-r001-compute/export/evidence/simulations/prc-I-01.json	6057
.pingstore/runs/exp085-r001-compute/export/evidence/simulations/prc-I-02.json	6058
.pingstore/runs/exp085-r001-compute/export/evidence/simulations/prc-I-03.json	6057
.pingstore/runs/exp085-r001-compute/export/evidence/simulations/prc-I-04.json	6058
.pingstore/runs/exp085-r001-compute/export/evidence/simulations/prc-I-05.json	6058
.pingstore/runs/exp085-r001-compute/export/evidence/simulations/prc-I-06.json	6058
.pingstore/runs/exp085-r001-compute/export/evidence/simulations/prc-I-07.json	6056
.pingstore/runs/exp085-r001-compute/export/evidence/simulations/prc-I-08.json	6057
.pingstore/runs/exp085-r001-compute/export/evidence/simulations/prc-I-09.json	6057
.pingstore/runs/exp085-r001-compute/export/evidence/simulations/prc-I-10.json	6057
.pingstore/runs/exp085-r001-compute/export/evidence/simulations/prc-I-11.json	6057
.pingstore/runs/exp085-r001-compute/export/evidence/simulations/prc-I-12.json	6058
.pingstore/runs/exp085-r001-compute/export/evidence/simulations/prc-I-13.json	6058
.pingstore/runs/exp085-r001-compute/export/evidence/simulations/prc-I-14.json	6058
.pingstore/runs/exp085-r001-compute/export/evidence/simulations/prc-I-15.json	6056
.pingstore/runs/exp085-r001-compute/export/evidence/simulations/prc-I-16.json	6058
.pingstore/runs/exp085-r001-compute/export/evidence/simulations/prc-I-17.json	6058
.pingstore/runs/exp085-r001-compute/export/evidence/simulations/prc-I-18.json	6057
.pingstore/runs/exp085-r001-compute/export/evidence/simulations/prc-I-19.json	6057
.pingstore/runs/exp085-r001-compute/export/evidence/simulations/prc-I-20.json	6057
.pingstore/runs/exp085-r001-compute/export/evidence/simulations/prc-baseline.json	6061
.pingstore/runs/exp085-r001-compute/export/evidence/simulations/prefix.json	8847
.pingstore/runs/exp085-r001-compute/export/evidence/simulations/uncoupled.json	8855
.pingstore/runs/exp099-r001-compute/export/evidence/simulation-command.json	403
