.pingstore/runs/exp022-r001-compute/export/evidence/format-v2/README.md	1157
.pingstore/runs/exp022-r001-compute/export/evidence/format-v2/contracts.py	10102
.pingstore/runs/exp022-r001-compute/export/evidence/format-v2/mapping.json	110261
.pingstore/runs/exp022-r001-compute/export/evidence/format-v2/migrate.py	14376
.pingstore/runs/exp022-r001-compute/export/evidence/format-v2/run.json	3180
.pingstore/runs/exp022-r001-compute/export/evidence/import-inventory.json	68319
.pingstore/runs/exp022-r001-compute/export/evidence/imported-README.md	4936
.pingstore/runs/exp022-r001-compute/export/evidence/verified-gold-2/inventory.json	2101788
.pingstore/runs/exp022-r001-compute/export/evidence/verified-gold-2/lineage.json	1876
.pingstore/runs/exp022-r001-compute/export/evidence/verified-gold-2/rclone.log	202
.pingstore/runs/exp022-r001-compute/export/evidence/verified-gold-2/remote-check.txt	122060
.pingstore/runs/exp022-r001-compute/export/evidence/verified-gold-2/run.json	1103
.pingstore/runs/exp022-r001-compute/export/evidence/verified-gold-2/verification.json	340024
.pingstore/runs/exp022-r001-compute/export/evidence/verified-gold-2/verify.py	3749
.pingstore/runs/exp022-r002-analyse/export/evidence/format-v2/README.md	912
.pingstore/runs/exp022-r002-analyse/export/evidence/format-v2/contracts.py	10102
.pingstore/runs/exp022-r002-analyse/export/evidence/format-v2/mapping.json	2639
.pingstore/runs/exp022-r002-analyse/export/evidence/format-v2/migrate.py	14376
.pingstore/runs/exp022-r002-analyse/export/evidence/format-v2/run.json	2261
.pingstore/runs/exp023-r001-compute/export/evidence/simulations.json	11338
.pingstore/runs/exp023-r001-compute/export/evidence/simulations/fi/coba__r10/config.json	1462
.pingstore/runs/exp023-r001-compute/export/evidence/simulations/fi/coba__r10/output.log	810
.pingstore/runs/exp023-r001-compute/export/evidence/simulations/fi/coba__r10/run.jsonl	762
.pingstore/runs/exp023-r001-compute/export/evidence/simulations/fi/coba__r100/config.json	1464
.pingstore/runs/exp023-r001-compute/export/evidence/simulations/fi/coba__r100/output.log	812
.pingstore/runs/exp023-r001-compute/export/evidence/simulations/fi/coba__r100/run.jsonl	767
.pingstore/runs/exp023-r001-compute/export/evidence/simulations/fi/coba__r2/config.json	1460
.pingstore/runs/exp023-r001-compute/export/evidence/simulations/fi/coba__r2/output.log	807
.pingstore/runs/exp023-r001-compute/export/evidence/simulations/fi/coba__r2/run.jsonl	766
.pingstore/runs/exp023-r001-compute/export/evidence/simulations/fi/coba__r20/config.json	1462
.pingstore/runs/exp023-r001-compute/export/evidence/simulations/fi/coba__r20/output.log	811
.pingstore/runs/exp023-r001-compute/export/evidence/simulations/fi/coba__r20/run.jsonl	764
.pingstore/runs/exp023-r001-compute/export/evidence/simulations/fi/coba__r40/config.json	1462
.pingstore/runs/exp023-r001-compute/export/evidence/simulations/fi/coba__r40/output.log	811
.pingstore/runs/exp023-r001-compute/export/evidence/simulations/fi/coba__r40/run.jsonl	760
.pingstore/runs/exp023-r001-compute/export/evidence/simulations/fi/coba__r5/config.json	1460
.pingstore/runs/exp023-r001-compute/export/evidence/simulations/fi/coba__r5/output.log	809
.pingstore/runs/exp023-r001-compute/export/evidence/simulations/fi/coba__r5/run.jsonl	771
.pingstore/runs/exp023-r001-compute/export/evidence/simulations/fi/coba__r70/config.json	1462
.pingstore/runs/exp023-r001-compute/export/evidence/simulations/fi/coba__r70/output.log	811
.pingstore/runs/exp023-r001-compute/export/evidence/simulations/fi/coba__r70/run.jsonl	762
.pingstore/runs/exp023-r001-compute/export/evidence/simulations/fi/ping__r10/config.json	1462
.pingstore/runs/exp023-r001-compute/export/evidence/simulations/fi/ping__r10/output.log	809
.pingstore/runs/exp023-r001-compute/export/evidence/simulations/fi/ping__r10/run.jsonl	770
.pingstore/runs/exp023-r001-compute/export/evidence/simulations/fi/ping__r100/config.json	1464
.pingstore/runs/exp023-r001-compute/export/evidence/simulations/fi/ping__r100/output.log	810
.pingstore/runs/exp023-r001-compute/export/evidence/simulations/fi/ping__r100/run.jsonl	780
.pingstore/runs/exp023-r001-compute/export/evidence/simulations/fi/ping__r2/config.json	1460
.pingstore/runs/exp023-r001-compute/export/evidence/simulations/fi/ping__r2/output.log	807
.pingstore/runs/exp023-r001-compute/export/evidence/simulations/fi/ping__r2/run.jsonl	766
.pingstore/runs/exp023-r001-compute/export/evidence/simulations/fi/ping__r20/config.json	1462
.pingstore/runs/exp023-r001-compute/export/evidence/simulations/fi/ping__r20/output.log	809
.pingstore/runs/exp023-r001-compute/export/evidence/simulations/fi/ping__r20/run.jsonl	767
.pingstore/runs/exp023-r001-compute/export/evidence/simulations/fi/ping__r40/config.json	1462
.pingstore/runs/exp023-r001-compute/export/evidence/simulations/fi/ping__r40/output.log	809
.pingstore/runs/exp023-r001-compute/export/evidence/simulations/fi/ping__r40/run.jsonl	772
.pingstore/runs/exp023-r001-compute/export/evidence/simulations/fi/ping__r5/config.json	1460
.pingstore/runs/exp023-r001-compute/export/evidence/simulations/fi/ping__r5/output.log	808
.pingstore/runs/exp023-r001-compute/export/evidence/simulations/fi/ping__r5/run.jsonl	772
.pingstore/runs/exp023-r001-compute/export/evidence/simulations/fi/ping__r70/config.json	1462
.pingstore/runs/exp023-r001-compute/export/evidence/simulations/fi/ping__r70/output.log	809
.pingstore/runs/exp023-r001-compute/export/evidence/simulations/fi/ping__r70/run.jsonl	768
.pingstore/runs/exp023-r001-compute/export/evidence/simulations/scope/coba/config.json	1460
.pingstore/runs/exp023-r001-compute/export/evidence/simulations/scope/coba/output.log	809
.pingstore/runs/exp023-r001-compute/export/evidence/simulations/scope/coba/run.jsonl	762
.pingstore/runs/exp023-r001-compute/export/evidence/simulations/scope/ping/config.json	1461
.pingstore/runs/exp023-r001-compute/export/evidence/simulations/scope/ping/output.log	809
.pingstore/runs/exp023-r001-compute/export/evidence/simulations/scope/ping/run.jsonl	777
.pingstore/runs/exp024-r001-analyse/export/evidence/source-configurations.json	94126
.pingstore/runs/exp024-r003-analyse/export/evidence/source-configurations.json	94126
.pingstore/runs/exp025-r001-compute/export/evidence/archive_helpers.py	17963
.pingstore/runs/exp025-r001-compute/export/evidence/file-mapping.json	90990
.pingstore/runs/exp025-r001-compute/export/evidence/gold-2/derived/artifacts/data/exp025/numbers.json	63269
.pingstore/runs/exp025-r001-compute/export/evidence/gold-2/inventory.json	2101788
.pingstore/runs/exp025-r001-compute/export/evidence/gold-2/lineage.json	1876
.pingstore/runs/exp025-r001-compute/export/evidence/gold-2/provenance/source-records/repair/collection-plan.json	19357
.pingstore/runs/exp025-r001-compute/export/evidence/gold-2/provenance/source-records/repair/logs/collection/ggs-repair-exp025_34111989.err	1253
.pingstore/runs/exp025-r001-compute/export/evidence/gold-2/provenance/source-records/repair/logs/collection/ggs-repair-exp025_34111989.out	213777
.pingstore/runs/exp025-r001-compute/export/evidence/gold-2/provenance/source-records/repair/logs/exp025/exp025.jsonl	128
.pingstore/runs/exp025-r001-compute/export/evidence/gold-2/provenance/source-records/repair/run.json	959
.pingstore/runs/exp025-r001-compute/export/evidence/gold-2/run.json	1103
.pingstore/runs/exp025-r001-compute/export/evidence/gold-2/state/checkpoints/current-repair-exp022/cells/coba__off__seed42/config.json	14441
.pingstore/runs/exp025-r001-compute/export/evidence/gold-2/state/checkpoints/current-repair-exp022/cells/coba__off__seed42/infer/config.json	2023
.pingstore/runs/exp025-r001-compute/export/evidence/gold-2/state/checkpoints/current-repair-exp022/cells/coba__off__seed42/infer/output.log	726
.pingstore/runs/exp025-r001-compute/export/evidence/gold-2/state/checkpoints/current-repair-exp022/cells/coba__off__seed42/infer/run.jsonl	466
.pingstore/runs/exp025-r001-compute/export/evidence/gold-2/state/checkpoints/current-repair-exp022/cells/coba__off__seed42/metrics.json	137730
.pingstore/runs/exp025-r001-compute/export/evidence/gold-2/state/checkpoints/current-repair-exp022/cells/coba__off__seed43/config.json	14457
.pingstore/runs/exp025-r001-compute/export/evidence/gold-2/state/checkpoints/current-repair-exp022/cells/coba__off__seed43/metrics.json	137867
.pingstore/runs/exp025-r001-compute/export/evidence/gold-2/state/checkpoints/current-repair-exp022/cells/coba__off__seed44/config.json	14455
.pingstore/runs/exp025-r001-compute/export/evidence/gold-2/state/checkpoints/current-repair-exp022/cells/coba__off__seed44/metrics.json	137811
.pingstore/runs/exp025-r001-compute/export/evidence/gold-2/state/checkpoints/current-repair-exp022/cells/coba__rt10hz__seed42/config.json	14148
.pingstore/runs/exp025-r001-compute/export/evidence/gold-2/state/checkpoints/current-repair-exp022/cells/coba__rt10hz__seed42/metrics.json	137326
.pingstore/runs/exp025-r001-compute/export/evidence/gold-2/state/checkpoints/current-repair-exp022/cells/coba__rt10hz__seed43/config.json	14164
.pingstore/runs/exp025-r001-compute/export/evidence/gold-2/state/checkpoints/current-repair-exp022/cells/coba__rt10hz__seed43/metrics.json	137552
.pingstore/runs/exp025-r001-compute/export/evidence/gold-2/state/checkpoints/current-repair-exp022/cells/coba__rt10hz__seed44/config.json	14162
.pingstore/runs/exp025-r001-compute/export/evidence/gold-2/state/checkpoints/current-repair-exp022/cells/coba__rt10hz__seed44/metrics.json	137493
.pingstore/runs/exp025-r001-compute/export/evidence/gold-2/state/checkpoints/current-repair-exp022/cells/coba__rt1hz__seed42/config.json	14144
.pingstore/runs/exp025-r001-compute/export/evidence/gold-2/state/checkpoints/current-repair-exp022/cells/coba__rt1hz__seed42/metrics.json	137379
.pingstore/runs/exp025-r001-compute/export/evidence/gold-2/state/checkpoints/current-repair-exp022/cells/coba__rt1hz__seed43/config.json	14160
.pingstore/runs/exp025-r001-compute/export/evidence/gold-2/state/checkpoints/current-repair-exp022/cells/coba__rt1hz__seed43/metrics.json	137585
.pingstore/runs/exp025-r001-compute/export/evidence/gold-2/state/checkpoints/current-repair-exp022/cells/coba__rt1hz__seed44/config.json	14158
.pingstore/runs/exp025-r001-compute/export/evidence/gold-2/state/checkpoints/current-repair-exp022/cells/coba__rt1hz__seed44/metrics.json	137603
.pingstore/runs/exp025-r001-compute/export/evidence/gold-2/state/checkpoints/current-repair-exp022/cells/coba__rt25hz__seed42/config.json	14148
.pingstore/runs/exp025-r001-compute/export/evidence/gold-2/state/checkpoints/current-repair-exp022/cells/coba__rt25hz__seed42/metrics.json	137516
.pingstore/runs/exp025-r001-compute/export/evidence/gold-2/state/checkpoints/current-repair-exp022/cells/coba__rt25hz__seed43/config.json	14164
.pingstore/runs/exp025-r001-compute/export/evidence/gold-2/state/checkpoints/current-repair-exp022/cells/coba__rt25hz__seed43/metrics.json	137620
.pingstore/runs/exp025-r001-compute/export/evidence/gold-2/state/checkpoints/current-repair-exp022/cells/coba__rt25hz__seed44/config.json	14162
.pingstore/runs/exp025-r001-compute/export/evidence/gold-2/state/checkpoints/current-repair-exp022/cells/coba__rt25hz__seed44/metrics.json	137667
.pingstore/runs/exp025-r001-compute/export/evidence/gold-2/state/checkpoints/current-repair-exp022/cells/coba__rt2p5hz__seed42/config.json	14148
.pingstore/runs/exp025-r001-compute/export/evidence/gold-2/state/checkpoints/current-repair-exp022/cells/coba__rt2p5hz__seed42/metrics.json	137486
.pingstore/runs/exp025-r001-compute/export/evidence/gold-2/state/checkpoints/current-repair-exp022/cells/coba__rt2p5hz__seed43/config.json	14164
.pingstore/runs/exp025-r001-compute/export/evidence/gold-2/state/checkpoints/current-repair-exp022/cells/coba__rt2p5hz__seed43/metrics.json	137548
.pingstore/runs/exp025-r001-compute/export/evidence/gold-2/state/checkpoints/current-repair-exp022/cells/coba__rt2p5hz__seed44/config.json	14162
.pingstore/runs/exp025-r001-compute/export/evidence/gold-2/state/checkpoints/current-repair-exp022/cells/coba__rt2p5hz__seed44/metrics.json	137547
.pingstore/runs/exp025-r001-compute/export/evidence/gold-2/state/checkpoints/current-repair-exp022/cells/coba__rt5hz__seed42/config.json	14144
.pingstore/runs/exp025-r001-compute/export/evidence/gold-2/state/checkpoints/current-repair-exp022/cells/coba__rt5hz__seed42/metrics.json	137374
.pingstore/runs/exp025-r001-compute/export/evidence/gold-2/state/checkpoints/current-repair-exp022/cells/coba__rt5hz__seed43/config.json	14160
.pingstore/runs/exp025-r001-compute/export/evidence/gold-2/state/checkpoints/current-repair-exp022/cells/coba__rt5hz__seed43/metrics.json	137377
.pingstore/runs/exp025-r001-compute/export/evidence/gold-2/state/checkpoints/current-repair-exp022/cells/coba__rt5hz__seed44/config.json	14158
.pingstore/runs/exp025-r001-compute/export/evidence/gold-2/state/checkpoints/current-repair-exp022/cells/coba__rt5hz__seed44/metrics.json	137373
.pingstore/runs/exp025-r001-compute/export/evidence/gold-2/state/checkpoints/current-repair-exp022/cells/ping__low_w_in__win0p05__seed42/config.json	14547
.pingstore/runs/exp025-r001-compute/export/evidence/gold-2/state/checkpoints/current-repair-exp022/cells/ping__low_w_in__win0p05__seed42/metrics.json	139142
.pingstore/runs/exp025-r001-compute/export/evidence/gold-2/state/checkpoints/current-repair-exp022/cells/ping__low_w_in__win0p05__seed43/config.json	14568
.pingstore/runs/exp025-r001-compute/export/evidence/gold-2/state/checkpoints/current-repair-exp022/cells/ping__low_w_in__win0p05__seed43/metrics.json	139133
.pingstore/runs/exp025-r001-compute/export/evidence/gold-2/state/checkpoints/current-repair-exp022/cells/ping__low_w_in__win0p05__seed44/config.json	14572
.pingstore/runs/exp025-r001-compute/export/evidence/gold-2/state/checkpoints/current-repair-exp022/cells/ping__low_w_in__win0p05__seed44/metrics.json	139119
.pingstore/runs/exp025-r001-compute/export/evidence/gold-2/state/checkpoints/current-repair-exp022/cells/ping__low_w_in__win0p1__seed42/config.json	14538
.pingstore/runs/exp025-r001-compute/export/evidence/gold-2/state/checkpoints/current-repair-exp022/cells/ping__low_w_in__win0p1__seed42/metrics.json	139040
.pingstore/runs/exp025-r001-compute/export/evidence/gold-2/state/checkpoints/current-repair-exp022/cells/ping__low_w_in__win0p1__seed43/config.json	14561
.pingstore/runs/exp025-r001-compute/export/evidence/gold-2/state/checkpoints/current-repair-exp022/cells/ping__low_w_in__win0p1__seed43/metrics.json	139094
.pingstore/runs/exp025-r001-compute/export/evidence/gold-2/state/checkpoints/current-repair-exp022/cells/ping__low_w_in__win0p1__seed44/config.json	14565
.pingstore/runs/exp025-r001-compute/export/evidence/gold-2/state/checkpoints/current-repair-exp022/cells/ping__low_w_in__win0p1__seed44/metrics.json	139204
.pingstore/runs/exp025-r001-compute/export/evidence/gold-2/state/checkpoints/current-repair-exp022/cells/ping__low_w_in__win0p3__seed42/config.json	14501
.pingstore/runs/exp025-r001-compute/export/evidence/gold-2/state/checkpoints/current-repair-exp022/cells/ping__low_w_in__win0p3__seed42/metrics.json	139155
.pingstore/runs/exp025-r001-compute/export/evidence/gold-2/state/checkpoints/current-repair-exp022/cells/ping__low_w_in__win0p3__seed43/config.json	14524
.pingstore/runs/exp025-r001-compute/export/evidence/gold-2/state/checkpoints/current-repair-exp022/cells/ping__low_w_in__win0p3__seed43/metrics.json	139025
.pingstore/runs/exp025-r001-compute/export/evidence/gold-2/state/checkpoints/current-repair-exp022/cells/ping__low_w_in__win0p3__seed44/config.json	14526
.pingstore/runs/exp025-r001-compute/export/evidence/gold-2/state/checkpoints/current-repair-exp022/cells/ping__low_w_in__win0p3__seed44/metrics.json	139050
.pingstore/runs/exp025-r001-compute/export/evidence/gold-2/state/checkpoints/current-repair-exp022/cells/ping__low_w_in__win0p9__seed42/config.json	14528
.pingstore/runs/exp025-r001-compute/export/evidence/gold-2/state/checkpoints/current-repair-exp022/cells/ping__low_w_in__win0p9__seed42/metrics.json	139201
.pingstore/runs/exp025-r001-compute/export/evidence/gold-2/state/checkpoints/current-repair-exp022/cells/ping__low_w_in__win0p9__seed43/config.json	14549
.pingstore/runs/exp025-r001-compute/export/evidence/gold-2/state/checkpoints/current-repair-exp022/cells/ping__low_w_in__win0p9__seed43/metrics.json	139054
.pingstore/runs/exp025-r001-compute/export/evidence/gold-2/state/checkpoints/current-repair-exp022/cells/ping__low_w_in__win0p9__seed44/config.json	14553
.pingstore/runs/exp025-r001-compute/export/evidence/gold-2/state/checkpoints/current-repair-exp022/cells/ping__low_w_in__win0p9__seed44/metrics.json	139167
.pingstore/runs/exp025-r001-compute/export/evidence/gold-2/state/checkpoints/current-repair-exp022/cells/ping__off__seed42/config.json	14812
.pingstore/runs/exp025-r001-compute/export/evidence/gold-2/state/checkpoints/current-repair-exp022/cells/ping__off__seed42/infer/config.json	2023
.pingstore/runs/exp025-r001-compute/export/evidence/gold-2/state/checkpoints/current-repair-exp022/cells/ping__off__seed42/infer/output.log	726
.pingstore/runs/exp025-r001-compute/export/evidence/gold-2/state/checkpoints/current-repair-exp022/cells/ping__off__seed42/infer/run.jsonl	467
.pingstore/runs/exp025-r001-compute/export/evidence/gold-2/state/checkpoints/current-repair-exp022/cells/ping__off__seed42/metrics.json	139406
.pingstore/runs/exp025-r001-compute/export/evidence/gold-2/state/checkpoints/current-repair-exp022/cells/ping__off__seed43/config.json	14833
.pingstore/runs/exp025-r001-compute/export/evidence/gold-2/state/checkpoints/current-repair-exp022/cells/ping__off__seed43/metrics.json	139345
.pingstore/runs/exp025-r001-compute/export/evidence/gold-2/state/checkpoints/current-repair-exp022/cells/ping__off__seed44/config.json	14837
.pingstore/runs/exp025-r001-compute/export/evidence/gold-2/state/checkpoints/current-repair-exp022/cells/ping__off__seed44/metrics.json	139448
.pingstore/runs/exp025-r001-compute/export/evidence/gold-2/state/checkpoints/current-repair-exp022/cells/ping__rt10hz__seed42/config.json	14519
.pingstore/runs/exp025-r001-compute/export/evidence/gold-2/state/checkpoints/current-repair-exp022/cells/ping__rt10hz__seed42/metrics.json	138847
.pingstore/runs/exp025-r001-compute/export/evidence/gold-2/state/checkpoints/current-repair-exp022/cells/ping__rt10hz__seed43/config.json	14540
.pingstore/runs/exp025-r001-compute/export/evidence/gold-2/state/checkpoints/current-repair-exp022/cells/ping__rt10hz__seed43/metrics.json	138994
.pingstore/runs/exp025-r001-compute/export/evidence/gold-2/state/checkpoints/current-repair-exp022/cells/ping__rt10hz__seed44/config.json	14544
.pingstore/runs/exp025-r001-compute/export/evidence/gold-2/state/checkpoints/current-repair-exp022/cells/ping__rt10hz__seed44/metrics.json	138759
.pingstore/runs/exp025-r001-compute/export/evidence/gold-2/state/checkpoints/current-repair-exp022/cells/ping__rt1hz__seed42/config.json	14515
.pingstore/runs/exp025-r001-compute/export/evidence/gold-2/state/checkpoints/current-repair-exp022/cells/ping__rt1hz__seed42/metrics.json	139223
.pingstore/runs/exp025-r001-compute/export/evidence/gold-2/state/checkpoints/current-repair-exp022/cells/ping__rt1hz__seed43/config.json	14536
.pingstore/runs/exp025-r001-compute/export/evidence/gold-2/state/checkpoints/current-repair-exp022/cells/ping__rt1hz__seed43/metrics.json	139152
.pingstore/runs/exp025-r001-compute/export/evidence/gold-2/state/checkpoints/current-repair-exp022/cells/ping__rt1hz__seed44/config.json	14540
.pingstore/runs/exp025-r001-compute/export/evidence/gold-2/state/checkpoints/current-repair-exp022/cells/ping__rt1hz__seed44/metrics.json	139168
.pingstore/runs/exp025-r001-compute/export/evidence/gold-2/state/checkpoints/current-repair-exp022/cells/ping__rt25hz__seed42/config.json	14519
.pingstore/runs/exp025-r001-compute/export/evidence/gold-2/state/checkpoints/current-repair-exp022/cells/ping__rt25hz__seed42/metrics.json	139052
.pingstore/runs/exp025-r001-compute/export/evidence/gold-2/state/checkpoints/current-repair-exp022/cells/ping__rt25hz__seed43/config.json	14540
.pingstore/runs/exp025-r001-compute/export/evidence/gold-2/state/checkpoints/current-repair-exp022/cells/ping__rt25hz__seed43/metrics.json	139103
.pingstore/runs/exp025-r001-compute/export/evidence/gold-2/state/checkpoints/current-repair-exp022/cells/ping__rt25hz__seed44/config.json	14544
.pingstore/runs/exp025-r001-compute/export/evidence/gold-2/state/checkpoints/current-repair-exp022/cells/ping__rt25hz__seed44/metrics.json	139360
.pingstore/runs/exp025-r001-compute/export/evidence/gold-2/state/checkpoints/current-repair-exp022/cells/ping__rt2p5hz__seed42/config.json	14519
.pingstore/runs/exp025-r001-compute/export/evidence/gold-2/state/checkpoints/current-repair-exp022/cells/ping__rt2p5hz__seed42/metrics.json	139207
.pingstore/runs/exp025-r001-compute/export/evidence/gold-2/state/checkpoints/current-repair-exp022/cells/ping__rt2p5hz__seed43/config.json	14540
.pingstore/runs/exp025-r001-compute/export/evidence/gold-2/state/checkpoints/current-repair-exp022/cells/ping__rt2p5hz__seed43/metrics.json	139263
.pingstore/runs/exp025-r001-compute/export/evidence/gold-2/state/checkpoints/current-repair-exp022/cells/ping__rt2p5hz__seed44/config.json	14544
.pingstore/runs/exp025-r001-compute/export/evidence/gold-2/state/checkpoints/current-repair-exp022/cells/ping__rt2p5hz__seed44/metrics.json	139198
.pingstore/runs/exp025-r001-compute/export/evidence/gold-2/state/checkpoints/current-repair-exp022/cells/ping__rt5hz__seed42/config.json	14515
.pingstore/runs/exp025-r001-compute/export/evidence/gold-2/state/checkpoints/current-repair-exp022/cells/ping__rt5hz__seed42/metrics.json	139094
.pingstore/runs/exp025-r001-compute/export/evidence/gold-2/state/checkpoints/current-repair-exp022/cells/ping__rt5hz__seed43/config.json	14536
.pingstore/runs/exp025-r001-compute/export/evidence/gold-2/state/checkpoints/current-repair-exp022/cells/ping__rt5hz__seed43/metrics.json	139206
.pingstore/runs/exp025-r001-compute/export/evidence/gold-2/state/checkpoints/current-repair-exp022/cells/ping__rt5hz__seed44/config.json	14540
.pingstore/runs/exp025-r001-compute/export/evidence/gold-2/state/checkpoints/current-repair-exp022/cells/ping__rt5hz__seed44/metrics.json	139042
.pingstore/runs/exp025-r001-compute/export/evidence/gold-2/state/experiments/exp025/frontier/coba__off__seed42__final_epoch__b7f2ef5415a7/config.json	2080
.pingstore/runs/exp025-r001-compute/export/evidence/gold-2/state/experiments/exp025/frontier/coba__off__seed42__final_epoch__b7f2ef5415a7/metrics.json	823
.pingstore/runs/exp025-r001-compute/export/evidence/gold-2/state/experiments/exp025/frontier/coba__off__seed42__final_epoch__b7f2ef5415a7/output.log	1155
.pingstore/runs/exp025-r001-compute/export/evidence/gold-2/state/experiments/exp025/frontier/coba__off__seed42__final_epoch__b7f2ef5415a7/run.jsonl	643
.pingstore/runs/exp025-r001-compute/export/evidence/gold-2/state/experiments/exp025/frontier/coba__off__seed43__final_epoch__a9197614f1be/config.json	2080
.pingstore/runs/exp025-r001-compute/export/evidence/gold-2/state/experiments/exp025/frontier/coba__off__seed43__final_epoch__a9197614f1be/metrics.json	822
.pingstore/runs/exp025-r001-compute/export/evidence/gold-2/state/experiments/exp025/frontier/coba__off__seed43__final_epoch__a9197614f1be/output.log	1153
.pingstore/runs/exp025-r001-compute/export/evidence/gold-2/state/experiments/exp025/frontier/coba__off__seed43__final_epoch__a9197614f1be/run.jsonl	643
.pingstore/runs/exp025-r001-compute/export/evidence/gold-2/state/experiments/exp025/frontier/coba__off__seed44__final_epoch__b6e0c006e965/config.json	2080
.pingstore/runs/exp025-r001-compute/export/evidence/gold-2/state/experiments/exp025/frontier/coba__off__seed44__final_epoch__b6e0c006e965/metrics.json	827
.pingstore/runs/exp025-r001-compute/export/evidence/gold-2/state/experiments/exp025/frontier/coba__off__seed44__final_epoch__b6e0c006e965/output.log	1153
.pingstore/runs/exp025-r001-compute/export/evidence/gold-2/state/experiments/exp025/frontier/coba__off__seed44__final_epoch__b6e0c006e965/run.jsonl	644
.pingstore/runs/exp025-r001-compute/export/evidence/gold-2/state/experiments/exp025/frontier/coba__rt10hz__seed42__final_epoch__7aec76190a34/config.json	2089
.pingstore/runs/exp025-r001-compute/export/evidence/gold-2/state/experiments/exp025/frontier/coba__rt10hz__seed42__final_epoch__7aec76190a34/metrics.json	828
.pingstore/runs/exp025-r001-compute/export/evidence/gold-2/state/experiments/exp025/frontier/coba__rt10hz__seed42__final_epoch__7aec76190a34/output.log	1157
.pingstore/runs/exp025-r001-compute/export/evidence/gold-2/state/experiments/exp025/frontier/coba__rt10hz__seed42__final_epoch__7aec76190a34/run.jsonl	643
.pingstore/runs/exp025-r001-compute/export/evidence/gold-2/state/experiments/exp025/frontier/coba__rt10hz__seed43__final_epoch__30fddcfe4c46/config.json	2089
.pingstore/runs/exp025-r001-compute/export/evidence/gold-2/state/experiments/exp025/frontier/coba__rt10hz__seed43__final_epoch__30fddcfe4c46/metrics.json	827
.pingstore/runs/exp025-r001-compute/export/evidence/gold-2/state/experiments/exp025/frontier/coba__rt10hz__seed43__final_epoch__30fddcfe4c46/output.log	1157
.pingstore/runs/exp025-r001-compute/export/evidence/gold-2/state/experiments/exp025/frontier/coba__rt10hz__seed43__final_epoch__30fddcfe4c46/run.jsonl	643
.pingstore/runs/exp025-r001-compute/export/evidence/gold-2/state/experiments/exp025/frontier/coba__rt10hz__seed44__final_epoch__c8f655a0f892/config.json	2089
.pingstore/runs/exp025-r001-compute/export/evidence/gold-2/state/experiments/exp025/frontier/coba__rt10hz__seed44__final_epoch__c8f655a0f892/metrics.json	826
.pingstore/runs/exp025-r001-compute/export/evidence/gold-2/state/experiments/exp025/frontier/coba__rt10hz__seed44__final_epoch__c8f655a0f892/output.log	1157
.pingstore/runs/exp025-r001-compute/export/evidence/gold-2/state/experiments/exp025/frontier/coba__rt10hz__seed44__final_epoch__c8f655a0f892/run.jsonl	644
.pingstore/runs/exp025-r001-compute/export/evidence/gold-2/state/experiments/exp025/frontier/coba__rt1hz__seed42__final_epoch__19c298ce4b3f/config.json	2086
.pingstore/runs/exp025-r001-compute/export/evidence/gold-2/state/experiments/exp025/frontier/coba__rt1hz__seed42__final_epoch__19c298ce4b3f/metrics.json	827
.pingstore/runs/exp025-r001-compute/export/evidence/gold-2/state/experiments/exp025/frontier/coba__rt1hz__seed42__final_epoch__19c298ce4b3f/output.log	1155
.pingstore/runs/exp025-r001-compute/export/evidence/gold-2/state/experiments/exp025/frontier/coba__rt1hz__seed42__final_epoch__19c298ce4b3f/run.jsonl	644
.pingstore/runs/exp025-r001-compute/export/evidence/gold-2/state/experiments/exp025/frontier/coba__rt1hz__seed43__final_epoch__5af04efd209f/config.json	2086
.pingstore/runs/exp025-r001-compute/export/evidence/gold-2/state/experiments/exp025/frontier/coba__rt1hz__seed43__final_epoch__5af04efd209f/metrics.json	816
.pingstore/runs/exp025-r001-compute/export/evidence/gold-2/state/experiments/exp025/frontier/coba__rt1hz__seed43__final_epoch__5af04efd209f/output.log	1155
.pingstore/runs/exp025-r001-compute/export/evidence/gold-2/state/experiments/exp025/frontier/coba__rt1hz__seed43__final_epoch__5af04efd209f/run.jsonl	644
.pingstore/runs/exp025-r001-compute/export/evidence/gold-2/state/experiments/exp025/frontier/coba__rt1hz__seed44__final_epoch__a3279271afd1/config.json	2086
.pingstore/runs/exp025-r001-compute/export/evidence/gold-2/state/experiments/exp025/frontier/coba__rt1hz__seed44__final_epoch__a3279271afd1/metrics.json	826
.pingstore/runs/exp025-r001-compute/export/evidence/gold-2/state/experiments/exp025/frontier/coba__rt1hz__seed44__final_epoch__a3279271afd1/output.log	1155
.pingstore/runs/exp025-r001-compute/export/evidence/gold-2/state/experiments/exp025/frontier/coba__rt1hz__seed44__final_epoch__a3279271afd1/run.jsonl	644
.pingstore/runs/exp025-r001-compute/export/evidence/gold-2/state/experiments/exp025/frontier/coba__rt25hz__seed42__final_epoch__ccbd1f829cf8/config.json	2089
.pingstore/runs/exp025-r001-compute/export/evidence/gold-2/state/experiments/exp025/frontier/coba__rt25hz__seed42__final_epoch__ccbd1f829cf8/metrics.json	831
.pingstore/runs/exp025-r001-compute/export/evidence/gold-2/state/experiments/exp025/frontier/coba__rt25hz__seed42__final_epoch__ccbd1f829cf8/output.log	1158
.pingstore/runs/exp025-r001-compute/export/evidence/gold-2/state/experiments/exp025/frontier/coba__rt25hz__seed42__final_epoch__ccbd1f829cf8/run.jsonl	643
.pingstore/runs/exp025-r001-compute/export/evidence/gold-2/state/experiments/exp025/frontier/coba__rt25hz__seed43__final_epoch__30356203e0d5/config.json	2089
.pingstore/runs/exp025-r001-compute/export/evidence/gold-2/state/experiments/exp025/frontier/coba__rt25hz__seed43__final_epoch__30356203e0d5/metrics.json	822
.pingstore/runs/exp025-r001-compute/export/evidence/gold-2/state/experiments/exp025/frontier/coba__rt25hz__seed43__final_epoch__30356203e0d5/output.log	1158
.pingstore/runs/exp025-r001-compute/export/evidence/gold-2/state/experiments/exp025/frontier/coba__rt25hz__seed43__final_epoch__30356203e0d5/run.jsonl	644
.pingstore/runs/exp025-r001-compute/export/evidence/gold-2/state/experiments/exp025/frontier/coba__rt25hz__seed44__final_epoch__0096cf9c1319/config.json	2089
.pingstore/runs/exp025-r001-compute/export/evidence/gold-2/state/experiments/exp025/frontier/coba__rt25hz__seed44__final_epoch__0096cf9c1319/metrics.json	829
.pingstore/runs/exp025-r001-compute/export/evidence/gold-2/state/experiments/exp025/frontier/coba__rt25hz__seed44__final_epoch__0096cf9c1319/output.log	1158
.pingstore/runs/exp025-r001-compute/export/evidence/gold-2/state/experiments/exp025/frontier/coba__rt25hz__seed44__final_epoch__0096cf9c1319/run.jsonl	644
.pingstore/runs/exp025-r001-compute/export/evidence/gold-2/state/experiments/exp025/frontier/coba__rt2p5hz__seed42__final_epoch__6385a42d3476/config.json	2092
.pingstore/runs/exp025-r001-compute/export/evidence/gold-2/state/experiments/exp025/frontier/coba__rt2p5hz__seed42__final_epoch__6385a42d3476/metrics.json	826
.pingstore/runs/exp025-r001-compute/export/evidence/gold-2/state/experiments/exp025/frontier/coba__rt2p5hz__seed42__final_epoch__6385a42d3476/output.log	1159
.pingstore/runs/exp025-r001-compute/export/evidence/gold-2/state/experiments/exp025/frontier/coba__rt2p5hz__seed42__final_epoch__6385a42d3476/run.jsonl	644
.pingstore/runs/exp025-r001-compute/export/evidence/gold-2/state/experiments/exp025/frontier/coba__rt2p5hz__seed43__final_epoch__a069c15a3c03/config.json	2092
.pingstore/runs/exp025-r001-compute/export/evidence/gold-2/state/experiments/exp025/frontier/coba__rt2p5hz__seed43__final_epoch__a069c15a3c03/metrics.json	826
.pingstore/runs/exp025-r001-compute/export/evidence/gold-2/state/experiments/exp025/frontier/coba__rt2p5hz__seed43__final_epoch__a069c15a3c03/output.log	1159
.pingstore/runs/exp025-r001-compute/export/evidence/gold-2/state/experiments/exp025/frontier/coba__rt2p5hz__seed43__final_epoch__a069c15a3c03/run.jsonl	643
.pingstore/runs/exp025-r001-compute/export/evidence/gold-2/state/experiments/exp025/frontier/coba__rt2p5hz__seed44__final_epoch__2ab8b367e3f9/config.json	2092
.pingstore/runs/exp025-r001-compute/export/evidence/gold-2/state/experiments/exp025/frontier/coba__rt2p5hz__seed44__final_epoch__2ab8b367e3f9/metrics.json	827
.pingstore/runs/exp025-r001-compute/export/evidence/gold-2/state/experiments/exp025/frontier/coba__rt2p5hz__seed44__final_epoch__2ab8b367e3f9/output.log	1159
.pingstore/runs/exp025-r001-compute/export/evidence/gold-2/state/experiments/exp025/frontier/coba__rt2p5hz__seed44__final_epoch__2ab8b367e3f9/run.jsonl	644
.pingstore/runs/exp025-r001-compute/export/evidence/gold-2/state/experiments/exp025/frontier/coba__rt5hz__seed42__final_epoch__4ee7070160e6/config.json	2086
.pingstore/runs/exp025-r001-compute/export/evidence/gold-2/state/experiments/exp025/frontier/coba__rt5hz__seed42__final_epoch__4ee7070160e6/metrics.json	824
.pingstore/runs/exp025-r001-compute/export/evidence/gold-2/state/experiments/exp025/frontier/coba__rt5hz__seed42__final_epoch__4ee7070160e6/output.log	1155
.pingstore/runs/exp025-r001-compute/export/evidence/gold-2/state/experiments/exp025/frontier/coba__rt5hz__seed42__final_epoch__4ee7070160e6/run.jsonl	644
.pingstore/runs/exp025-r001-compute/export/evidence/gold-2/state/experiments/exp025/frontier/coba__rt5hz__seed43__final_epoch__c05cd2923220/config.json	2086
.pingstore/runs/exp025-r001-compute/export/evidence/gold-2/state/experiments/exp025/frontier/coba__rt5hz__seed43__final_epoch__c05cd2923220/metrics.json	823
.pingstore/runs/exp025-r001-compute/export/evidence/gold-2/state/experiments/exp025/frontier/coba__rt5hz__seed43__final_epoch__c05cd2923220/output.log	1155
.pingstore/runs/exp025-r001-compute/export/evidence/gold-2/state/experiments/exp025/frontier/coba__rt5hz__seed43__final_epoch__c05cd2923220/run.jsonl	644
.pingstore/runs/exp025-r001-compute/export/evidence/gold-2/state/experiments/exp025/frontier/coba__rt5hz__seed44__final_epoch__dde723701f91/config.json	2086
.pingstore/runs/exp025-r001-compute/export/evidence/gold-2/state/experiments/exp025/frontier/coba__rt5hz__seed44__final_epoch__dde723701f91/metrics.json	826
.pingstore/runs/exp025-r001-compute/export/evidence/gold-2/state/experiments/exp025/frontier/coba__rt5hz__seed44__final_epoch__dde723701f91/output.log	1155
.pingstore/runs/exp025-r001-compute/export/evidence/gold-2/state/experiments/exp025/frontier/coba__rt5hz__seed44__final_epoch__dde723701f91/run.jsonl	643
.pingstore/runs/exp025-r001-compute/export/evidence/gold-2/state/experiments/exp025/frontier/ping__off__seed42__final_epoch__de553afe678c/config.json	2080
.pingstore/runs/exp025-r001-compute/export/evidence/gold-2/state/experiments/exp025/frontier/ping__off__seed42__final_epoch__de553afe678c/metrics.json	837
.pingstore/runs/exp025-r001-compute/export/evidence/gold-2/state/experiments/exp025/frontier/ping__off__seed42__final_epoch__de553afe678c/output.log	1152
.pingstore/runs/exp025-r001-compute/export/evidence/gold-2/state/experiments/exp025/frontier/ping__off__seed42__final_epoch__de553afe678c/run.jsonl	643
.pingstore/runs/exp025-r001-compute/export/evidence/gold-2/state/experiments/exp025/frontier/ping__off__seed43__final_epoch__8b56e5539ff4/config.json	2080
.pingstore/runs/exp025-r001-compute/export/evidence/gold-2/state/experiments/exp025/frontier/ping__off__seed43__final_epoch__8b56e5539ff4/metrics.json	837
.pingstore/runs/exp025-r001-compute/export/evidence/gold-2/state/experiments/exp025/frontier/ping__off__seed43__final_epoch__8b56e5539ff4/output.log	1152
.pingstore/runs/exp025-r001-compute/export/evidence/gold-2/state/experiments/exp025/frontier/ping__off__seed43__final_epoch__8b56e5539ff4/run.jsonl	643
.pingstore/runs/exp025-r001-compute/export/evidence/gold-2/state/experiments/exp025/frontier/ping__off__seed44__final_epoch__b690c6f53806/config.json	2080
.pingstore/runs/exp025-r001-compute/export/evidence/gold-2/state/experiments/exp025/frontier/ping__off__seed44__final_epoch__b690c6f53806/metrics.json	839
.pingstore/runs/exp025-r001-compute/export/evidence/gold-2/state/experiments/exp025/frontier/ping__off__seed44__final_epoch__b690c6f53806/output.log	1152
.pingstore/runs/exp025-r001-compute/export/evidence/gold-2/state/experiments/exp025/frontier/ping__off__seed44__final_epoch__b690c6f53806/run.jsonl	644
.pingstore/runs/exp025-r001-compute/export/evidence/gold-2/state/experiments/exp025/frontier/ping__rt10hz__seed42__final_epoch__d998f45381fa/config.json	2089
.pingstore/runs/exp025-r001-compute/export/evidence/gold-2/state/experiments/exp025/frontier/ping__rt10hz__seed42__final_epoch__d998f45381fa/metrics.json	839
.pingstore/runs/exp025-r001-compute/export/evidence/gold-2/state/experiments/exp025/frontier/ping__rt10hz__seed42__final_epoch__d998f45381fa/output.log	1157
.pingstore/runs/exp025-r001-compute/export/evidence/gold-2/state/experiments/exp025/frontier/ping__rt10hz__seed42__final_epoch__d998f45381fa/run.jsonl	643
.pingstore/runs/exp025-r001-compute/export/evidence/gold-2/state/experiments/exp025/frontier/ping__rt10hz__seed43__final_epoch__5f17cfb01a0e/config.json	2089
.pingstore/runs/exp025-r001-compute/export/evidence/gold-2/state/experiments/exp025/frontier/ping__rt10hz__seed43__final_epoch__5f17cfb01a0e/metrics.json	839
.pingstore/runs/exp025-r001-compute/export/evidence/gold-2/state/experiments/exp025/frontier/ping__rt10hz__seed43__final_epoch__5f17cfb01a0e/output.log	1157
.pingstore/runs/exp025-r001-compute/export/evidence/gold-2/state/experiments/exp025/frontier/ping__rt10hz__seed43__final_epoch__5f17cfb01a0e/run.jsonl	642
.pingstore/runs/exp025-r001-compute/export/evidence/gold-2/state/experiments/exp025/frontier/ping__rt10hz__seed44__final_epoch__ada3dbbf1ea4/config.json	2089
.pingstore/runs/exp025-r001-compute/export/evidence/gold-2/state/experiments/exp025/frontier/ping__rt10hz__seed44__final_epoch__ada3dbbf1ea4/metrics.json	837
.pingstore/runs/exp025-r001-compute/export/evidence/gold-2/state/experiments/exp025/frontier/ping__rt10hz__seed44__final_epoch__ada3dbbf1ea4/output.log	1157
.pingstore/runs/exp025-r001-compute/export/evidence/gold-2/state/experiments/exp025/frontier/ping__rt10hz__seed44__final_epoch__ada3dbbf1ea4/run.jsonl	644
.pingstore/runs/exp025-r001-compute/export/evidence/gold-2/state/experiments/exp025/frontier/ping__rt1hz__seed42__final_epoch__0efc1d269081/config.json	2086
.pingstore/runs/exp025-r001-compute/export/evidence/gold-2/state/experiments/exp025/frontier/ping__rt1hz__seed42__final_epoch__0efc1d269081/metrics.json	831
.pingstore/runs/exp025-r001-compute/export/evidence/gold-2/state/experiments/exp025/frontier/ping__rt1hz__seed42__final_epoch__0efc1d269081/output.log	1155
.pingstore/runs/exp025-r001-compute/export/evidence/gold-2/state/experiments/exp025/frontier/ping__rt1hz__seed42__final_epoch__0efc1d269081/run.jsonl	644
.pingstore/runs/exp025-r001-compute/export/evidence/gold-2/state/experiments/exp025/frontier/ping__rt1hz__seed43__final_epoch__82d92c3d2dca/config.json	2086
.pingstore/runs/exp025-r001-compute/export/evidence/gold-2/state/experiments/exp025/frontier/ping__rt1hz__seed43__final_epoch__82d92c3d2dca/metrics.json	826
.pingstore/runs/exp025-r001-compute/export/evidence/gold-2/state/experiments/exp025/frontier/ping__rt1hz__seed43__final_epoch__82d92c3d2dca/output.log	1155
.pingstore/runs/exp025-r001-compute/export/evidence/gold-2/state/experiments/exp025/frontier/ping__rt1hz__seed43__final_epoch__82d92c3d2dca/run.jsonl	643
.pingstore/runs/exp025-r001-compute/export/evidence/gold-2/state/experiments/exp025/frontier/ping__rt1hz__seed44__final_epoch__9f6e1f4b7074/config.json	2086
.pingstore/runs/exp025-r001-compute/export/evidence/gold-2/state/experiments/exp025/frontier/ping__rt1hz__seed44__final_epoch__9f6e1f4b7074/metrics.json	826
.pingstore/runs/exp025-r001-compute/export/evidence/gold-2/state/experiments/exp025/frontier/ping__rt1hz__seed44__final_epoch__9f6e1f4b7074/output.log	1155
.pingstore/runs/exp025-r001-compute/export/evidence/gold-2/state/experiments/exp025/frontier/ping__rt1hz__seed44__final_epoch__9f6e1f4b7074/run.jsonl	644
.pingstore/runs/exp025-r001-compute/export/evidence/gold-2/state/experiments/exp025/frontier/ping__rt25hz__seed42__final_epoch__7376685efcb3/config.json	2089
.pingstore/runs/exp025-r001-compute/export/evidence/gold-2/state/experiments/exp025/frontier/ping__rt25hz__seed42__final_epoch__7376685efcb3/metrics.json	821
.pingstore/runs/exp025-r001-compute/export/evidence/gold-2/state/experiments/exp025/frontier/ping__rt25hz__seed42__final_epoch__7376685efcb3/output.log	1158
.pingstore/runs/exp025-r001-compute/export/evidence/gold-2/state/experiments/exp025/frontier/ping__rt25hz__seed42__final_epoch__7376685efcb3/run.jsonl	644
.pingstore/runs/exp025-r001-compute/export/evidence/gold-2/state/experiments/exp025/frontier/ping__rt25hz__seed43__final_epoch__a29409762ca9/config.json	2089
.pingstore/runs/exp025-r001-compute/export/evidence/gold-2/state/experiments/exp025/frontier/ping__rt25hz__seed43__final_epoch__a29409762ca9/metrics.json	839
.pingstore/runs/exp025-r001-compute/export/evidence/gold-2/state/experiments/exp025/frontier/ping__rt25hz__seed43__final_epoch__a29409762ca9/output.log	1158
.pingstore/runs/exp025-r001-compute/export/evidence/gold-2/state/experiments/exp025/frontier/ping__rt25hz__seed43__final_epoch__a29409762ca9/run.jsonl	644
.pingstore/runs/exp025-r001-compute/export/evidence/gold-2/state/experiments/exp025/frontier/ping__rt25hz__seed44__final_epoch__c6d1e1f2c1ac/config.json	2089
.pingstore/runs/exp025-r001-compute/export/evidence/gold-2/state/experiments/exp025/frontier/ping__rt25hz__seed44__final_epoch__c6d1e1f2c1ac/metrics.json	841
.pingstore/runs/exp025-r001-compute/export/evidence/gold-2/state/experiments/exp025/frontier/ping__rt25hz__seed44__final_epoch__c6d1e1f2c1ac/output.log	1158
.pingstore/runs/exp025-r001-compute/export/evidence/gold-2/state/experiments/exp025/frontier/ping__rt25hz__seed44__final_epoch__c6d1e1f2c1ac/run.jsonl	644
.pingstore/runs/exp025-r001-compute/export/evidence/gold-2/state/experiments/exp025/frontier/ping__rt2p5hz__seed42__final_epoch__506e3dbfe49b/config.json	2092
.pingstore/runs/exp025-r001-compute/export/evidence/gold-2/state/experiments/exp025/frontier/ping__rt2p5hz__seed42__final_epoch__506e3dbfe49b/metrics.json	834
.pingstore/runs/exp025-r001-compute/export/evidence/gold-2/state/experiments/exp025/frontier/ping__rt2p5hz__seed42__final_epoch__506e3dbfe49b/output.log	1159
.pingstore/runs/exp025-r001-compute/export/evidence/gold-2/state/experiments/exp025/frontier/ping__rt2p5hz__seed42__final_epoch__506e3dbfe49b/run.jsonl	643
.pingstore/runs/exp025-r001-compute/export/evidence/gold-2/state/experiments/exp025/frontier/ping__rt2p5hz__seed43__final_epoch__6b7a32378453/config.json	2092
.pingstore/runs/exp025-r001-compute/export/evidence/gold-2/state/experiments/exp025/frontier/ping__rt2p5hz__seed43__final_epoch__6b7a32378453/metrics.json	829
.pingstore/runs/exp025-r001-compute/export/evidence/gold-2/state/experiments/exp025/frontier/ping__rt2p5hz__seed43__final_epoch__6b7a32378453/output.log	1159
.pingstore/runs/exp025-r001-compute/export/evidence/gold-2/state/experiments/exp025/frontier/ping__rt2p5hz__seed43__final_epoch__6b7a32378453/run.jsonl	643
.pingstore/runs/exp025-r001-compute/export/evidence/gold-2/state/experiments/exp025/frontier/ping__rt2p5hz__seed44__final_epoch__0f12c059a509/config.json	2092
.pingstore/runs/exp025-r001-compute/export/evidence/gold-2/state/experiments/exp025/frontier/ping__rt2p5hz__seed44__final_epoch__0f12c059a509/metrics.json	839
.pingstore/runs/exp025-r001-compute/export/evidence/gold-2/state/experiments/exp025/frontier/ping__rt2p5hz__seed44__final_epoch__0f12c059a509/output.log	1159
.pingstore/runs/exp025-r001-compute/export/evidence/gold-2/state/experiments/exp025/frontier/ping__rt2p5hz__seed44__final_epoch__0f12c059a509/run.jsonl	644
.pingstore/runs/exp025-r001-compute/export/evidence/gold-2/state/experiments/exp025/frontier/ping__rt5hz__seed42__final_epoch__d6eb9c12d75b/config.json	2086
.pingstore/runs/exp025-r001-compute/export/evidence/gold-2/state/experiments/exp025/frontier/ping__rt5hz__seed42__final_epoch__d6eb9c12d75b/metrics.json	835
.pingstore/runs/exp025-r001-compute/export/evidence/gold-2/state/experiments/exp025/frontier/ping__rt5hz__seed42__final_epoch__d6eb9c12d75b/output.log	1155
.pingstore/runs/exp025-r001-compute/export/evidence/gold-2/state/experiments/exp025/frontier/ping__rt5hz__seed42__final_epoch__d6eb9c12d75b/run.jsonl	644
.pingstore/runs/exp025-r001-compute/export/evidence/gold-2/state/experiments/exp025/frontier/ping__rt5hz__seed43__final_epoch__a703a4d36c13/config.json	2086
.pingstore/runs/exp025-r001-compute/export/evidence/gold-2/state/experiments/exp025/frontier/ping__rt5hz__seed43__final_epoch__a703a4d36c13/metrics.json	837
.pingstore/runs/exp025-r001-compute/export/evidence/gold-2/state/experiments/exp025/frontier/ping__rt5hz__seed43__final_epoch__a703a4d36c13/output.log	1155
.pingstore/runs/exp025-r001-compute/export/evidence/gold-2/state/experiments/exp025/frontier/ping__rt5hz__seed43__final_epoch__a703a4d36c13/run.jsonl	643
.pingstore/runs/exp025-r001-compute/export/evidence/gold-2/state/experiments/exp025/frontier/ping__rt5hz__seed44__final_epoch__636b2240a0dc/config.json	2086
.pingstore/runs/exp025-r001-compute/export/evidence/gold-2/state/experiments/exp025/frontier/ping__rt5hz__seed44__final_epoch__636b2240a0dc/metrics.json	838
.pingstore/runs/exp025-r001-compute/export/evidence/gold-2/state/experiments/exp025/frontier/ping__rt5hz__seed44__final_epoch__636b2240a0dc/output.log	1155
.pingstore/runs/exp025-r001-compute/export/evidence/gold-2/state/experiments/exp025/frontier/ping__rt5hz__seed44__final_epoch__636b2240a0dc/run.jsonl	642
.pingstore/runs/exp025-r001-compute/export/evidence/gold-2/state/experiments/exp025/pfg/coba__off__seed42__final_epoch__b7f2ef5415a7/config.json	2127
.pingstore/runs/exp025-r001-compute/export/evidence/gold-2/state/experiments/exp025/pfg/coba__off__seed42__final_epoch__b7f2ef5415a7/metrics.json	823
.pingstore/runs/exp025-r001-compute/export/evidence/gold-2/state/experiments/exp025/pfg/coba__off__seed42__final_epoch__b7f2ef5415a7/output.log	1519
.pingstore/runs/exp025-r001-compute/export/evidence/gold-2/state/experiments/exp025/pfg/coba__off__seed42__final_epoch__b7f2ef5415a7/run.jsonl	643
.pingstore/runs/exp025-r001-compute/export/evidence/gold-2/state/experiments/exp025/pfg/coba__rt10hz__seed42__final_epoch__7aec76190a34/config.json	2136
.pingstore/runs/exp025-r001-compute/export/evidence/gold-2/state/experiments/exp025/pfg/coba__rt10hz__seed42__final_epoch__7aec76190a34/metrics.json	828
.pingstore/runs/exp025-r001-compute/export/evidence/gold-2/state/experiments/exp025/pfg/coba__rt10hz__seed42__final_epoch__7aec76190a34/output.log	1527
.pingstore/runs/exp025-r001-compute/export/evidence/gold-2/state/experiments/exp025/pfg/coba__rt10hz__seed42__final_epoch__7aec76190a34/run.jsonl	644
.pingstore/runs/exp025-r001-compute/export/evidence/gold-2/state/experiments/exp025/pfg/coba__rt1hz__seed42__final_epoch__19c298ce4b3f/config.json	2133
.pingstore/runs/exp025-r001-compute/export/evidence/gold-2/state/experiments/exp025/pfg/coba__rt1hz__seed42__final_epoch__19c298ce4b3f/metrics.json	827
.pingstore/runs/exp025-r001-compute/export/evidence/gold-2/state/experiments/exp025/pfg/coba__rt1hz__seed42__final_epoch__19c298ce4b3f/output.log	1521
.pingstore/runs/exp025-r001-compute/export/evidence/gold-2/state/experiments/exp025/pfg/coba__rt1hz__seed42__final_epoch__19c298ce4b3f/run.jsonl	644
.pingstore/runs/exp025-r001-compute/export/evidence/gold-2/state/experiments/exp025/pfg/coba__rt25hz__seed42__final_epoch__ccbd1f829cf8/config.json	2136
.pingstore/runs/exp025-r001-compute/export/evidence/gold-2/state/experiments/exp025/pfg/coba__rt25hz__seed42__final_epoch__ccbd1f829cf8/metrics.json	831
.pingstore/runs/exp025-r001-compute/export/evidence/gold-2/state/experiments/exp025/pfg/coba__rt25hz__seed42__final_epoch__ccbd1f829cf8/output.log	1528
.pingstore/runs/exp025-r001-compute/export/evidence/gold-2/state/experiments/exp025/pfg/coba__rt25hz__seed42__final_epoch__ccbd1f829cf8/run.jsonl	643
.pingstore/runs/exp025-r001-compute/export/evidence/gold-2/state/experiments/exp025/pfg/coba__rt2p5hz__seed42__final_epoch__6385a42d3476/config.json	2139
.pingstore/runs/exp025-r001-compute/export/evidence/gold-2/state/experiments/exp025/pfg/coba__rt2p5hz__seed42__final_epoch__6385a42d3476/metrics.json	826
.pingstore/runs/exp025-r001-compute/export/evidence/gold-2/state/experiments/exp025/pfg/coba__rt2p5hz__seed42__final_epoch__6385a42d3476/output.log	1529
.pingstore/runs/exp025-r001-compute/export/evidence/gold-2/state/experiments/exp025/pfg/coba__rt2p5hz__seed42__final_epoch__6385a42d3476/run.jsonl	643
.pingstore/runs/exp025-r001-compute/export/evidence/gold-2/state/experiments/exp025/pfg/coba__rt5hz__seed42__final_epoch__4ee7070160e6/config.json	2133
.pingstore/runs/exp025-r001-compute/export/evidence/gold-2/state/experiments/exp025/pfg/coba__rt5hz__seed42__final_epoch__4ee7070160e6/metrics.json	824
.pingstore/runs/exp025-r001-compute/export/evidence/gold-2/state/experiments/exp025/pfg/coba__rt5hz__seed42__final_epoch__4ee7070160e6/output.log	1523
.pingstore/runs/exp025-r001-compute/export/evidence/gold-2/state/experiments/exp025/pfg/coba__rt5hz__seed42__final_epoch__4ee7070160e6/run.jsonl	643
.pingstore/runs/exp025-r001-compute/export/evidence/gold-2/state/experiments/exp025/pfg/ping__off__seed42__final_epoch__de553afe678c/config.json	2127
.pingstore/runs/exp025-r001-compute/export/evidence/gold-2/state/experiments/exp025/pfg/ping__off__seed42__final_epoch__de553afe678c/metrics.json	837
.pingstore/runs/exp025-r001-compute/export/evidence/gold-2/state/experiments/exp025/pfg/ping__off__seed42__final_epoch__de553afe678c/output.log	1517
.pingstore/runs/exp025-r001-compute/export/evidence/gold-2/state/experiments/exp025/pfg/ping__off__seed42__final_epoch__de553afe678c/run.jsonl	643
.pingstore/runs/exp025-r001-compute/export/evidence/gold-2/state/experiments/exp025/pfg/ping__rt10hz__seed42__final_epoch__d998f45381fa/config.json	2136
.pingstore/runs/exp025-r001-compute/export/evidence/gold-2/state/experiments/exp025/pfg/ping__rt10hz__seed42__final_epoch__d998f45381fa/metrics.json	839
.pingstore/runs/exp025-r001-compute/export/evidence/gold-2/state/experiments/exp025/pfg/ping__rt10hz__seed42__final_epoch__d998f45381fa/output.log	1527
.pingstore/runs/exp025-r001-compute/export/evidence/gold-2/state/experiments/exp025/pfg/ping__rt10hz__seed42__final_epoch__d998f45381fa/run.jsonl	643
.pingstore/runs/exp025-r001-compute/export/evidence/gold-2/state/experiments/exp025/pfg/ping__rt1hz__seed42__final_epoch__0efc1d269081/config.json	2133
.pingstore/runs/exp025-r001-compute/export/evidence/gold-2/state/experiments/exp025/pfg/ping__rt1hz__seed42__final_epoch__0efc1d269081/metrics.json	831
.pingstore/runs/exp025-r001-compute/export/evidence/gold-2/state/experiments/exp025/pfg/ping__rt1hz__seed42__final_epoch__0efc1d269081/output.log	1523
.pingstore/runs/exp025-r001-compute/export/evidence/gold-2/state/experiments/exp025/pfg/ping__rt1hz__seed42__final_epoch__0efc1d269081/run.jsonl	642
.pingstore/runs/exp025-r001-compute/export/evidence/gold-2/state/experiments/exp025/pfg/ping__rt25hz__seed42__final_epoch__7376685efcb3/config.json	2136
.pingstore/runs/exp025-r001-compute/export/evidence/gold-2/state/experiments/exp025/pfg/ping__rt25hz__seed42__final_epoch__7376685efcb3/metrics.json	821
.pingstore/runs/exp025-r001-compute/export/evidence/gold-2/state/experiments/exp025/pfg/ping__rt25hz__seed42__final_epoch__7376685efcb3/output.log	1529
.pingstore/runs/exp025-r001-compute/export/evidence/gold-2/state/experiments/exp025/pfg/ping__rt25hz__seed42__final_epoch__7376685efcb3/run.jsonl	644
.pingstore/runs/exp025-r001-compute/export/evidence/gold-2/state/experiments/exp025/pfg/ping__rt2p5hz__seed42__final_epoch__506e3dbfe49b/config.json	2139
.pingstore/runs/exp025-r001-compute/export/evidence/gold-2/state/experiments/exp025/pfg/ping__rt2p5hz__seed42__final_epoch__506e3dbfe49b/metrics.json	834
.pingstore/runs/exp025-r001-compute/export/evidence/gold-2/state/experiments/exp025/pfg/ping__rt2p5hz__seed42__final_epoch__506e3dbfe49b/output.log	1531
.pingstore/runs/exp025-r001-compute/export/evidence/gold-2/state/experiments/exp025/pfg/ping__rt2p5hz__seed42__final_epoch__506e3dbfe49b/run.jsonl	643
.pingstore/runs/exp025-r001-compute/export/evidence/gold-2/state/experiments/exp025/pfg/ping__rt5hz__seed42__final_epoch__d6eb9c12d75b/config.json	2133
.pingstore/runs/exp025-r001-compute/export/evidence/gold-2/state/experiments/exp025/pfg/ping__rt5hz__seed42__final_epoch__d6eb9c12d75b/metrics.json	835
.pingstore/runs/exp025-r001-compute/export/evidence/gold-2/state/experiments/exp025/pfg/ping__rt5hz__seed42__final_epoch__d6eb9c12d75b/output.log	1523
.pingstore/runs/exp025-r001-compute/export/evidence/gold-2/state/experiments/exp025/pfg/ping__rt5hz__seed42__final_epoch__d6eb9c12d75b/run.jsonl	644
.pingstore/runs/exp025-r001-compute/export/evidence/gold-2/state/experiments/exp025/win_scale/s0.05/coba__rt1hz__seed42__final_epoch__19c298ce4b3f/config.json	2135
.pingstore/runs/exp025-r001-compute/export/evidence/gold-2/state/experiments/exp025/win_scale/s0.05/coba__rt1hz__seed42__final_epoch__19c298ce4b3f/metrics.json	795
.pingstore/runs/exp025-r001-compute/export/evidence/gold-2/state/experiments/exp025/win_scale/s0.05/coba__rt1hz__seed42__final_epoch__19c298ce4b3f/output.log	1396
.pingstore/runs/exp025-r001-compute/export/evidence/gold-2/state/experiments/exp025/win_scale/s0.05/coba__rt1hz__seed42__final_epoch__19c298ce4b3f/run.jsonl	643
.pingstore/runs/exp025-r001-compute/export/evidence/gold-2/state/experiments/exp025/win_scale/s0.05/ping__rt1hz__seed42__final_epoch__0efc1d269081/config.json	2135
.pingstore/runs/exp025-r001-compute/export/evidence/gold-2/state/experiments/exp025/win_scale/s0.05/ping__rt1hz__seed42__final_epoch__0efc1d269081/metrics.json	795
.pingstore/runs/exp025-r001-compute/export/evidence/gold-2/state/experiments/exp025/win_scale/s0.05/ping__rt1hz__seed42__final_epoch__0efc1d269081/output.log	1396
.pingstore/runs/exp025-r001-compute/export/evidence/gold-2/state/experiments/exp025/win_scale/s0.05/ping__rt1hz__seed42__final_epoch__0efc1d269081/run.jsonl	643
.pingstore/runs/exp025-r001-compute/export/evidence/gold-2/state/experiments/exp025/win_scale/s0.1/coba__rt1hz__seed42__final_epoch__19c298ce4b3f/config.json	2133
.pingstore/runs/exp025-r001-compute/export/evidence/gold-2/state/experiments/exp025/win_scale/s0.1/coba__rt1hz__seed42__final_epoch__19c298ce4b3f/metrics.json	822
.pingstore/runs/exp025-r001-compute/export/evidence/gold-2/state/experiments/exp025/win_scale/s0.1/coba__rt1hz__seed42__final_epoch__19c298ce4b3f/output.log	1393
.pingstore/runs/exp025-r001-compute/export/evidence/gold-2/state/experiments/exp025/win_scale/s0.1/coba__rt1hz__seed42__final_epoch__19c298ce4b3f/run.jsonl	643
.pingstore/runs/exp025-r001-compute/export/evidence/gold-2/state/experiments/exp025/win_scale/s0.1/ping__rt1hz__seed42__final_epoch__0efc1d269081/config.json	2133
.pingstore/runs/exp025-r001-compute/export/evidence/gold-2/state/experiments/exp025/win_scale/s0.1/ping__rt1hz__seed42__final_epoch__0efc1d269081/metrics.json	795
.pingstore/runs/exp025-r001-compute/export/evidence/gold-2/state/experiments/exp025/win_scale/s0.1/ping__rt1hz__seed42__final_epoch__0efc1d269081/output.log	1393
.pingstore/runs/exp025-r001-compute/export/evidence/gold-2/state/experiments/exp025/win_scale/s0.1/ping__rt1hz__seed42__final_epoch__0efc1d269081/run.jsonl	642
.pingstore/runs/exp025-r001-compute/export/evidence/gold-2/state/experiments/exp025/win_scale/s0.15/coba__rt1hz__seed42__final_epoch__19c298ce4b3f/config.json	2135
.pingstore/runs/exp025-r001-compute/export/evidence/gold-2/state/experiments/exp025/win_scale/s0.15/coba__rt1hz__seed42__final_epoch__19c298ce4b3f/metrics.json	819
.pingstore/runs/exp025-r001-compute/export/evidence/gold-2/state/experiments/exp025/win_scale/s0.15/coba__rt1hz__seed42__final_epoch__19c298ce4b3f/output.log	1396
.pingstore/runs/exp025-r001-compute/export/evidence/gold-2/state/experiments/exp025/win_scale/s0.15/coba__rt1hz__seed42__final_epoch__19c298ce4b3f/run.jsonl	643
.pingstore/runs/exp025-r001-compute/export/evidence/gold-2/state/experiments/exp025/win_scale/s0.15/ping__rt1hz__seed42__final_epoch__0efc1d269081/config.json	2135
.pingstore/runs/exp025-r001-compute/export/evidence/gold-2/state/experiments/exp025/win_scale/s0.15/ping__rt1hz__seed42__final_epoch__0efc1d269081/metrics.json	820
.pingstore/runs/exp025-r001-compute/export/evidence/gold-2/state/experiments/exp025/win_scale/s0.15/ping__rt1hz__seed42__final_epoch__0efc1d269081/output.log	1396
.pingstore/runs/exp025-r001-compute/export/evidence/gold-2/state/experiments/exp025/win_scale/s0.15/ping__rt1hz__seed42__final_epoch__0efc1d269081/run.jsonl	644
.pingstore/runs/exp025-r001-compute/export/evidence/gold-2/state/experiments/exp025/win_scale/s0.2/coba__rt1hz__seed42__final_epoch__19c298ce4b3f/config.json	2133
.pingstore/runs/exp025-r001-compute/export/evidence/gold-2/state/experiments/exp025/win_scale/s0.2/coba__rt1hz__seed42__final_epoch__19c298ce4b3f/metrics.json	823
.pingstore/runs/exp025-r001-compute/export/evidence/gold-2/state/experiments/exp025/win_scale/s0.2/coba__rt1hz__seed42__final_epoch__19c298ce4b3f/output.log	1393
.pingstore/runs/exp025-r001-compute/export/evidence/gold-2/state/experiments/exp025/win_scale/s0.2/coba__rt1hz__seed42__final_epoch__19c298ce4b3f/run.jsonl	643
.pingstore/runs/exp025-r001-compute/export/evidence/gold-2/state/experiments/exp025/win_scale/s0.2/ping__rt1hz__seed42__final_epoch__0efc1d269081/config.json	2133
.pingstore/runs/exp025-r001-compute/export/evidence/gold-2/state/experiments/exp025/win_scale/s0.2/ping__rt1hz__seed42__final_epoch__0efc1d269081/metrics.json	821
.pingstore/runs/exp025-r001-compute/export/evidence/gold-2/state/experiments/exp025/win_scale/s0.2/ping__rt1hz__seed42__final_epoch__0efc1d269081/output.log	1393
.pingstore/runs/exp025-r001-compute/export/evidence/gold-2/state/experiments/exp025/win_scale/s0.2/ping__rt1hz__seed42__final_epoch__0efc1d269081/run.jsonl	643
.pingstore/runs/exp025-r001-compute/export/evidence/gold-2/state/experiments/exp025/win_scale/s0.25/coba__rt1hz__seed42__final_epoch__19c298ce4b3f/config.json	2135
.pingstore/runs/exp025-r001-compute/export/evidence/gold-2/state/experiments/exp025/win_scale/s0.25/coba__rt1hz__seed42__final_epoch__19c298ce4b3f/metrics.json	824
.pingstore/runs/exp025-r001-compute/export/evidence/gold-2/state/experiments/exp025/win_scale/s0.25/coba__rt1hz__seed42__final_epoch__19c298ce4b3f/output.log	1396
.pingstore/runs/exp025-r001-compute/export/evidence/gold-2/state/experiments/exp025/win_scale/s0.25/coba__rt1hz__seed42__final_epoch__19c298ce4b3f/run.jsonl	643
.pingstore/runs/exp025-r001-compute/export/evidence/gold-2/state/experiments/exp025/win_scale/s0.25/ping__rt1hz__seed42__final_epoch__0efc1d269081/config.json	2135
.pingstore/runs/exp025-r001-compute/export/evidence/gold-2/state/experiments/exp025/win_scale/s0.25/ping__rt1hz__seed42__final_epoch__0efc1d269081/metrics.json	823
.pingstore/runs/exp025-r001-compute/export/evidence/gold-2/state/experiments/exp025/win_scale/s0.25/ping__rt1hz__seed42__final_epoch__0efc1d269081/output.log	1396
.pingstore/runs/exp025-r001-compute/export/evidence/gold-2/state/experiments/exp025/win_scale/s0.25/ping__rt1hz__seed42__final_epoch__0efc1d269081/run.jsonl	643
.pingstore/runs/exp025-r001-compute/export/evidence/gold-2/state/experiments/exp025/win_scale/s0.3/coba__rt1hz__seed42__final_epoch__19c298ce4b3f/config.json	2133
.pingstore/runs/exp025-r001-compute/export/evidence/gold-2/state/experiments/exp025/win_scale/s0.3/coba__rt1hz__seed42__final_epoch__19c298ce4b3f/metrics.json	824
.pingstore/runs/exp025-r001-compute/export/evidence/gold-2/state/experiments/exp025/win_scale/s0.3/coba__rt1hz__seed42__final_epoch__19c298ce4b3f/output.log	1393
.pingstore/runs/exp025-r001-compute/export/evidence/gold-2/state/experiments/exp025/win_scale/s0.3/coba__rt1hz__seed42__final_epoch__19c298ce4b3f/run.jsonl	643
.pingstore/runs/exp025-r001-compute/export/evidence/gold-2/state/experiments/exp025/win_scale/s0.3/ping__rt1hz__seed42__final_epoch__0efc1d269081/config.json	2133
.pingstore/runs/exp025-r001-compute/export/evidence/gold-2/state/experiments/exp025/win_scale/s0.3/ping__rt1hz__seed42__final_epoch__0efc1d269081/metrics.json	821
.pingstore/runs/exp025-r001-compute/export/evidence/gold-2/state/experiments/exp025/win_scale/s0.3/ping__rt1hz__seed42__final_epoch__0efc1d269081/output.log	1393
.pingstore/runs/exp025-r001-compute/export/evidence/gold-2/state/experiments/exp025/win_scale/s0.3/ping__rt1hz__seed42__final_epoch__0efc1d269081/run.jsonl	643
.pingstore/runs/exp025-r001-compute/export/evidence/gold-2/state/experiments/exp025/win_scale/s0.35/coba__rt1hz__seed42__final_epoch__19c298ce4b3f/config.json	2135
.pingstore/runs/exp025-r001-compute/export/evidence/gold-2/state/experiments/exp025/win_scale/s0.35/coba__rt1hz__seed42__final_epoch__19c298ce4b3f/metrics.json	824
.pingstore/runs/exp025-r001-compute/export/evidence/gold-2/state/experiments/exp025/win_scale/s0.35/coba__rt1hz__seed42__final_epoch__19c298ce4b3f/output.log	1396
.pingstore/runs/exp025-r001-compute/export/evidence/gold-2/state/experiments/exp025/win_scale/s0.35/coba__rt1hz__seed42__final_epoch__19c298ce4b3f/run.jsonl	644
.pingstore/runs/exp025-r001-compute/export/evidence/gold-2/state/experiments/exp025/win_scale/s0.35/ping__rt1hz__seed42__final_epoch__0efc1d269081/config.json	2135
.pingstore/runs/exp025-r001-compute/export/evidence/gold-2/state/experiments/exp025/win_scale/s0.35/ping__rt1hz__seed42__final_epoch__0efc1d269081/metrics.json	826
.pingstore/runs/exp025-r001-compute/export/evidence/gold-2/state/experiments/exp025/win_scale/s0.35/ping__rt1hz__seed42__final_epoch__0efc1d269081/output.log	1396
.pingstore/runs/exp025-r001-compute/export/evidence/gold-2/state/experiments/exp025/win_scale/s0.35/ping__rt1hz__seed42__final_epoch__0efc1d269081/run.jsonl	644
.pingstore/runs/exp025-r001-compute/export/evidence/gold-2/state/experiments/exp025/win_scale/s0.4/coba__rt1hz__seed42__final_epoch__19c298ce4b3f/config.json	2133
.pingstore/runs/exp025-r001-compute/export/evidence/gold-2/state/experiments/exp025/win_scale/s0.4/coba__rt1hz__seed42__final_epoch__19c298ce4b3f/metrics.json	824
.pingstore/runs/exp025-r001-compute/export/evidence/gold-2/state/experiments/exp025/win_scale/s0.4/coba__rt1hz__seed42__final_epoch__19c298ce4b3f/output.log	1393
.pingstore/runs/exp025-r001-compute/export/evidence/gold-2/state/experiments/exp025/win_scale/s0.4/coba__rt1hz__seed42__final_epoch__19c298ce4b3f/run.jsonl	643
.pingstore/runs/exp025-r001-compute/export/evidence/gold-2/state/experiments/exp025/win_scale/s0.4/ping__rt1hz__seed42__final_epoch__0efc1d269081/config.json	2133
.pingstore/runs/exp025-r001-compute/export/evidence/gold-2/state/experiments/exp025/win_scale/s0.4/ping__rt1hz__seed42__final_epoch__0efc1d269081/metrics.json	827
.pingstore/runs/exp025-r001-compute/export/evidence/gold-2/state/experiments/exp025/win_scale/s0.4/ping__rt1hz__seed42__final_epoch__0efc1d269081/output.log	1393
.pingstore/runs/exp025-r001-compute/export/evidence/gold-2/state/experiments/exp025/win_scale/s0.4/ping__rt1hz__seed42__final_epoch__0efc1d269081/run.jsonl	644
.pingstore/runs/exp025-r001-compute/export/evidence/gold-2/state/experiments/exp025/win_scale/s0.45/coba__rt1hz__seed42__final_epoch__19c298ce4b3f/config.json	2135
.pingstore/runs/exp025-r001-compute/export/evidence/gold-2/state/experiments/exp025/win_scale/s0.45/coba__rt1hz__seed42__final_epoch__19c298ce4b3f/metrics.json	817
.pingstore/runs/exp025-r001-compute/export/evidence/gold-2/state/experiments/exp025/win_scale/s0.45/coba__rt1hz__seed42__final_epoch__19c298ce4b3f/output.log	1396
.pingstore/runs/exp025-r001-compute/export/evidence/gold-2/state/experiments/exp025/win_scale/s0.45/coba__rt1hz__seed42__final_epoch__19c298ce4b3f/run.jsonl	643
.pingstore/runs/exp025-r001-compute/export/evidence/gold-2/state/experiments/exp025/win_scale/s0.45/ping__rt1hz__seed42__final_epoch__0efc1d269081/config.json	2135
.pingstore/runs/exp025-r001-compute/export/evidence/gold-2/state/experiments/exp025/win_scale/s0.45/ping__rt1hz__seed42__final_epoch__0efc1d269081/metrics.json	834
.pingstore/runs/exp025-r001-compute/export/evidence/gold-2/state/experiments/exp025/win_scale/s0.45/ping__rt1hz__seed42__final_epoch__0efc1d269081/output.log	1396
.pingstore/runs/exp025-r001-compute/export/evidence/gold-2/state/experiments/exp025/win_scale/s0.45/ping__rt1hz__seed42__final_epoch__0efc1d269081/run.jsonl	643
.pingstore/runs/exp025-r001-compute/export/evidence/gold-2/state/experiments/exp025/win_scale/s0.5/coba__rt1hz__seed42__final_epoch__19c298ce4b3f/config.json	2133
.pingstore/runs/exp025-r001-compute/export/evidence/gold-2/state/experiments/exp025/win_scale/s0.5/coba__rt1hz__seed42__final_epoch__19c298ce4b3f/metrics.json	823
.pingstore/runs/exp025-r001-compute/export/evidence/gold-2/state/experiments/exp025/win_scale/s0.5/coba__rt1hz__seed42__final_epoch__19c298ce4b3f/output.log	1393
.pingstore/runs/exp025-r001-compute/export/evidence/gold-2/state/experiments/exp025/win_scale/s0.5/coba__rt1hz__seed42__final_epoch__19c298ce4b3f/run.jsonl	643
.pingstore/runs/exp025-r001-compute/export/evidence/gold-2/state/experiments/exp025/win_scale/s0.5/ping__rt1hz__seed42__final_epoch__0efc1d269081/config.json	2133
.pingstore/runs/exp025-r001-compute/export/evidence/gold-2/state/experiments/exp025/win_scale/s0.5/ping__rt1hz__seed42__final_epoch__0efc1d269081/metrics.json	832
.pingstore/runs/exp025-r001-compute/export/evidence/gold-2/state/experiments/exp025/win_scale/s0.5/ping__rt1hz__seed42__final_epoch__0efc1d269081/output.log	1393
.pingstore/runs/exp025-r001-compute/export/evidence/gold-2/state/experiments/exp025/win_scale/s0.5/ping__rt1hz__seed42__final_epoch__0efc1d269081/run.jsonl	644
.pingstore/runs/exp025-r001-compute/export/evidence/gold-2/state/experiments/exp025/win_scale/s0.55/coba__rt1hz__seed42__final_epoch__19c298ce4b3f/config.json	2135
.pingstore/runs/exp025-r001-compute/export/evidence/gold-2/state/experiments/exp025/win_scale/s0.55/coba__rt1hz__seed42__final_epoch__19c298ce4b3f/metrics.json	826
.pingstore/runs/exp025-r001-compute/export/evidence/gold-2/state/experiments/exp025/win_scale/s0.55/coba__rt1hz__seed42__final_epoch__19c298ce4b3f/output.log	1396
.pingstore/runs/exp025-r001-compute/export/evidence/gold-2/state/experiments/exp025/win_scale/s0.55/coba__rt1hz__seed42__final_epoch__19c298ce4b3f/run.jsonl	643
.pingstore/runs/exp025-r001-compute/export/evidence/gold-2/state/experiments/exp025/win_scale/s0.55/ping__rt1hz__seed42__final_epoch__0efc1d269081/config.json	2135
.pingstore/runs/exp025-r001-compute/export/evidence/gold-2/state/experiments/exp025/win_scale/s0.55/ping__rt1hz__seed42__final_epoch__0efc1d269081/metrics.json	829
.pingstore/runs/exp025-r001-compute/export/evidence/gold-2/state/experiments/exp025/win_scale/s0.55/ping__rt1hz__seed42__final_epoch__0efc1d269081/output.log	1396
.pingstore/runs/exp025-r001-compute/export/evidence/gold-2/state/experiments/exp025/win_scale/s0.55/ping__rt1hz__seed42__final_epoch__0efc1d269081/run.jsonl	643
.pingstore/runs/exp025-r001-compute/export/evidence/gold-2/state/experiments/exp025/win_scale/s0.6/coba__rt1hz__seed42__final_epoch__19c298ce4b3f/config.json	2133
.pingstore/runs/exp025-r001-compute/export/evidence/gold-2/state/experiments/exp025/win_scale/s0.6/coba__rt1hz__seed42__final_epoch__19c298ce4b3f/metrics.json	824
.pingstore/runs/exp025-r001-compute/export/evidence/gold-2/state/experiments/exp025/win_scale/s0.6/coba__rt1hz__seed42__final_epoch__19c298ce4b3f/output.log	1393
.pingstore/runs/exp025-r001-compute/export/evidence/gold-2/state/experiments/exp025/win_scale/s0.6/coba__rt1hz__seed42__final_epoch__19c298ce4b3f/run.jsonl	644
.pingstore/runs/exp025-r001-compute/export/evidence/gold-2/state/experiments/exp025/win_scale/s0.6/ping__rt1hz__seed42__final_epoch__0efc1d269081/config.json	2133
.pingstore/runs/exp025-r001-compute/export/evidence/gold-2/state/experiments/exp025/win_scale/s0.6/ping__rt1hz__seed42__final_epoch__0efc1d269081/metrics.json	832
.pingstore/runs/exp025-r001-compute/export/evidence/gold-2/state/experiments/exp025/win_scale/s0.6/ping__rt1hz__seed42__final_epoch__0efc1d269081/output.log	1393
.pingstore/runs/exp025-r001-compute/export/evidence/gold-2/state/experiments/exp025/win_scale/s0.6/ping__rt1hz__seed42__final_epoch__0efc1d269081/run.jsonl	644
.pingstore/runs/exp025-r001-compute/export/evidence/gold-2/state/experiments/exp025/win_scale/s0.65/coba__rt1hz__seed42__final_epoch__19c298ce4b3f/config.json	2135
.pingstore/runs/exp025-r001-compute/export/evidence/gold-2/state/experiments/exp025/win_scale/s0.65/coba__rt1hz__seed42__final_epoch__19c298ce4b3f/metrics.json	825
.pingstore/runs/exp025-r001-compute/export/evidence/gold-2/state/experiments/exp025/win_scale/s0.65/coba__rt1hz__seed42__final_epoch__19c298ce4b3f/output.log	1396
.pingstore/runs/exp025-r001-compute/export/evidence/gold-2/state/experiments/exp025/win_scale/s0.65/coba__rt1hz__seed42__final_epoch__19c298ce4b3f/run.jsonl	643
.pingstore/runs/exp025-r001-compute/export/evidence/gold-2/state/experiments/exp025/win_scale/s0.65/ping__rt1hz__seed42__final_epoch__0efc1d269081/config.json	2135
.pingstore/runs/exp025-r001-compute/export/evidence/gold-2/state/experiments/exp025/win_scale/s0.65/ping__rt1hz__seed42__final_epoch__0efc1d269081/metrics.json	835
.pingstore/runs/exp025-r001-compute/export/evidence/gold-2/state/experiments/exp025/win_scale/s0.65/ping__rt1hz__seed42__final_epoch__0efc1d269081/output.log	1396
.pingstore/runs/exp025-r001-compute/export/evidence/gold-2/state/experiments/exp025/win_scale/s0.65/ping__rt1hz__seed42__final_epoch__0efc1d269081/run.jsonl	643
.pingstore/runs/exp025-r001-compute/export/evidence/gold-2/state/experiments/exp025/win_scale/s0.7/coba__rt1hz__seed42__final_epoch__19c298ce4b3f/config.json	2133
.pingstore/runs/exp025-r001-compute/export/evidence/gold-2/state/experiments/exp025/win_scale/s0.7/coba__rt1hz__seed42__final_epoch__19c298ce4b3f/metrics.json	823
.pingstore/runs/exp025-r001-compute/export/evidence/gold-2/state/experiments/exp025/win_scale/s0.7/coba__rt1hz__seed42__final_epoch__19c298ce4b3f/output.log	1393
.pingstore/runs/exp025-r001-compute/export/evidence/gold-2/state/experiments/exp025/win_scale/s0.7/coba__rt1hz__seed42__final_epoch__19c298ce4b3f/run.jsonl	643
.pingstore/runs/exp025-r001-compute/export/evidence/gold-2/state/experiments/exp025/win_scale/s0.7/ping__rt1hz__seed42__final_epoch__0efc1d269081/config.json	2133
.pingstore/runs/exp025-r001-compute/export/evidence/gold-2/state/experiments/exp025/win_scale/s0.7/ping__rt1hz__seed42__final_epoch__0efc1d269081/metrics.json	837
.pingstore/runs/exp025-r001-compute/export/evidence/gold-2/state/experiments/exp025/win_scale/s0.7/ping__rt1hz__seed42__final_epoch__0efc1d269081/output.log	1393
.pingstore/runs/exp025-r001-compute/export/evidence/gold-2/state/experiments/exp025/win_scale/s0.7/ping__rt1hz__seed42__final_epoch__0efc1d269081/run.jsonl	644
.pingstore/runs/exp025-r001-compute/export/evidence/gold-2/state/experiments/exp025/win_scale/s0.8/coba__rt1hz__seed42__final_epoch__19c298ce4b3f/config.json	2133
.pingstore/runs/exp025-r001-compute/export/evidence/gold-2/state/experiments/exp025/win_scale/s0.8/coba__rt1hz__seed42__final_epoch__19c298ce4b3f/metrics.json	825
.pingstore/runs/exp025-r001-compute/export/evidence/gold-2/state/experiments/exp025/win_scale/s0.8/coba__rt1hz__seed42__final_epoch__19c298ce4b3f/output.log	1393
.pingstore/runs/exp025-r001-compute/export/evidence/gold-2/state/experiments/exp025/win_scale/s0.8/coba__rt1hz__seed42__final_epoch__19c298ce4b3f/run.jsonl	642
.pingstore/runs/exp025-r001-compute/export/evidence/gold-2/state/experiments/exp025/win_scale/s0.8/ping__rt1hz__seed42__final_epoch__0efc1d269081/config.json	2133
.pingstore/runs/exp025-r001-compute/export/evidence/gold-2/state/experiments/exp025/win_scale/s0.8/ping__rt1hz__seed42__final_epoch__0efc1d269081/metrics.json	832
.pingstore/runs/exp025-r001-compute/export/evidence/gold-2/state/experiments/exp025/win_scale/s0.8/ping__rt1hz__seed42__final_epoch__0efc1d269081/output.log	1393
.pingstore/runs/exp025-r001-compute/export/evidence/gold-2/state/experiments/exp025/win_scale/s0.8/ping__rt1hz__seed42__final_epoch__0efc1d269081/run.jsonl	643
.pingstore/runs/exp025-r001-compute/export/evidence/gold-2/state/experiments/exp025/win_scale/s0.9/coba__rt1hz__seed42__final_epoch__19c298ce4b3f/config.json	2133
.pingstore/runs/exp025-r001-compute/export/evidence/gold-2/state/experiments/exp025/win_scale/s0.9/coba__rt1hz__seed42__final_epoch__19c298ce4b3f/metrics.json	821
.pingstore/runs/exp025-r001-compute/export/evidence/gold-2/state/experiments/exp025/win_scale/s0.9/coba__rt1hz__seed42__final_epoch__19c298ce4b3f/output.log	1393
.pingstore/runs/exp025-r001-compute/export/evidence/gold-2/state/experiments/exp025/win_scale/s0.9/coba__rt1hz__seed42__final_epoch__19c298ce4b3f/run.jsonl	642
.pingstore/runs/exp025-r001-compute/export/evidence/gold-2/state/experiments/exp025/win_scale/s0.9/ping__rt1hz__seed42__final_epoch__0efc1d269081/config.json	2133
.pingstore/runs/exp025-r001-compute/export/evidence/gold-2/state/experiments/exp025/win_scale/s0.9/ping__rt1hz__seed42__final_epoch__0efc1d269081/metrics.json	833
.pingstore/runs/exp025-r001-compute/export/evidence/gold-2/state/experiments/exp025/win_scale/s0.9/ping__rt1hz__seed42__final_epoch__0efc1d269081/output.log	1393
.pingstore/runs/exp025-r001-compute/export/evidence/gold-2/state/experiments/exp025/win_scale/s0.9/ping__rt1hz__seed42__final_epoch__0efc1d269081/run.jsonl	643
.pingstore/runs/exp025-r001-compute/export/evidence/gold-2/state/experiments/exp025/win_scale/s1.15/coba__rt1hz__seed42__final_epoch__19c298ce4b3f/config.json	2135
.pingstore/runs/exp025-r001-compute/export/evidence/gold-2/state/experiments/exp025/win_scale/s1.15/coba__rt1hz__seed42__final_epoch__19c298ce4b3f/metrics.json	818
.pingstore/runs/exp025-r001-compute/export/evidence/gold-2/state/experiments/exp025/win_scale/s1.15/coba__rt1hz__seed42__final_epoch__19c298ce4b3f/output.log	1396
.pingstore/runs/exp025-r001-compute/export/evidence/gold-2/state/experiments/exp025/win_scale/s1.15/coba__rt1hz__seed42__final_epoch__19c298ce4b3f/run.jsonl	643
.pingstore/runs/exp025-r001-compute/export/evidence/gold-2/state/experiments/exp025/win_scale/s1.15/ping__rt1hz__seed42__final_epoch__0efc1d269081/config.json	2135
.pingstore/runs/exp025-r001-compute/export/evidence/gold-2/state/experiments/exp025/win_scale/s1.15/ping__rt1hz__seed42__final_epoch__0efc1d269081/metrics.json	837
.pingstore/runs/exp025-r001-compute/export/evidence/gold-2/state/experiments/exp025/win_scale/s1.15/ping__rt1hz__seed42__final_epoch__0efc1d269081/output.log	1396
.pingstore/runs/exp025-r001-compute/export/evidence/gold-2/state/experiments/exp025/win_scale/s1.15/ping__rt1hz__seed42__final_epoch__0efc1d269081/run.jsonl	643
.pingstore/runs/exp025-r001-compute/export/evidence/gold-2/state/experiments/exp025/win_scale/s1.3/coba__rt1hz__seed42__final_epoch__19c298ce4b3f/config.json	2133
.pingstore/runs/exp025-r001-compute/export/evidence/gold-2/state/experiments/exp025/win_scale/s1.3/coba__rt1hz__seed42__final_epoch__19c298ce4b3f/metrics.json	827
.pingstore/runs/exp025-r001-compute/export/evidence/gold-2/state/experiments/exp025/win_scale/s1.3/coba__rt1hz__seed42__final_epoch__19c298ce4b3f/output.log	1393
.pingstore/runs/exp025-r001-compute/export/evidence/gold-2/state/experiments/exp025/win_scale/s1.3/coba__rt1hz__seed42__final_epoch__19c298ce4b3f/run.jsonl	643
.pingstore/runs/exp025-r001-compute/export/evidence/gold-2/state/experiments/exp025/win_scale/s1.3/ping__rt1hz__seed42__final_epoch__0efc1d269081/config.json	2133
.pingstore/runs/exp025-r001-compute/export/evidence/gold-2/state/experiments/exp025/win_scale/s1.3/ping__rt1hz__seed42__final_epoch__0efc1d269081/metrics.json	837
.pingstore/runs/exp025-r001-compute/export/evidence/gold-2/state/experiments/exp025/win_scale/s1.3/ping__rt1hz__seed42__final_epoch__0efc1d269081/output.log	1393
.pingstore/runs/exp025-r001-compute/export/evidence/gold-2/state/experiments/exp025/win_scale/s1.3/ping__rt1hz__seed42__final_epoch__0efc1d269081/run.jsonl	643
.pingstore/runs/exp025-r001-compute/export/evidence/gold-2/state/experiments/exp025/win_scale/s1.5/coba__rt1hz__seed42__final_epoch__19c298ce4b3f/config.json	2133
.pingstore/runs/exp025-r001-compute/export/evidence/gold-2/state/experiments/exp025/win_scale/s1.5/coba__rt1hz__seed42__final_epoch__19c298ce4b3f/metrics.json	822
.pingstore/runs/exp025-r001-compute/export/evidence/gold-2/state/experiments/exp025/win_scale/s1.5/coba__rt1hz__seed42__final_epoch__19c298ce4b3f/output.log	1393
.pingstore/runs/exp025-r001-compute/export/evidence/gold-2/state/experiments/exp025/win_scale/s1.5/coba__rt1hz__seed42__final_epoch__19c298ce4b3f/run.jsonl	644
.pingstore/runs/exp025-r001-compute/export/evidence/gold-2/state/experiments/exp025/win_scale/s1.5/ping__rt1hz__seed42__final_epoch__0efc1d269081/config.json	2133
.pingstore/runs/exp025-r001-compute/export/evidence/gold-2/state/experiments/exp025/win_scale/s1.5/ping__rt1hz__seed42__final_epoch__0efc1d269081/metrics.json	834
.pingstore/runs/exp025-r001-compute/export/evidence/gold-2/state/experiments/exp025/win_scale/s1.5/ping__rt1hz__seed42__final_epoch__0efc1d269081/output.log	1393
.pingstore/runs/exp025-r001-compute/export/evidence/gold-2/state/experiments/exp025/win_scale/s1.5/ping__rt1hz__seed42__final_epoch__0efc1d269081/run.jsonl	643
.pingstore/runs/exp025-r001-compute/export/evidence/gold-2/state/experiments/exp025/win_scale/s1.75/coba__rt1hz__seed42__final_epoch__19c298ce4b3f/config.json	2135
.pingstore/runs/exp025-r001-compute/export/evidence/gold-2/state/experiments/exp025/win_scale/s1.75/coba__rt1hz__seed42__final_epoch__19c298ce4b3f/metrics.json	825
.pingstore/runs/exp025-r001-compute/export/evidence/gold-2/state/experiments/exp025/win_scale/s1.75/coba__rt1hz__seed42__final_epoch__19c298ce4b3f/output.log	1396
.pingstore/runs/exp025-r001-compute/export/evidence/gold-2/state/experiments/exp025/win_scale/s1.75/coba__rt1hz__seed42__final_epoch__19c298ce4b3f/run.jsonl	644
.pingstore/runs/exp025-r001-compute/export/evidence/gold-2/state/experiments/exp025/win_scale/s1.75/ping__rt1hz__seed42__final_epoch__0efc1d269081/config.json	2135
.pingstore/runs/exp025-r001-compute/export/evidence/gold-2/state/experiments/exp025/win_scale/s1.75/ping__rt1hz__seed42__final_epoch__0efc1d269081/metrics.json	837
.pingstore/runs/exp025-r001-compute/export/evidence/gold-2/state/experiments/exp025/win_scale/s1.75/ping__rt1hz__seed42__final_epoch__0efc1d269081/output.log	1396
.pingstore/runs/exp025-r001-compute/export/evidence/gold-2/state/experiments/exp025/win_scale/s1.75/ping__rt1hz__seed42__final_epoch__0efc1d269081/run.jsonl	643
.pingstore/runs/exp025-r001-compute/export/evidence/gold-2/state/experiments/exp025/win_scale/s1/coba__rt1hz__seed42__final_epoch__19c298ce4b3f/config.json	2131
.pingstore/runs/exp025-r001-compute/export/evidence/gold-2/state/experiments/exp025/win_scale/s1/coba__rt1hz__seed42__final_epoch__19c298ce4b3f/metrics.json	827
.pingstore/runs/exp025-r001-compute/export/evidence/gold-2/state/experiments/exp025/win_scale/s1/coba__rt1hz__seed42__final_epoch__19c298ce4b3f/output.log	1341
.pingstore/runs/exp025-r001-compute/export/evidence/gold-2/state/experiments/exp025/win_scale/s1/coba__rt1hz__seed42__final_epoch__19c298ce4b3f/run.jsonl	643
.pingstore/runs/exp025-r001-compute/export/evidence/gold-2/state/experiments/exp025/win_scale/s1/ping__rt1hz__seed42__final_epoch__0efc1d269081/config.json	2131
.pingstore/runs/exp025-r001-compute/export/evidence/gold-2/state/experiments/exp025/win_scale/s1/ping__rt1hz__seed42__final_epoch__0efc1d269081/metrics.json	831
.pingstore/runs/exp025-r001-compute/export/evidence/gold-2/state/experiments/exp025/win_scale/s1/ping__rt1hz__seed42__final_epoch__0efc1d269081/output.log	1341
.pingstore/runs/exp025-r001-compute/export/evidence/gold-2/state/experiments/exp025/win_scale/s1/ping__rt1hz__seed42__final_epoch__0efc1d269081/run.jsonl	644
.pingstore/runs/exp025-r001-compute/export/evidence/gold-2/state/experiments/exp025/win_scale/s2.5/coba__rt1hz__seed42__final_epoch__19c298ce4b3f/config.json	2133
.pingstore/runs/exp025-r001-compute/export/evidence/gold-2/state/experiments/exp025/win_scale/s2.5/coba__rt1hz__seed42__final_epoch__19c298ce4b3f/metrics.json	826
.pingstore/runs/exp025-r001-compute/export/evidence/gold-2/state/experiments/exp025/win_scale/s2.5/coba__rt1hz__seed42__final_epoch__19c298ce4b3f/output.log	1393
.pingstore/runs/exp025-r001-compute/export/evidence/gold-2/state/experiments/exp025/win_scale/s2.5/coba__rt1hz__seed42__final_epoch__19c298ce4b3f/run.jsonl	644
.pingstore/runs/exp025-r001-compute/export/evidence/gold-2/state/experiments/exp025/win_scale/s2.5/ping__rt1hz__seed42__final_epoch__0efc1d269081/config.json	2133
.pingstore/runs/exp025-r001-compute/export/evidence/gold-2/state/experiments/exp025/win_scale/s2.5/ping__rt1hz__seed42__final_epoch__0efc1d269081/metrics.json	835
.pingstore/runs/exp025-r001-compute/export/evidence/gold-2/state/experiments/exp025/win_scale/s2.5/ping__rt1hz__seed42__final_epoch__0efc1d269081/output.log	1393
.pingstore/runs/exp025-r001-compute/export/evidence/gold-2/state/experiments/exp025/win_scale/s2.5/ping__rt1hz__seed42__final_epoch__0efc1d269081/run.jsonl	643
.pingstore/runs/exp025-r001-compute/export/evidence/gold-2/state/experiments/exp025/win_scale/s2/coba__rt1hz__seed42__final_epoch__19c298ce4b3f/config.json	2131
.pingstore/runs/exp025-r001-compute/export/evidence/gold-2/state/experiments/exp025/win_scale/s2/coba__rt1hz__seed42__final_epoch__19c298ce4b3f/metrics.json	827
.pingstore/runs/exp025-r001-compute/export/evidence/gold-2/state/experiments/exp025/win_scale/s2/coba__rt1hz__seed42__final_epoch__19c298ce4b3f/output.log	1389
.pingstore/runs/exp025-r001-compute/export/evidence/gold-2/state/experiments/exp025/win_scale/s2/coba__rt1hz__seed42__final_epoch__19c298ce4b3f/run.jsonl	643
.pingstore/runs/exp025-r001-compute/export/evidence/gold-2/state/experiments/exp025/win_scale/s2/ping__rt1hz__seed42__final_epoch__0efc1d269081/config.json	2131
.pingstore/runs/exp025-r001-compute/export/evidence/gold-2/state/experiments/exp025/win_scale/s2/ping__rt1hz__seed42__final_epoch__0efc1d269081/metrics.json	836
.pingstore/runs/exp025-r001-compute/export/evidence/gold-2/state/experiments/exp025/win_scale/s2/ping__rt1hz__seed42__final_epoch__0efc1d269081/output.log	1389
.pingstore/runs/exp025-r001-compute/export/evidence/gold-2/state/experiments/exp025/win_scale/s2/ping__rt1hz__seed42__final_epoch__0efc1d269081/run.jsonl	643
.pingstore/runs/exp025-r001-compute/export/evidence/gold-2/state/experiments/exp025/win_scale/s3/coba__rt1hz__seed42__final_epoch__19c298ce4b3f/config.json	2131
.pingstore/runs/exp025-r001-compute/export/evidence/gold-2/state/experiments/exp025/win_scale/s3/coba__rt1hz__seed42__final_epoch__19c298ce4b3f/metrics.json	825
.pingstore/runs/exp025-r001-compute/export/evidence/gold-2/state/experiments/exp025/win_scale/s3/coba__rt1hz__seed42__final_epoch__19c298ce4b3f/output.log	1389
.pingstore/runs/exp025-r001-compute/export/evidence/gold-2/state/experiments/exp025/win_scale/s3/coba__rt1hz__seed42__final_epoch__19c298ce4b3f/run.jsonl	643
.pingstore/runs/exp025-r001-compute/export/evidence/gold-2/state/experiments/exp025/win_scale/s3/ping__rt1hz__seed42__final_epoch__0efc1d269081/config.json	2131
.pingstore/runs/exp025-r001-compute/export/evidence/gold-2/state/experiments/exp025/win_scale/s3/ping__rt1hz__seed42__final_epoch__0efc1d269081/metrics.json	832
.pingstore/runs/exp025-r001-compute/export/evidence/gold-2/state/experiments/exp025/win_scale/s3/ping__rt1hz__seed42__final_epoch__0efc1d269081/output.log	1389
.pingstore/runs/exp025-r001-compute/export/evidence/gold-2/state/experiments/exp025/win_scale/s3/ping__rt1hz__seed42__final_epoch__0efc1d269081/run.jsonl	643
.pingstore/runs/exp025-r001-compute/export/evidence/import-plan.json	1060085
.pingstore/runs/exp025-r001-compute/export/evidence/import_gold2.py	15994
.pingstore/runs/exp033-r001-compute/export/evidence/file-mapping.json	7867
.pingstore/runs/exp033-r001-compute/export/evidence/gold-2/inventory.json	2101788
.pingstore/runs/exp033-r001-compute/export/evidence/gold-2/lineage.json	1876
.pingstore/runs/exp033-r001-compute/export/evidence/gold-2/provenance/source-records/base/collection-plan.json	20225
.pingstore/runs/exp033-r001-compute/export/evidence/gold-2/provenance/source-records/base/collection-status/exp033.json	138
.pingstore/runs/exp033-r001-compute/export/evidence/gold-2/provenance/source-records/base/collection-status/exp054.json	138
.pingstore/runs/exp033-r001-compute/export/evidence/gold-2/provenance/source-records/base/logs/collection/ggs-exp033_33913627.err	1939
.pingstore/runs/exp033-r001-compute/export/evidence/gold-2/provenance/source-records/base/logs/collection/ggs-exp033_33913627.out	2525
.pingstore/runs/exp033-r001-compute/export/evidence/gold-2/provenance/source-records/base/logs/collection/ggs-exp054_33913631.err	1669
.pingstore/runs/exp033-r001-compute/export/evidence/gold-2/provenance/source-records/base/logs/collection/ggs-exp054_33913631.out	146899
.pingstore/runs/exp033-r001-compute/export/evidence/gold-2/provenance/source-records/base/logs/exp033/exp033.jsonl	150
.pingstore/runs/exp033-r001-compute/export/evidence/gold-2/provenance/source-records/base/run.json	1373
.pingstore/runs/exp033-r001-compute/export/evidence/gold-2/provenance/source-records/base/submissions/collection-submission.json	36515
.pingstore/runs/exp033-r001-compute/export/evidence/gold-2/run.json	1103
.pingstore/runs/exp033-r001-compute/export/evidence/import-plan.json	7877
.pingstore/runs/exp033-r001-compute/export/evidence/import_gold2.py	13148
.pingstore/runs/exp033-r001-compute/export/evidence/producer-exp033.py	47129
.pingstore/runs/exp033-r001-compute/export/evidence/verification.json	4947
.pingstore/runs/exp037-r001-compute/export/evidence/exp041-import-helpers.py	17963
.pingstore/runs/exp037-r001-compute/export/evidence/file-mapping.json	776964
.pingstore/runs/exp037-r001-compute/export/evidence/gold-2/derived/artifacts/data/exp037/numbers.json	83871
.pingstore/runs/exp037-r001-compute/export/evidence/gold-2/inventory.json	2101788
.pingstore/runs/exp037-r001-compute/export/evidence/gold-2/lineage.json	1876
.pingstore/runs/exp037-r001-compute/export/evidence/gold-2/provenance/source-records/repair/collection-plan.json	19357
.pingstore/runs/exp037-r001-compute/export/evidence/gold-2/provenance/source-records/repair/logs/collection/exp037-shards/34111991_0.err	573
.pingstore/runs/exp037-r001-compute/export/evidence/gold-2/provenance/source-records/repair/logs/collection/exp037-shards/34111991_0.out	65144
.pingstore/runs/exp037-r001-compute/export/evidence/gold-2/provenance/source-records/repair/logs/collection/exp037-shards/34111991_1.err	573
.pingstore/runs/exp037-r001-compute/export/evidence/gold-2/provenance/source-records/repair/logs/collection/exp037-shards/34111991_1.out	65142
.pingstore/runs/exp037-r001-compute/export/evidence/gold-2/provenance/source-records/repair/logs/collection/exp037-shards/34111991_2.err	573
.pingstore/runs/exp037-r001-compute/export/evidence/gold-2/provenance/source-records/repair/logs/collection/exp037-shards/34111991_2.out	65142
.pingstore/runs/exp037-r001-compute/export/evidence/gold-2/provenance/source-records/repair/logs/collection/exp037-shards/34111991_3.err	573
.pingstore/runs/exp037-r001-compute/export/evidence/gold-2/provenance/source-records/repair/logs/collection/exp037-shards/34111991_3.out	65141
.pingstore/runs/exp037-r001-compute/export/evidence/gold-2/provenance/source-records/repair/logs/collection/exp037-shards/34111991_4.err	573
.pingstore/runs/exp037-r001-compute/export/evidence/gold-2/provenance/source-records/repair/logs/collection/exp037-shards/34111991_4.out	65140
.pingstore/runs/exp037-r001-compute/export/evidence/gold-2/provenance/source-records/repair/logs/collection/exp037-shards/34111991_5.err	573
.pingstore/runs/exp037-r001-compute/export/evidence/gold-2/provenance/source-records/repair/logs/collection/exp037-shards/34111991_5.out	65141
.pingstore/runs/exp037-r001-compute/export/evidence/gold-2/provenance/source-records/repair/logs/collection/ggs-repair-exp037_34111993.err	1481
.pingstore/runs/exp037-r001-compute/export/evidence/gold-2/provenance/source-records/repair/logs/collection/ggs-repair-exp037_34111993.out	41300
.pingstore/runs/exp037-r001-compute/export/evidence/gold-2/provenance/source-records/repair/logs/exp037/exp037.jsonl	154
.pingstore/runs/exp037-r001-compute/export/evidence/gold-2/provenance/source-records/repair/run.json	959
.pingstore/runs/exp037-r001-compute/export/evidence/gold-2/run.json	1103
.pingstore/runs/exp037-r001-compute/export/evidence/gold-2/state/experiments/exp037/perturb/add_0.0_coba__off__seed42/best_validation__ffba4cf4f0b8/config.json	2143
.pingstore/runs/exp037-r001-compute/export/evidence/gold-2/state/experiments/exp037/perturb/add_0.0_coba__off__seed42/best_validation__ffba4cf4f0b8/metrics.json	821
.pingstore/runs/exp037-r001-compute/export/evidence/gold-2/state/experiments/exp037/perturb/add_0.0_coba__off__seed42/best_validation__ffba4cf4f0b8/output.log	1182
.pingstore/runs/exp037-r001-compute/export/evidence/gold-2/state/experiments/exp037/perturb/add_0.0_coba__off__seed42/best_validation__ffba4cf4f0b8/run.jsonl	643
.pingstore/runs/exp037-r001-compute/export/evidence/gold-2/state/experiments/exp037/perturb/add_0.0_coba__off__seed43/best_validation__b55b27948826/config.json	2143
.pingstore/runs/exp037-r001-compute/export/evidence/gold-2/state/experiments/exp037/perturb/add_0.0_coba__off__seed43/best_validation__b55b27948826/metrics.json	822
.pingstore/runs/exp037-r001-compute/export/evidence/gold-2/state/experiments/exp037/perturb/add_0.0_coba__off__seed43/best_validation__b55b27948826/output.log	1182
.pingstore/runs/exp037-r001-compute/export/evidence/gold-2/state/experiments/exp037/perturb/add_0.0_coba__off__seed43/best_validation__b55b27948826/run.jsonl	642
.pingstore/runs/exp037-r001-compute/export/evidence/gold-2/state/experiments/exp037/perturb/add_0.0_coba__off__seed44/best_validation__dc3001cef907/config.json	2143
.pingstore/runs/exp037-r001-compute/export/evidence/gold-2/state/experiments/exp037/perturb/add_0.0_coba__off__seed44/best_validation__dc3001cef907/metrics.json	822
.pingstore/runs/exp037-r001-compute/export/evidence/gold-2/state/experiments/exp037/perturb/add_0.0_coba__off__seed44/best_validation__dc3001cef907/output.log	1182
.pingstore/runs/exp037-r001-compute/export/evidence/gold-2/state/experiments/exp037/perturb/add_0.0_coba__off__seed44/best_validation__dc3001cef907/run.jsonl	642
.pingstore/runs/exp037-r001-compute/export/evidence/gold-2/state/experiments/exp037/perturb/add_0.0_ping__off__seed42/best_validation__6c7c0d72788c/config.json	2143
.pingstore/runs/exp037-r001-compute/export/evidence/gold-2/state/experiments/exp037/perturb/add_0.0_ping__off__seed42/best_validation__6c7c0d72788c/metrics.json	833
.pingstore/runs/exp037-r001-compute/export/evidence/gold-2/state/experiments/exp037/perturb/add_0.0_ping__off__seed42/best_validation__6c7c0d72788c/output.log	1181
.pingstore/runs/exp037-r001-compute/export/evidence/gold-2/state/experiments/exp037/perturb/add_0.0_ping__off__seed42/best_validation__6c7c0d72788c/run.jsonl	643
.pingstore/runs/exp037-r001-compute/export/evidence/gold-2/state/experiments/exp037/perturb/add_0.0_ping__off__seed43/best_validation__a4c856ac3475/config.json	2143
.pingstore/runs/exp037-r001-compute/export/evidence/gold-2/state/experiments/exp037/perturb/add_0.0_ping__off__seed43/best_validation__a4c856ac3475/metrics.json	831
.pingstore/runs/exp037-r001-compute/export/evidence/gold-2/state/experiments/exp037/perturb/add_0.0_ping__off__seed43/best_validation__a4c856ac3475/output.log	1181
.pingstore/runs/exp037-r001-compute/export/evidence/gold-2/state/experiments/exp037/perturb/add_0.0_ping__off__seed43/best_validation__a4c856ac3475/run.jsonl	643
.pingstore/runs/exp037-r001-compute/export/evidence/gold-2/state/experiments/exp037/perturb/add_0.0_ping__off__seed44/best_validation__3c3ae807674a/config.json	2143
.pingstore/runs/exp037-r001-compute/export/evidence/gold-2/state/experiments/exp037/perturb/add_0.0_ping__off__seed44/best_validation__3c3ae807674a/metrics.json	821
.pingstore/runs/exp037-r001-compute/export/evidence/gold-2/state/experiments/exp037/perturb/add_0.0_ping__off__seed44/best_validation__3c3ae807674a/output.log	1181
.pingstore/runs/exp037-r001-compute/export/evidence/gold-2/state/experiments/exp037/perturb/add_0.0_ping__off__seed44/best_validation__3c3ae807674a/run.jsonl	643
.pingstore/runs/exp037-r001-compute/export/evidence/gold-2/state/experiments/exp037/perturb/add_10.0_coba__off__seed42/best_validation__ffba4cf4f0b8/config.json	2145
.pingstore/runs/exp037-r001-compute/export/evidence/gold-2/state/experiments/exp037/perturb/add_10.0_coba__off__seed42/best_validation__ffba4cf4f0b8/metrics.json	831
.pingstore/runs/exp037-r001-compute/export/evidence/gold-2/state/experiments/exp037/perturb/add_10.0_coba__off__seed42/best_validation__ffba4cf4f0b8/output.log	1184
.pingstore/runs/exp037-r001-compute/export/evidence/gold-2/state/experiments/exp037/perturb/add_10.0_coba__off__seed42/best_validation__ffba4cf4f0b8/run.jsonl	643
.pingstore/runs/exp037-r001-compute/export/evidence/gold-2/state/experiments/exp037/perturb/add_10.0_coba__off__seed43/best_validation__b55b27948826/config.json	2145
.pingstore/runs/exp037-r001-compute/export/evidence/gold-2/state/experiments/exp037/perturb/add_10.0_coba__off__seed43/best_validation__b55b27948826/metrics.json	832
.pingstore/runs/exp037-r001-compute/export/evidence/gold-2/state/experiments/exp037/perturb/add_10.0_coba__off__seed43/best_validation__b55b27948826/output.log	1184
.pingstore/runs/exp037-r001-compute/export/evidence/gold-2/state/experiments/exp037/perturb/add_10.0_coba__off__seed43/best_validation__b55b27948826/run.jsonl	643
.pingstore/runs/exp037-r001-compute/export/evidence/gold-2/state/experiments/exp037/perturb/add_10.0_coba__off__seed44/best_validation__dc3001cef907/config.json	2145
.pingstore/runs/exp037-r001-compute/export/evidence/gold-2/state/experiments/exp037/perturb/add_10.0_coba__off__seed44/best_validation__dc3001cef907/metrics.json	825
.pingstore/runs/exp037-r001-compute/export/evidence/gold-2/state/experiments/exp037/perturb/add_10.0_coba__off__seed44/best_validation__dc3001cef907/output.log	1184
.pingstore/runs/exp037-r001-compute/export/evidence/gold-2/state/experiments/exp037/perturb/add_10.0_coba__off__seed44/best_validation__dc3001cef907/run.jsonl	643
.pingstore/runs/exp037-r001-compute/export/evidence/gold-2/state/experiments/exp037/perturb/add_10.0_ping__off__seed42/best_validation__6c7c0d72788c/config.json	2145
.pingstore/runs/exp037-r001-compute/export/evidence/gold-2/state/experiments/exp037/perturb/add_10.0_ping__off__seed42/best_validation__6c7c0d72788c/metrics.json	826
.pingstore/runs/exp037-r001-compute/export/evidence/gold-2/state/experiments/exp037/perturb/add_10.0_ping__off__seed42/best_validation__6c7c0d72788c/output.log	1183
.pingstore/runs/exp037-r001-compute/export/evidence/gold-2/state/experiments/exp037/perturb/add_10.0_ping__off__seed42/best_validation__6c7c0d72788c/run.jsonl	643
.pingstore/runs/exp037-r001-compute/export/evidence/gold-2/state/experiments/exp037/perturb/add_10.0_ping__off__seed43/best_validation__a4c856ac3475/config.json	2145
.pingstore/runs/exp037-r001-compute/export/evidence/gold-2/state/experiments/exp037/perturb/add_10.0_ping__off__seed43/best_validation__a4c856ac3475/metrics.json	825
.pingstore/runs/exp037-r001-compute/export/evidence/gold-2/state/experiments/exp037/perturb/add_10.0_ping__off__seed43/best_validation__a4c856ac3475/output.log	1183
.pingstore/runs/exp037-r001-compute/export/evidence/gold-2/state/experiments/exp037/perturb/add_10.0_ping__off__seed43/best_validation__a4c856ac3475/run.jsonl	643
.pingstore/runs/exp037-r001-compute/export/evidence/gold-2/state/experiments/exp037/perturb/add_10.0_ping__off__seed44/best_validation__3c3ae807674a/config.json	2145
.pingstore/runs/exp037-r001-compute/export/evidence/gold-2/state/experiments/exp037/perturb/add_10.0_ping__off__seed44/best_validation__3c3ae807674a/metrics.json	829
.pingstore/runs/exp037-r001-compute/export/evidence/gold-2/state/experiments/exp037/perturb/add_10.0_ping__off__seed44/best_validation__3c3ae807674a/output.log	1183
.pingstore/runs/exp037-r001-compute/export/evidence/gold-2/state/experiments/exp037/perturb/add_10.0_ping__off__seed44/best_validation__3c3ae807674a/run.jsonl	643
.pingstore/runs/exp037-r001-compute/export/evidence/gold-2/state/experiments/exp037/perturb/add_12.0_coba__off__seed42/best_validation__ffba4cf4f0b8/config.json	2145
.pingstore/runs/exp037-r001-compute/export/evidence/gold-2/state/experiments/exp037/perturb/add_12.0_coba__off__seed42/best_validation__ffba4cf4f0b8/metrics.json	832
.pingstore/runs/exp037-r001-compute/export/evidence/gold-2/state/experiments/exp037/perturb/add_12.0_coba__off__seed42/best_validation__ffba4cf4f0b8/output.log	1184
.pingstore/runs/exp037-r001-compute/export/evidence/gold-2/state/experiments/exp037/perturb/add_12.0_coba__off__seed42/best_validation__ffba4cf4f0b8/run.jsonl	644
.pingstore/runs/exp037-r001-compute/export/evidence/gold-2/state/experiments/exp037/perturb/add_12.0_coba__off__seed43/best_validation__b55b27948826/config.json	2145
.pingstore/runs/exp037-r001-compute/export/evidence/gold-2/state/experiments/exp037/perturb/add_12.0_coba__off__seed43/best_validation__b55b27948826/metrics.json	833
.pingstore/runs/exp037-r001-compute/export/evidence/gold-2/state/experiments/exp037/perturb/add_12.0_coba__off__seed43/best_validation__b55b27948826/output.log	1184
.pingstore/runs/exp037-r001-compute/export/evidence/gold-2/state/experiments/exp037/perturb/add_12.0_coba__off__seed43/best_validation__b55b27948826/run.jsonl	644
.pingstore/runs/exp037-r001-compute/export/evidence/gold-2/state/experiments/exp037/perturb/add_12.0_coba__off__seed44/best_validation__dc3001cef907/config.json	2145
.pingstore/runs/exp037-r001-compute/export/evidence/gold-2/state/experiments/exp037/perturb/add_12.0_coba__off__seed44/best_validation__dc3001cef907/metrics.json	828
.pingstore/runs/exp037-r001-compute/export/evidence/gold-2/state/experiments/exp037/perturb/add_12.0_coba__off__seed44/best_validation__dc3001cef907/output.log	1184
.pingstore/runs/exp037-r001-compute/export/evidence/gold-2/state/experiments/exp037/perturb/add_12.0_coba__off__seed44/best_validation__dc3001cef907/run.jsonl	643
.pingstore/runs/exp037-r001-compute/export/evidence/gold-2/state/experiments/exp037/perturb/add_12.0_ping__off__seed42/best_validation__6c7c0d72788c/config.json	2145
.pingstore/runs/exp037-r001-compute/export/evidence/gold-2/state/experiments/exp037/perturb/add_12.0_ping__off__seed42/best_validation__6c7c0d72788c/metrics.json	832
.pingstore/runs/exp037-r001-compute/export/evidence/gold-2/state/experiments/exp037/perturb/add_12.0_ping__off__seed42/best_validation__6c7c0d72788c/output.log	1183
.pingstore/runs/exp037-r001-compute/export/evidence/gold-2/state/experiments/exp037/perturb/add_12.0_ping__off__seed42/best_validation__6c7c0d72788c/run.jsonl	643
.pingstore/runs/exp037-r001-compute/export/evidence/gold-2/state/experiments/exp037/perturb/add_12.0_ping__off__seed43/best_validation__a4c856ac3475/config.json	2145
.pingstore/runs/exp037-r001-compute/export/evidence/gold-2/state/experiments/exp037/perturb/add_12.0_ping__off__seed43/best_validation__a4c856ac3475/metrics.json	830
.pingstore/runs/exp037-r001-compute/export/evidence/gold-2/state/experiments/exp037/perturb/add_12.0_ping__off__seed43/best_validation__a4c856ac3475/output.log	1183
.pingstore/runs/exp037-r001-compute/export/evidence/gold-2/state/experiments/exp037/perturb/add_12.0_ping__off__seed43/best_validation__a4c856ac3475/run.jsonl	643
.pingstore/runs/exp037-r001-compute/export/evidence/gold-2/state/experiments/exp037/perturb/add_12.0_ping__off__seed44/best_validation__3c3ae807674a/config.json	2145
.pingstore/runs/exp037-r001-compute/export/evidence/gold-2/state/experiments/exp037/perturb/add_12.0_ping__off__seed44/best_validation__3c3ae807674a/metrics.json	833
.pingstore/runs/exp037-r001-compute/export/evidence/gold-2/state/experiments/exp037/perturb/add_12.0_ping__off__seed44/best_validation__3c3ae807674a/output.log	1183
.pingstore/runs/exp037-r001-compute/export/evidence/gold-2/state/experiments/exp037/perturb/add_12.0_ping__off__seed44/best_validation__3c3ae807674a/run.jsonl	644
.pingstore/runs/exp037-r001-compute/export/evidence/gold-2/state/experiments/exp037/perturb/add_14.0_coba__off__seed42/best_validation__ffba4cf4f0b8/config.json	2145
.pingstore/runs/exp037-r001-compute/export/evidence/gold-2/state/experiments/exp037/perturb/add_14.0_coba__off__seed42/best_validation__ffba4cf4f0b8/metrics.json	833
.pingstore/runs/exp037-r001-compute/export/evidence/gold-2/state/experiments/exp037/perturb/add_14.0_coba__off__seed42/best_validation__ffba4cf4f0b8/output.log	1184
.pingstore/runs/exp037-r001-compute/export/evidence/gold-2/state/experiments/exp037/perturb/add_14.0_coba__off__seed42/best_validation__ffba4cf4f0b8/run.jsonl	644
.pingstore/runs/exp037-r001-compute/export/evidence/gold-2/state/experiments/exp037/perturb/add_14.0_coba__off__seed43/best_validation__b55b27948826/config.json	2145
.pingstore/runs/exp037-r001-compute/export/evidence/gold-2/state/experiments/exp037/perturb/add_14.0_coba__off__seed43/best_validation__b55b27948826/metrics.json	834
.pingstore/runs/exp037-r001-compute/export/evidence/gold-2/state/experiments/exp037/perturb/add_14.0_coba__off__seed43/best_validation__b55b27948826/output.log	1184
.pingstore/runs/exp037-r001-compute/export/evidence/gold-2/state/experiments/exp037/perturb/add_14.0_coba__off__seed43/best_validation__b55b27948826/run.jsonl	643
.pingstore/runs/exp037-r001-compute/export/evidence/gold-2/state/experiments/exp037/perturb/add_14.0_coba__off__seed44/best_validation__dc3001cef907/config.json	2145
.pingstore/runs/exp037-r001-compute/export/evidence/gold-2/state/experiments/exp037/perturb/add_14.0_coba__off__seed44/best_validation__dc3001cef907/metrics.json	833
.pingstore/runs/exp037-r001-compute/export/evidence/gold-2/state/experiments/exp037/perturb/add_14.0_coba__off__seed44/best_validation__dc3001cef907/output.log	1184
.pingstore/runs/exp037-r001-compute/export/evidence/gold-2/state/experiments/exp037/perturb/add_14.0_coba__off__seed44/best_validation__dc3001cef907/run.jsonl	643
.pingstore/runs/exp037-r001-compute/export/evidence/gold-2/state/experiments/exp037/perturb/add_14.0_ping__off__seed42/best_validation__6c7c0d72788c/config.json	2145
.pingstore/runs/exp037-r001-compute/export/evidence/gold-2/state/experiments/exp037/perturb/add_14.0_ping__off__seed42/best_validation__6c7c0d72788c/metrics.json	826
.pingstore/runs/exp037-r001-compute/export/evidence/gold-2/state/experiments/exp037/perturb/add_14.0_ping__off__seed42/best_validation__6c7c0d72788c/output.log	1183
.pingstore/runs/exp037-r001-compute/export/evidence/gold-2/state/experiments/exp037/perturb/add_14.0_ping__off__seed42/best_validation__6c7c0d72788c/run.jsonl	643
.pingstore/runs/exp037-r001-compute/export/evidence/gold-2/state/experiments/exp037/perturb/add_14.0_ping__off__seed43/best_validation__a4c856ac3475/config.json	2145
.pingstore/runs/exp037-r001-compute/export/evidence/gold-2/state/experiments/exp037/perturb/add_14.0_ping__off__seed43/best_validation__a4c856ac3475/metrics.json	831
.pingstore/runs/exp037-r001-compute/export/evidence/gold-2/state/experiments/exp037/perturb/add_14.0_ping__off__seed43/best_validation__a4c856ac3475/output.log	1183
.pingstore/runs/exp037-r001-compute/export/evidence/gold-2/state/experiments/exp037/perturb/add_14.0_ping__off__seed43/best_validation__a4c856ac3475/run.jsonl	643
.pingstore/runs/exp037-r001-compute/export/evidence/gold-2/state/experiments/exp037/perturb/add_14.0_ping__off__seed44/best_validation__3c3ae807674a/config.json	2145
.pingstore/runs/exp037-r001-compute/export/evidence/gold-2/state/experiments/exp037/perturb/add_14.0_ping__off__seed44/best_validation__3c3ae807674a/metrics.json	827
.pingstore/runs/exp037-r001-compute/export/evidence/gold-2/state/experiments/exp037/perturb/add_14.0_ping__off__seed44/best_validation__3c3ae807674a/output.log	1183
.pingstore/runs/exp037-r001-compute/export/evidence/gold-2/state/experiments/exp037/perturb/add_14.0_ping__off__seed44/best_validation__3c3ae807674a/run.jsonl	643
.pingstore/runs/exp037-r001-compute/export/evidence/gold-2/state/experiments/exp037/perturb/add_16.0_coba__off__seed42/best_validation__ffba4cf4f0b8/config.json	2145
.pingstore/runs/exp037-r001-compute/export/evidence/gold-2/state/experiments/exp037/perturb/add_16.0_coba__off__seed42/best_validation__ffba4cf4f0b8/metrics.json	832
.pingstore/runs/exp037-r001-compute/export/evidence/gold-2/state/experiments/exp037/perturb/add_16.0_coba__off__seed42/best_validation__ffba4cf4f0b8/output.log	1184
.pingstore/runs/exp037-r001-compute/export/evidence/gold-2/state/experiments/exp037/perturb/add_16.0_coba__off__seed42/best_validation__ffba4cf4f0b8/run.jsonl	643
.pingstore/runs/exp037-r001-compute/export/evidence/gold-2/state/experiments/exp037/perturb/add_16.0_coba__off__seed43/best_validation__b55b27948826/config.json	2145
.pingstore/runs/exp037-r001-compute/export/evidence/gold-2/state/experiments/exp037/perturb/add_16.0_coba__off__seed43/best_validation__b55b27948826/metrics.json	828
.pingstore/runs/exp037-r001-compute/export/evidence/gold-2/state/experiments/exp037/perturb/add_16.0_coba__off__seed43/best_validation__b55b27948826/output.log	1184
.pingstore/runs/exp037-r001-compute/export/evidence/gold-2/state/experiments/exp037/perturb/add_16.0_coba__off__seed43/best_validation__b55b27948826/run.jsonl	643
.pingstore/runs/exp037-r001-compute/export/evidence/gold-2/state/experiments/exp037/perturb/add_16.0_coba__off__seed44/best_validation__dc3001cef907/config.json	2145
.pingstore/runs/exp037-r001-compute/export/evidence/gold-2/state/experiments/exp037/perturb/add_16.0_coba__off__seed44/best_validation__dc3001cef907/metrics.json	830
.pingstore/runs/exp037-r001-compute/export/evidence/gold-2/state/experiments/exp037/perturb/add_16.0_coba__off__seed44/best_validation__dc3001cef907/output.log	1184
.pingstore/runs/exp037-r001-compute/export/evidence/gold-2/state/experiments/exp037/perturb/add_16.0_coba__off__seed44/best_validation__dc3001cef907/run.jsonl	643
.pingstore/runs/exp037-r001-compute/export/evidence/gold-2/state/experiments/exp037/perturb/add_16.0_ping__off__seed42/best_validation__6c7c0d72788c/config.json	2145
.pingstore/runs/exp037-r001-compute/export/evidence/gold-2/state/experiments/exp037/perturb/add_16.0_ping__off__seed42/best_validation__6c7c0d72788c/metrics.json	828
.pingstore/runs/exp037-r001-compute/export/evidence/gold-2/state/experiments/exp037/perturb/add_16.0_ping__off__seed42/best_validation__6c7c0d72788c/output.log	1183
.pingstore/runs/exp037-r001-compute/export/evidence/gold-2/state/experiments/exp037/perturb/add_16.0_ping__off__seed42/best_validation__6c7c0d72788c/run.jsonl	643
.pingstore/runs/exp037-r001-compute/export/evidence/gold-2/state/experiments/exp037/perturb/add_16.0_ping__off__seed43/best_validation__a4c856ac3475/config.json	2145
.pingstore/runs/exp037-r001-compute/export/evidence/gold-2/state/experiments/exp037/perturb/add_16.0_ping__off__seed43/best_validation__a4c856ac3475/metrics.json	833
.pingstore/runs/exp037-r001-compute/export/evidence/gold-2/state/experiments/exp037/perturb/add_16.0_ping__off__seed43/best_validation__a4c856ac3475/output.log	1183
.pingstore/runs/exp037-r001-compute/export/evidence/gold-2/state/experiments/exp037/perturb/add_16.0_ping__off__seed43/best_validation__a4c856ac3475/run.jsonl	643
.pingstore/runs/exp037-r001-compute/export/evidence/gold-2/state/experiments/exp037/perturb/add_16.0_ping__off__seed44/best_validation__3c3ae807674a/config.json	2145
.pingstore/runs/exp037-r001-compute/export/evidence/gold-2/state/experiments/exp037/perturb/add_16.0_ping__off__seed44/best_validation__3c3ae807674a/metrics.json	833
.pingstore/runs/exp037-r001-compute/export/evidence/gold-2/state/experiments/exp037/perturb/add_16.0_ping__off__seed44/best_validation__3c3ae807674a/output.log	1183
.pingstore/runs/exp037-r001-compute/export/evidence/gold-2/state/experiments/exp037/perturb/add_16.0_ping__off__seed44/best_validation__3c3ae807674a/run.jsonl	643
.pingstore/runs/exp037-r001-compute/export/evidence/gold-2/state/experiments/exp037/perturb/add_18.0_coba__off__seed42/best_validation__ffba4cf4f0b8/config.json	2145
.pingstore/runs/exp037-r001-compute/export/evidence/gold-2/state/experiments/exp037/perturb/add_18.0_coba__off__seed42/best_validation__ffba4cf4f0b8/metrics.json	832
.pingstore/runs/exp037-r001-compute/export/evidence/gold-2/state/experiments/exp037/perturb/add_18.0_coba__off__seed42/best_validation__ffba4cf4f0b8/output.log	1184
.pingstore/runs/exp037-r001-compute/export/evidence/gold-2/state/experiments/exp037/perturb/add_18.0_coba__off__seed42/best_validation__ffba4cf4f0b8/run.jsonl	643
.pingstore/runs/exp037-r001-compute/export/evidence/gold-2/state/experiments/exp037/perturb/add_18.0_coba__off__seed43/best_validation__b55b27948826/config.json	2145
.pingstore/runs/exp037-r001-compute/export/evidence/gold-2/state/experiments/exp037/perturb/add_18.0_coba__off__seed43/best_validation__b55b27948826/metrics.json	833
.pingstore/runs/exp037-r001-compute/export/evidence/gold-2/state/experiments/exp037/perturb/add_18.0_coba__off__seed43/best_validation__b55b27948826/output.log	1184
.pingstore/runs/exp037-r001-compute/export/evidence/gold-2/state/experiments/exp037/perturb/add_18.0_coba__off__seed43/best_validation__b55b27948826/run.jsonl	643
.pingstore/runs/exp037-r001-compute/export/evidence/gold-2/state/experiments/exp037/perturb/add_18.0_coba__off__seed44/best_validation__dc3001cef907/config.json	2145
.pingstore/runs/exp037-r001-compute/export/evidence/gold-2/state/experiments/exp037/perturb/add_18.0_coba__off__seed44/best_validation__dc3001cef907/metrics.json	833
.pingstore/runs/exp037-r001-compute/export/evidence/gold-2/state/experiments/exp037/perturb/add_18.0_coba__off__seed44/best_validation__dc3001cef907/output.log	1184
.pingstore/runs/exp037-r001-compute/export/evidence/gold-2/state/experiments/exp037/perturb/add_18.0_coba__off__seed44/best_validation__dc3001cef907/run.jsonl	644
.pingstore/runs/exp037-r001-compute/export/evidence/gold-2/state/experiments/exp037/perturb/add_18.0_ping__off__seed42/best_validation__6c7c0d72788c/config.json	2145
.pingstore/runs/exp037-r001-compute/export/evidence/gold-2/state/experiments/exp037/perturb/add_18.0_ping__off__seed42/best_validation__6c7c0d72788c/metrics.json	823
.pingstore/runs/exp037-r001-compute/export/evidence/gold-2/state/experiments/exp037/perturb/add_18.0_ping__off__seed42/best_validation__6c7c0d72788c/output.log	1183
.pingstore/runs/exp037-r001-compute/export/evidence/gold-2/state/experiments/exp037/perturb/add_18.0_ping__off__seed42/best_validation__6c7c0d72788c/run.jsonl	643
.pingstore/runs/exp037-r001-compute/export/evidence/gold-2/state/experiments/exp037/perturb/add_18.0_ping__off__seed43/best_validation__a4c856ac3475/config.json	2145
.pingstore/runs/exp037-r001-compute/export/evidence/gold-2/state/experiments/exp037/perturb/add_18.0_ping__off__seed43/best_validation__a4c856ac3475/metrics.json	830
.pingstore/runs/exp037-r001-compute/export/evidence/gold-2/state/experiments/exp037/perturb/add_18.0_ping__off__seed43/best_validation__a4c856ac3475/output.log	1183
.pingstore/runs/exp037-r001-compute/export/evidence/gold-2/state/experiments/exp037/perturb/add_18.0_ping__off__seed43/best_validation__a4c856ac3475/run.jsonl	643
.pingstore/runs/exp037-r001-compute/export/evidence/gold-2/state/experiments/exp037/perturb/add_18.0_ping__off__seed44/best_validation__3c3ae807674a/config.json	2145
.pingstore/runs/exp037-r001-compute/export/evidence/gold-2/state/experiments/exp037/perturb/add_18.0_ping__off__seed44/best_validation__3c3ae807674a/metrics.json	827
.pingstore/runs/exp037-r001-compute/export/evidence/gold-2/state/experiments/exp037/perturb/add_18.0_ping__off__seed44/best_validation__3c3ae807674a/output.log	1183
.pingstore/runs/exp037-r001-compute/export/evidence/gold-2/state/experiments/exp037/perturb/add_18.0_ping__off__seed44/best_validation__3c3ae807674a/run.jsonl	643
.pingstore/runs/exp037-r001-compute/export/evidence/gold-2/state/experiments/exp037/perturb/add_2.0_coba__off__seed42/best_validation__ffba4cf4f0b8/config.json	2143
.pingstore/runs/exp037-r001-compute/export/evidence/gold-2/state/experiments/exp037/perturb/add_2.0_coba__off__seed42/best_validation__ffba4cf4f0b8/metrics.json	833
.pingstore/runs/exp037-r001-compute/export/evidence/gold-2/state/experiments/exp037/perturb/add_2.0_coba__off__seed42/best_validation__ffba4cf4f0b8/output.log	1182
.pingstore/runs/exp037-r001-compute/export/evidence/gold-2/state/experiments/exp037/perturb/add_2.0_coba__off__seed42/best_validation__ffba4cf4f0b8/run.jsonl	643
.pingstore/runs/exp037-r001-compute/export/evidence/gold-2/state/experiments/exp037/perturb/add_2.0_coba__off__seed43/best_validation__b55b27948826/config.json	2143
.pingstore/runs/exp037-r001-compute/export/evidence/gold-2/state/experiments/exp037/perturb/add_2.0_coba__off__seed43/best_validation__b55b27948826/metrics.json	833
.pingstore/runs/exp037-r001-compute/export/evidence/gold-2/state/experiments/exp037/perturb/add_2.0_coba__off__seed43/best_validation__b55b27948826/output.log	1182
.pingstore/runs/exp037-r001-compute/export/evidence/gold-2/state/experiments/exp037/perturb/add_2.0_coba__off__seed43/best_validation__b55b27948826/run.jsonl	643
.pingstore/runs/exp037-r001-compute/export/evidence/gold-2/state/experiments/exp037/perturb/add_2.0_coba__off__seed44/best_validation__dc3001cef907/config.json	2143
.pingstore/runs/exp037-r001-compute/export/evidence/gold-2/state/experiments/exp037/perturb/add_2.0_coba__off__seed44/best_validation__dc3001cef907/metrics.json	831
.pingstore/runs/exp037-r001-compute/export/evidence/gold-2/state/experiments/exp037/perturb/add_2.0_coba__off__seed44/best_validation__dc3001cef907/output.log	1182
.pingstore/runs/exp037-r001-compute/export/evidence/gold-2/state/experiments/exp037/perturb/add_2.0_coba__off__seed44/best_validation__dc3001cef907/run.jsonl	644
.pingstore/runs/exp037-r001-compute/export/evidence/gold-2/state/experiments/exp037/perturb/add_2.0_ping__off__seed42/best_validation__6c7c0d72788c/config.json	2143
.pingstore/runs/exp037-r001-compute/export/evidence/gold-2/state/experiments/exp037/perturb/add_2.0_ping__off__seed42/best_validation__6c7c0d72788c/metrics.json	832
.pingstore/runs/exp037-r001-compute/export/evidence/gold-2/state/experiments/exp037/perturb/add_2.0_ping__off__seed42/best_validation__6c7c0d72788c/output.log	1181
.pingstore/runs/exp037-r001-compute/export/evidence/gold-2/state/experiments/exp037/perturb/add_2.0_ping__off__seed42/best_validation__6c7c0d72788c/run.jsonl	644
.pingstore/runs/exp037-r001-compute/export/evidence/gold-2/state/experiments/exp037/perturb/add_2.0_ping__off__seed43/best_validation__a4c856ac3475/config.json	2143
.pingstore/runs/exp037-r001-compute/export/evidence/gold-2/state/experiments/exp037/perturb/add_2.0_ping__off__seed43/best_validation__a4c856ac3475/metrics.json	833
.pingstore/runs/exp037-r001-compute/export/evidence/gold-2/state/experiments/exp037/perturb/add_2.0_ping__off__seed43/best_validation__a4c856ac3475/output.log	1181
.pingstore/runs/exp037-r001-compute/export/evidence/gold-2/state/experiments/exp037/perturb/add_2.0_ping__off__seed43/best_validation__a4c856ac3475/run.jsonl	644
.pingstore/runs/exp037-r001-compute/export/evidence/gold-2/state/experiments/exp037/perturb/add_2.0_ping__off__seed44/best_validation__3c3ae807674a/config.json	2143
.pingstore/runs/exp037-r001-compute/export/evidence/gold-2/state/experiments/exp037/perturb/add_2.0_ping__off__seed44/best_validation__3c3ae807674a/metrics.json	833
.pingstore/runs/exp037-r001-compute/export/evidence/gold-2/state/experiments/exp037/perturb/add_2.0_ping__off__seed44/best_validation__3c3ae807674a/output.log	1181
.pingstore/runs/exp037-r001-compute/export/evidence/gold-2/state/experiments/exp037/perturb/add_2.0_ping__off__seed44/best_validation__3c3ae807674a/run.jsonl	643
.pingstore/runs/exp037-r001-compute/export/evidence/gold-2/state/experiments/exp037/perturb/add_20.0_coba__off__seed42/best_validation__ffba4cf4f0b8/config.json	2145
.pingstore/runs/exp037-r001-compute/export/evidence/gold-2/state/experiments/exp037/perturb/add_20.0_coba__off__seed42/best_validation__ffba4cf4f0b8/metrics.json	834
.pingstore/runs/exp037-r001-compute/export/evidence/gold-2/state/experiments/exp037/perturb/add_20.0_coba__off__seed42/best_validation__ffba4cf4f0b8/output.log	1184
.pingstore/runs/exp037-r001-compute/export/evidence/gold-2/state/experiments/exp037/perturb/add_20.0_coba__off__seed42/best_validation__ffba4cf4f0b8/run.jsonl	643
.pingstore/runs/exp037-r001-compute/export/evidence/gold-2/state/experiments/exp037/perturb/add_20.0_coba__off__seed43/best_validation__b55b27948826/config.json	2145
.pingstore/runs/exp037-r001-compute/export/evidence/gold-2/state/experiments/exp037/perturb/add_20.0_coba__off__seed43/best_validation__b55b27948826/metrics.json	834
.pingstore/runs/exp037-r001-compute/export/evidence/gold-2/state/experiments/exp037/perturb/add_20.0_coba__off__seed43/best_validation__b55b27948826/output.log	1184
.pingstore/runs/exp037-r001-compute/export/evidence/gold-2/state/experiments/exp037/perturb/add_20.0_coba__off__seed43/best_validation__b55b27948826/run.jsonl	643
.pingstore/runs/exp037-r001-compute/export/evidence/gold-2/state/experiments/exp037/perturb/add_20.0_coba__off__seed44/best_validation__dc3001cef907/config.json	2145
.pingstore/runs/exp037-r001-compute/export/evidence/gold-2/state/experiments/exp037/perturb/add_20.0_coba__off__seed44/best_validation__dc3001cef907/metrics.json	834
.pingstore/runs/exp037-r001-compute/export/evidence/gold-2/state/experiments/exp037/perturb/add_20.0_coba__off__seed44/best_validation__dc3001cef907/output.log	1184
.pingstore/runs/exp037-r001-compute/export/evidence/gold-2/state/experiments/exp037/perturb/add_20.0_coba__off__seed44/best_validation__dc3001cef907/run.jsonl	643
.pingstore/runs/exp037-r001-compute/export/evidence/gold-2/state/experiments/exp037/perturb/add_20.0_ping__off__seed42/best_validation__6c7c0d72788c/config.json	2145
.pingstore/runs/exp037-r001-compute/export/evidence/gold-2/state/experiments/exp037/perturb/add_20.0_ping__off__seed42/best_validation__6c7c0d72788c/metrics.json	828
.pingstore/runs/exp037-r001-compute/export/evidence/gold-2/state/experiments/exp037/perturb/add_20.0_ping__off__seed42/best_validation__6c7c0d72788c/output.log	1183
.pingstore/runs/exp037-r001-compute/export/evidence/gold-2/state/experiments/exp037/perturb/add_20.0_ping__off__seed42/best_validation__6c7c0d72788c/run.jsonl	643
.pingstore/runs/exp037-r001-compute/export/evidence/gold-2/state/experiments/exp037/perturb/add_20.0_ping__off__seed43/best_validation__a4c856ac3475/config.json	2145
.pingstore/runs/exp037-r001-compute/export/evidence/gold-2/state/experiments/exp037/perturb/add_20.0_ping__off__seed43/best_validation__a4c856ac3475/metrics.json	831
.pingstore/runs/exp037-r001-compute/export/evidence/gold-2/state/experiments/exp037/perturb/add_20.0_ping__off__seed43/best_validation__a4c856ac3475/output.log	1183
.pingstore/runs/exp037-r001-compute/export/evidence/gold-2/state/experiments/exp037/perturb/add_20.0_ping__off__seed43/best_validation__a4c856ac3475/run.jsonl	644
.pingstore/runs/exp037-r001-compute/export/evidence/gold-2/state/experiments/exp037/perturb/add_20.0_ping__off__seed44/best_validation__3c3ae807674a/config.json	2145
.pingstore/runs/exp037-r001-compute/export/evidence/gold-2/state/experiments/exp037/perturb/add_20.0_ping__off__seed44/best_validation__3c3ae807674a/metrics.json	832
.pingstore/runs/exp037-r001-compute/export/evidence/gold-2/state/experiments/exp037/perturb/add_20.0_ping__off__seed44/best_validation__3c3ae807674a/output.log	1183
.pingstore/runs/exp037-r001-compute/export/evidence/gold-2/state/experiments/exp037/perturb/add_20.0_ping__off__seed44/best_validation__3c3ae807674a/run.jsonl	643
.pingstore/runs/exp037-r001-compute/export/evidence/gold-2/state/experiments/exp037/perturb/add_22.0_coba__off__seed42/best_validation__ffba4cf4f0b8/config.json	2145
.pingstore/runs/exp037-r001-compute/export/evidence/gold-2/state/experiments/exp037/perturb/add_22.0_coba__off__seed42/best_validation__ffba4cf4f0b8/metrics.json	832
.pingstore/runs/exp037-r001-compute/export/evidence/gold-2/state/experiments/exp037/perturb/add_22.0_coba__off__seed42/best_validation__ffba4cf4f0b8/output.log	1184
.pingstore/runs/exp037-r001-compute/export/evidence/gold-2/state/experiments/exp037/perturb/add_22.0_coba__off__seed42/best_validation__ffba4cf4f0b8/run.jsonl	643
.pingstore/runs/exp037-r001-compute/export/evidence/gold-2/state/experiments/exp037/perturb/add_22.0_coba__off__seed43/best_validation__b55b27948826/config.json	2145
.pingstore/runs/exp037-r001-compute/export/evidence/gold-2/state/experiments/exp037/perturb/add_22.0_coba__off__seed43/best_validation__b55b27948826/metrics.json	832
.pingstore/runs/exp037-r001-compute/export/evidence/gold-2/state/experiments/exp037/perturb/add_22.0_coba__off__seed43/best_validation__b55b27948826/output.log	1184
.pingstore/runs/exp037-r001-compute/export/evidence/gold-2/state/experiments/exp037/perturb/add_22.0_coba__off__seed43/best_validation__b55b27948826/run.jsonl	644
.pingstore/runs/exp037-r001-compute/export/evidence/gold-2/state/experiments/exp037/perturb/add_22.0_coba__off__seed44/best_validation__dc3001cef907/config.json	2145
.pingstore/runs/exp037-r001-compute/export/evidence/gold-2/state/experiments/exp037/perturb/add_22.0_coba__off__seed44/best_validation__dc3001cef907/metrics.json	832
.pingstore/runs/exp037-r001-compute/export/evidence/gold-2/state/experiments/exp037/perturb/add_22.0_coba__off__seed44/best_validation__dc3001cef907/output.log	1184
.pingstore/runs/exp037-r001-compute/export/evidence/gold-2/state/experiments/exp037/perturb/add_22.0_coba__off__seed44/best_validation__dc3001cef907/run.jsonl	643
.pingstore/runs/exp037-r001-compute/export/evidence/gold-2/state/experiments/exp037/perturb/add_22.0_ping__off__seed42/best_validation__6c7c0d72788c/config.json	2145
.pingstore/runs/exp037-r001-compute/export/evidence/gold-2/state/experiments/exp037/perturb/add_22.0_ping__off__seed42/best_validation__6c7c0d72788c/metrics.json	832
.pingstore/runs/exp037-r001-compute/export/evidence/gold-2/state/experiments/exp037/perturb/add_22.0_ping__off__seed42/best_validation__6c7c0d72788c/output.log	1183
.pingstore/runs/exp037-r001-compute/export/evidence/gold-2/state/experiments/exp037/perturb/add_22.0_ping__off__seed42/best_validation__6c7c0d72788c/run.jsonl	643
.pingstore/runs/exp037-r001-compute/export/evidence/gold-2/state/experiments/exp037/perturb/add_22.0_ping__off__seed43/best_validation__a4c856ac3475/config.json	2145
.pingstore/runs/exp037-r001-compute/export/evidence/gold-2/state/experiments/exp037/perturb/add_22.0_ping__off__seed43/best_validation__a4c856ac3475/metrics.json	831
.pingstore/runs/exp037-r001-compute/export/evidence/gold-2/state/experiments/exp037/perturb/add_22.0_ping__off__seed43/best_validation__a4c856ac3475/output.log	1183
.pingstore/runs/exp037-r001-compute/export/evidence/gold-2/state/experiments/exp037/perturb/add_22.0_ping__off__seed43/best_validation__a4c856ac3475/run.jsonl	644
.pingstore/runs/exp037-r001-compute/export/evidence/gold-2/state/experiments/exp037/perturb/add_22.0_ping__off__seed44/best_validation__3c3ae807674a/config.json	2145
.pingstore/runs/exp037-r001-compute/export/evidence/gold-2/state/experiments/exp037/perturb/add_22.0_ping__off__seed44/best_validation__3c3ae807674a/metrics.json	825
.pingstore/runs/exp037-r001-compute/export/evidence/gold-2/state/experiments/exp037/perturb/add_22.0_ping__off__seed44/best_validation__3c3ae807674a/output.log	1183
.pingstore/runs/exp037-r001-compute/export/evidence/gold-2/state/experiments/exp037/perturb/add_22.0_ping__off__seed44/best_validation__3c3ae807674a/run.jsonl	643
.pingstore/runs/exp037-r001-compute/export/evidence/gold-2/state/experiments/exp037/perturb/add_24.0_coba__off__seed42/best_validation__ffba4cf4f0b8/config.json	2145
.pingstore/runs/exp037-r001-compute/export/evidence/gold-2/state/experiments/exp037/perturb/add_24.0_coba__off__seed42/best_validation__ffba4cf4f0b8/metrics.json	830
.pingstore/runs/exp037-r001-compute/export/evidence/gold-2/state/experiments/exp037/perturb/add_24.0_coba__off__seed42/best_validation__ffba4cf4f0b8/output.log	1184
.pingstore/runs/exp037-r001-compute/export/evidence/gold-2/state/experiments/exp037/perturb/add_24.0_coba__off__seed42/best_validation__ffba4cf4f0b8/run.jsonl	642
.pingstore/runs/exp037-r001-compute/export/evidence/gold-2/state/experiments/exp037/perturb/add_24.0_coba__off__seed43/best_validation__b55b27948826/config.json	2145
.pingstore/runs/exp037-r001-compute/export/evidence/gold-2/state/experiments/exp037/perturb/add_24.0_coba__off__seed43/best_validation__b55b27948826/metrics.json	832
.pingstore/runs/exp037-r001-compute/export/evidence/gold-2/state/experiments/exp037/perturb/add_24.0_coba__off__seed43/best_validation__b55b27948826/output.log	1184
.pingstore/runs/exp037-r001-compute/export/evidence/gold-2/state/experiments/exp037/perturb/add_24.0_coba__off__seed43/best_validation__b55b27948826/run.jsonl	643
.pingstore/runs/exp037-r001-compute/export/evidence/gold-2/state/experiments/exp037/perturb/add_24.0_coba__off__seed44/best_validation__dc3001cef907/config.json	2145
.pingstore/runs/exp037-r001-compute/export/evidence/gold-2/state/experiments/exp037/perturb/add_24.0_coba__off__seed44/best_validation__dc3001cef907/metrics.json	831
.pingstore/runs/exp037-r001-compute/export/evidence/gold-2/state/experiments/exp037/perturb/add_24.0_coba__off__seed44/best_validation__dc3001cef907/output.log	1184
.pingstore/runs/exp037-r001-compute/export/evidence/gold-2/state/experiments/exp037/perturb/add_24.0_coba__off__seed44/best_validation__dc3001cef907/run.jsonl	643
.pingstore/runs/exp037-r001-compute/export/evidence/gold-2/state/experiments/exp037/perturb/add_24.0_ping__off__seed42/best_validation__6c7c0d72788c/config.json	2145
.pingstore/runs/exp037-r001-compute/export/evidence/gold-2/state/experiments/exp037/perturb/add_24.0_ping__off__seed42/best_validation__6c7c0d72788c/metrics.json	829
.pingstore/runs/exp037-r001-compute/export/evidence/gold-2/state/experiments/exp037/perturb/add_24.0_ping__off__seed42/best_validation__6c7c0d72788c/output.log	1183
.pingstore/runs/exp037-r001-compute/export/evidence/gold-2/state/experiments/exp037/perturb/add_24.0_ping__off__seed42/best_validation__6c7c0d72788c/run.jsonl	643
.pingstore/runs/exp037-r001-compute/export/evidence/gold-2/state/experiments/exp037/perturb/add_24.0_ping__off__seed43/best_validation__a4c856ac3475/config.json	2145
.pingstore/runs/exp037-r001-compute/export/evidence/gold-2/state/experiments/exp037/perturb/add_24.0_ping__off__seed43/best_validation__a4c856ac3475/metrics.json	831
.pingstore/runs/exp037-r001-compute/export/evidence/gold-2/state/experiments/exp037/perturb/add_24.0_ping__off__seed43/best_validation__a4c856ac3475/output.log	1183
.pingstore/runs/exp037-r001-compute/export/evidence/gold-2/state/experiments/exp037/perturb/add_24.0_ping__off__seed43/best_validation__a4c856ac3475/run.jsonl	642
.pingstore/runs/exp037-r001-compute/export/evidence/gold-2/state/experiments/exp037/perturb/add_24.0_ping__off__seed44/best_validation__3c3ae807674a/config.json	2145
.pingstore/runs/exp037-r001-compute/export/evidence/gold-2/state/experiments/exp037/perturb/add_24.0_ping__off__seed44/best_validation__3c3ae807674a/metrics.json	827
.pingstore/runs/exp037-r001-compute/export/evidence/gold-2/state/experiments/exp037/perturb/add_24.0_ping__off__seed44/best_validation__3c3ae807674a/output.log	1181
.pingstore/runs/exp037-r001-compute/export/evidence/gold-2/state/experiments/exp037/perturb/add_24.0_ping__off__seed44/best_validation__3c3ae807674a/run.jsonl	642
.pingstore/runs/exp037-r001-compute/export/evidence/gold-2/state/experiments/exp037/perturb/add_26.0_coba__off__seed42/best_validation__ffba4cf4f0b8/config.json	2145
.pingstore/runs/exp037-r001-compute/export/evidence/gold-2/state/experiments/exp037/perturb/add_26.0_coba__off__seed42/best_validation__ffba4cf4f0b8/metrics.json	829
.pingstore/runs/exp037-r001-compute/export/evidence/gold-2/state/experiments/exp037/perturb/add_26.0_coba__off__seed42/best_validation__ffba4cf4f0b8/output.log	1184
.pingstore/runs/exp037-r001-compute/export/evidence/gold-2/state/experiments/exp037/perturb/add_26.0_coba__off__seed42/best_validation__ffba4cf4f0b8/run.jsonl	643
.pingstore/runs/exp037-r001-compute/export/evidence/gold-2/state/experiments/exp037/perturb/add_26.0_coba__off__seed43/best_validation__b55b27948826/config.json	2145
.pingstore/runs/exp037-r001-compute/export/evidence/gold-2/state/experiments/exp037/perturb/add_26.0_coba__off__seed43/best_validation__b55b27948826/metrics.json	833
.pingstore/runs/exp037-r001-compute/export/evidence/gold-2/state/experiments/exp037/perturb/add_26.0_coba__off__seed43/best_validation__b55b27948826/output.log	1184
.pingstore/runs/exp037-r001-compute/export/evidence/gold-2/state/experiments/exp037/perturb/add_26.0_coba__off__seed43/best_validation__b55b27948826/run.jsonl	643
.pingstore/runs/exp037-r001-compute/export/evidence/gold-2/state/experiments/exp037/perturb/add_26.0_coba__off__seed44/best_validation__dc3001cef907/config.json	2145
.pingstore/runs/exp037-r001-compute/export/evidence/gold-2/state/experiments/exp037/perturb/add_26.0_coba__off__seed44/best_validation__dc3001cef907/metrics.json	835
.pingstore/runs/exp037-r001-compute/export/evidence/gold-2/state/experiments/exp037/perturb/add_26.0_coba__off__seed44/best_validation__dc3001cef907/output.log	1184
.pingstore/runs/exp037-r001-compute/export/evidence/gold-2/state/experiments/exp037/perturb/add_26.0_coba__off__seed44/best_validation__dc3001cef907/run.jsonl	642
.pingstore/runs/exp037-r001-compute/export/evidence/gold-2/state/experiments/exp037/perturb/add_26.0_ping__off__seed42/best_validation__6c7c0d72788c/config.json	2145
.pingstore/runs/exp037-r001-compute/export/evidence/gold-2/state/experiments/exp037/perturb/add_26.0_ping__off__seed42/best_validation__6c7c0d72788c/metrics.json	829
.pingstore/runs/exp037-r001-compute/export/evidence/gold-2/state/experiments/exp037/perturb/add_26.0_ping__off__seed42/best_validation__6c7c0d72788c/output.log	1183
.pingstore/runs/exp037-r001-compute/export/evidence/gold-2/state/experiments/exp037/perturb/add_26.0_ping__off__seed42/best_validation__6c7c0d72788c/run.jsonl	643
.pingstore/runs/exp037-r001-compute/export/evidence/gold-2/state/experiments/exp037/perturb/add_26.0_ping__off__seed43/best_validation__a4c856ac3475/config.json	2145
.pingstore/runs/exp037-r001-compute/export/evidence/gold-2/state/experiments/exp037/perturb/add_26.0_ping__off__seed43/best_validation__a4c856ac3475/metrics.json	832
.pingstore/runs/exp037-r001-compute/export/evidence/gold-2/state/experiments/exp037/perturb/add_26.0_ping__off__seed43/best_validation__a4c856ac3475/output.log	1183
.pingstore/runs/exp037-r001-compute/export/evidence/gold-2/state/experiments/exp037/perturb/add_26.0_ping__off__seed43/best_validation__a4c856ac3475/run.jsonl	643
.pingstore/runs/exp037-r001-compute/export/evidence/gold-2/state/experiments/exp037/perturb/add_26.0_ping__off__seed44/best_validation__3c3ae807674a/config.json	2145
.pingstore/runs/exp037-r001-compute/export/evidence/gold-2/state/experiments/exp037/perturb/add_26.0_ping__off__seed44/best_validation__3c3ae807674a/metrics.json	827
.pingstore/runs/exp037-r001-compute/export/evidence/gold-2/state/experiments/exp037/perturb/add_26.0_ping__off__seed44/best_validation__3c3ae807674a/output.log	1181
.pingstore/runs/exp037-r001-compute/export/evidence/gold-2/state/experiments/exp037/perturb/add_26.0_ping__off__seed44/best_validation__3c3ae807674a/run.jsonl	643
.pingstore/runs/exp037-r001-compute/export/evidence/gold-2/state/experiments/exp037/perturb/add_28.0_coba__off__seed42/best_validation__ffba4cf4f0b8/config.json	2145
.pingstore/runs/exp037-r001-compute/export/evidence/gold-2/state/experiments/exp037/perturb/add_28.0_coba__off__seed42/best_validation__ffba4cf4f0b8/metrics.json	830
.pingstore/runs/exp037-r001-compute/export/evidence/gold-2/state/experiments/exp037/perturb/add_28.0_coba__off__seed42/best_validation__ffba4cf4f0b8/output.log	1184
.pingstore/runs/exp037-r001-compute/export/evidence/gold-2/state/experiments/exp037/perturb/add_28.0_coba__off__seed42/best_validation__ffba4cf4f0b8/run.jsonl	644
.pingstore/runs/exp037-r001-compute/export/evidence/gold-2/state/experiments/exp037/perturb/add_28.0_coba__off__seed43/best_validation__b55b27948826/config.json	2145
.pingstore/runs/exp037-r001-compute/export/evidence/gold-2/state/experiments/exp037/perturb/add_28.0_coba__off__seed43/best_validation__b55b27948826/metrics.json	833
.pingstore/runs/exp037-r001-compute/export/evidence/gold-2/state/experiments/exp037/perturb/add_28.0_coba__off__seed43/best_validation__b55b27948826/output.log	1184
.pingstore/runs/exp037-r001-compute/export/evidence/gold-2/state/experiments/exp037/perturb/add_28.0_coba__off__seed43/best_validation__b55b27948826/run.jsonl	643
.pingstore/runs/exp037-r001-compute/export/evidence/gold-2/state/experiments/exp037/perturb/add_28.0_coba__off__seed44/best_validation__dc3001cef907/config.json	2145
.pingstore/runs/exp037-r001-compute/export/evidence/gold-2/state/experiments/exp037/perturb/add_28.0_coba__off__seed44/best_validation__dc3001cef907/metrics.json	832
.pingstore/runs/exp037-r001-compute/export/evidence/gold-2/state/experiments/exp037/perturb/add_28.0_coba__off__seed44/best_validation__dc3001cef907/output.log	1184
.pingstore/runs/exp037-r001-compute/export/evidence/gold-2/state/experiments/exp037/perturb/add_28.0_coba__off__seed44/best_validation__dc3001cef907/run.jsonl	643
.pingstore/runs/exp037-r001-compute/export/evidence/gold-2/state/experiments/exp037/perturb/add_28.0_ping__off__seed42/best_validation__6c7c0d72788c/config.json	2145
.pingstore/runs/exp037-r001-compute/export/evidence/gold-2/state/experiments/exp037/perturb/add_28.0_ping__off__seed42/best_validation__6c7c0d72788c/metrics.json	827
.pingstore/runs/exp037-r001-compute/export/evidence/gold-2/state/experiments/exp037/perturb/add_28.0_ping__off__seed42/best_validation__6c7c0d72788c/output.log	1183
.pingstore/runs/exp037-r001-compute/export/evidence/gold-2/state/experiments/exp037/perturb/add_28.0_ping__off__seed42/best_validation__6c7c0d72788c/run.jsonl	644
.pingstore/runs/exp037-r001-compute/export/evidence/gold-2/state/experiments/exp037/perturb/add_28.0_ping__off__seed43/best_validation__a4c856ac3475/config.json	2145
.pingstore/runs/exp037-r001-compute/export/evidence/gold-2/state/experiments/exp037/perturb/add_28.0_ping__off__seed43/best_validation__a4c856ac3475/metrics.json	832
.pingstore/runs/exp037-r001-compute/export/evidence/gold-2/state/experiments/exp037/perturb/add_28.0_ping__off__seed43/best_validation__a4c856ac3475/output.log	1183
.pingstore/runs/exp037-r001-compute/export/evidence/gold-2/state/experiments/exp037/perturb/add_28.0_ping__off__seed43/best_validation__a4c856ac3475/run.jsonl	644
.pingstore/runs/exp037-r001-compute/export/evidence/gold-2/state/experiments/exp037/perturb/add_28.0_ping__off__seed44/best_validation__3c3ae807674a/config.json	2145
.pingstore/runs/exp037-r001-compute/export/evidence/gold-2/state/experiments/exp037/perturb/add_28.0_ping__off__seed44/best_validation__3c3ae807674a/metrics.json	826
.pingstore/runs/exp037-r001-compute/export/evidence/gold-2/state/experiments/exp037/perturb/add_28.0_ping__off__seed44/best_validation__3c3ae807674a/output.log	1181
.pingstore/runs/exp037-r001-compute/export/evidence/gold-2/state/experiments/exp037/perturb/add_28.0_ping__off__seed44/best_validation__3c3ae807674a/run.jsonl	643
.pingstore/runs/exp037-r001-compute/export/evidence/gold-2/state/experiments/exp037/perturb/add_30.0_coba__off__seed42/best_validation__ffba4cf4f0b8/config.json	2145
.pingstore/runs/exp037-r001-compute/export/evidence/gold-2/state/experiments/exp037/perturb/add_30.0_coba__off__seed42/best_validation__ffba4cf4f0b8/metrics.json	835
.pingstore/runs/exp037-r001-compute/export/evidence/gold-2/state/experiments/exp037/perturb/add_30.0_coba__off__seed42/best_validation__ffba4cf4f0b8/output.log	1184
.pingstore/runs/exp037-r001-compute/export/evidence/gold-2/state/experiments/exp037/perturb/add_30.0_coba__off__seed42/best_validation__ffba4cf4f0b8/run.jsonl	644
.pingstore/runs/exp037-r001-compute/export/evidence/gold-2/state/experiments/exp037/perturb/add_30.0_coba__off__seed43/best_validation__b55b27948826/config.json	2145
.pingstore/runs/exp037-r001-compute/export/evidence/gold-2/state/experiments/exp037/perturb/add_30.0_coba__off__seed43/best_validation__b55b27948826/metrics.json	828
.pingstore/runs/exp037-r001-compute/export/evidence/gold-2/state/experiments/exp037/perturb/add_30.0_coba__off__seed43/best_validation__b55b27948826/output.log	1184
.pingstore/runs/exp037-r001-compute/export/evidence/gold-2/state/experiments/exp037/perturb/add_30.0_coba__off__seed43/best_validation__b55b27948826/run.jsonl	644
.pingstore/runs/exp037-r001-compute/export/evidence/gold-2/state/experiments/exp037/perturb/add_30.0_coba__off__seed44/best_validation__dc3001cef907/config.json	2145
.pingstore/runs/exp037-r001-compute/export/evidence/gold-2/state/experiments/exp037/perturb/add_30.0_coba__off__seed44/best_validation__dc3001cef907/metrics.json	833
.pingstore/runs/exp037-r001-compute/export/evidence/gold-2/state/experiments/exp037/perturb/add_30.0_coba__off__seed44/best_validation__dc3001cef907/output.log	1184
.pingstore/runs/exp037-r001-compute/export/evidence/gold-2/state/experiments/exp037/perturb/add_30.0_coba__off__seed44/best_validation__dc3001cef907/run.jsonl	644
.pingstore/runs/exp037-r001-compute/export/evidence/gold-2/state/experiments/exp037/perturb/add_30.0_ping__off__seed42/best_validation__6c7c0d72788c/config.json	2145
.pingstore/runs/exp037-r001-compute/export/evidence/gold-2/state/experiments/exp037/perturb/add_30.0_ping__off__seed42/best_validation__6c7c0d72788c/metrics.json	832
.pingstore/runs/exp037-r001-compute/export/evidence/gold-2/state/experiments/exp037/perturb/add_30.0_ping__off__seed42/best_validation__6c7c0d72788c/output.log	1183
.pingstore/runs/exp037-r001-compute/export/evidence/gold-2/state/experiments/exp037/perturb/add_30.0_ping__off__seed42/best_validation__6c7c0d72788c/run.jsonl	643
.pingstore/runs/exp037-r001-compute/export/evidence/gold-2/state/experiments/exp037/perturb/add_30.0_ping__off__seed43/best_validation__a4c856ac3475/config.json	2145
.pingstore/runs/exp037-r001-compute/export/evidence/gold-2/state/experiments/exp037/perturb/add_30.0_ping__off__seed43/best_validation__a4c856ac3475/metrics.json	831
.pingstore/runs/exp037-r001-compute/export/evidence/gold-2/state/experiments/exp037/perturb/add_30.0_ping__off__seed43/best_validation__a4c856ac3475/output.log	1183
.pingstore/runs/exp037-r001-compute/export/evidence/gold-2/state/experiments/exp037/perturb/add_30.0_ping__off__seed43/best_validation__a4c856ac3475/run.jsonl	643
.pingstore/runs/exp037-r001-compute/export/evidence/gold-2/state/experiments/exp037/perturb/add_30.0_ping__off__seed44/best_validation__3c3ae807674a/config.json	2145
.pingstore/runs/exp037-r001-compute/export/evidence/gold-2/state/experiments/exp037/perturb/add_30.0_ping__off__seed44/best_validation__3c3ae807674a/metrics.json	819
.pingstore/runs/exp037-r001-compute/export/evidence/gold-2/state/experiments/exp037/perturb/add_30.0_ping__off__seed44/best_validation__3c3ae807674a/output.log	1181
.pingstore/runs/exp037-r001-compute/export/evidence/gold-2/state/experiments/exp037/perturb/add_30.0_ping__off__seed44/best_validation__3c3ae807674a/run.jsonl	643
.pingstore/runs/exp037-r001-compute/export/evidence/gold-2/state/experiments/exp037/perturb/add_32.0_coba__off__seed42/best_validation__ffba4cf4f0b8/config.json	2145
.pingstore/runs/exp037-r001-compute/export/evidence/gold-2/state/experiments/exp037/perturb/add_32.0_coba__off__seed42/best_validation__ffba4cf4f0b8/metrics.json	827
.pingstore/runs/exp037-r001-compute/export/evidence/gold-2/state/experiments/exp037/perturb/add_32.0_coba__off__seed42/best_validation__ffba4cf4f0b8/output.log	1184
.pingstore/runs/exp037-r001-compute/export/evidence/gold-2/state/experiments/exp037/perturb/add_32.0_coba__off__seed42/best_validation__ffba4cf4f0b8/run.jsonl	642
.pingstore/runs/exp037-r001-compute/export/evidence/gold-2/state/experiments/exp037/perturb/add_32.0_coba__off__seed43/best_validation__b55b27948826/config.json	2145
.pingstore/runs/exp037-r001-compute/export/evidence/gold-2/state/experiments/exp037/perturb/add_32.0_coba__off__seed43/best_validation__b55b27948826/metrics.json	835
.pingstore/runs/exp037-r001-compute/export/evidence/gold-2/state/experiments/exp037/perturb/add_32.0_coba__off__seed43/best_validation__b55b27948826/output.log	1184
.pingstore/runs/exp037-r001-compute/export/evidence/gold-2/state/experiments/exp037/perturb/add_32.0_coba__off__seed43/best_validation__b55b27948826/run.jsonl	642
.pingstore/runs/exp037-r001-compute/export/evidence/gold-2/state/experiments/exp037/perturb/add_32.0_coba__off__seed44/best_validation__dc3001cef907/config.json	2145
.pingstore/runs/exp037-r001-compute/export/evidence/gold-2/state/experiments/exp037/perturb/add_32.0_coba__off__seed44/best_validation__dc3001cef907/metrics.json	835
.pingstore/runs/exp037-r001-compute/export/evidence/gold-2/state/experiments/exp037/perturb/add_32.0_coba__off__seed44/best_validation__dc3001cef907/output.log	1184
.pingstore/runs/exp037-r001-compute/export/evidence/gold-2/state/experiments/exp037/perturb/add_32.0_coba__off__seed44/best_validation__dc3001cef907/run.jsonl	643
.pingstore/runs/exp037-r001-compute/export/evidence/gold-2/state/experiments/exp037/perturb/add_32.0_ping__off__seed42/best_validation__6c7c0d72788c/config.json	2145
.pingstore/runs/exp037-r001-compute/export/evidence/gold-2/state/experiments/exp037/perturb/add_32.0_ping__off__seed42/best_validation__6c7c0d72788c/metrics.json	832
.pingstore/runs/exp037-r001-compute/export/evidence/gold-2/state/experiments/exp037/perturb/add_32.0_ping__off__seed42/best_validation__6c7c0d72788c/output.log	1183
.pingstore/runs/exp037-r001-compute/export/evidence/gold-2/state/experiments/exp037/perturb/add_32.0_ping__off__seed42/best_validation__6c7c0d72788c/run.jsonl	643
.pingstore/runs/exp037-r001-compute/export/evidence/gold-2/state/experiments/exp037/perturb/add_32.0_ping__off__seed43/best_validation__a4c856ac3475/config.json	2145
.pingstore/runs/exp037-r001-compute/export/evidence/gold-2/state/experiments/exp037/perturb/add_32.0_ping__off__seed43/best_validation__a4c856ac3475/metrics.json	830
.pingstore/runs/exp037-r001-compute/export/evidence/gold-2/state/experiments/exp037/perturb/add_32.0_ping__off__seed43/best_validation__a4c856ac3475/output.log	1183
.pingstore/runs/exp037-r001-compute/export/evidence/gold-2/state/experiments/exp037/perturb/add_32.0_ping__off__seed43/best_validation__a4c856ac3475/run.jsonl	642
.pingstore/runs/exp037-r001-compute/export/evidence/gold-2/state/experiments/exp037/perturb/add_32.0_ping__off__seed44/best_validation__3c3ae807674a/config.json	2145
.pingstore/runs/exp037-r001-compute/export/evidence/gold-2/state/experiments/exp037/perturb/add_32.0_ping__off__seed44/best_validation__3c3ae807674a/metrics.json	830
.pingstore/runs/exp037-r001-compute/export/evidence/gold-2/state/experiments/exp037/perturb/add_32.0_ping__off__seed44/best_validation__3c3ae807674a/output.log	1181
.pingstore/runs/exp037-r001-compute/export/evidence/gold-2/state/experiments/exp037/perturb/add_32.0_ping__off__seed44/best_validation__3c3ae807674a/run.jsonl	644
.pingstore/runs/exp037-r001-compute/export/evidence/gold-2/state/experiments/exp037/perturb/add_34.0_coba__off__seed42/best_validation__ffba4cf4f0b8/config.json	2145
.pingstore/runs/exp037-r001-compute/export/evidence/gold-2/state/experiments/exp037/perturb/add_34.0_coba__off__seed42/best_validation__ffba4cf4f0b8/metrics.json	833
.pingstore/runs/exp037-r001-compute/export/evidence/gold-2/state/experiments/exp037/perturb/add_34.0_coba__off__seed42/best_validation__ffba4cf4f0b8/output.log	1184
.pingstore/runs/exp037-r001-compute/export/evidence/gold-2/state/experiments/exp037/perturb/add_34.0_coba__off__seed42/best_validation__ffba4cf4f0b8/run.jsonl	643
.pingstore/runs/exp037-r001-compute/export/evidence/gold-2/state/experiments/exp037/perturb/add_34.0_coba__off__seed43/best_validation__b55b27948826/config.json	2145
.pingstore/runs/exp037-r001-compute/export/evidence/gold-2/state/experiments/exp037/perturb/add_34.0_coba__off__seed43/best_validation__b55b27948826/metrics.json	833
.pingstore/runs/exp037-r001-compute/export/evidence/gold-2/state/experiments/exp037/perturb/add_34.0_coba__off__seed43/best_validation__b55b27948826/output.log	1184
.pingstore/runs/exp037-r001-compute/export/evidence/gold-2/state/experiments/exp037/perturb/add_34.0_coba__off__seed43/best_validation__b55b27948826/run.jsonl	643
.pingstore/runs/exp037-r001-compute/export/evidence/gold-2/state/experiments/exp037/perturb/add_34.0_coba__off__seed44/best_validation__dc3001cef907/config.json	2145
.pingstore/runs/exp037-r001-compute/export/evidence/gold-2/state/experiments/exp037/perturb/add_34.0_coba__off__seed44/best_validation__dc3001cef907/metrics.json	835
.pingstore/runs/exp037-r001-compute/export/evidence/gold-2/state/experiments/exp037/perturb/add_34.0_coba__off__seed44/best_validation__dc3001cef907/output.log	1184
.pingstore/runs/exp037-r001-compute/export/evidence/gold-2/state/experiments/exp037/perturb/add_34.0_coba__off__seed44/best_validation__dc3001cef907/run.jsonl	644
.pingstore/runs/exp037-r001-compute/export/evidence/gold-2/state/experiments/exp037/perturb/add_34.0_ping__off__seed42/best_validation__6c7c0d72788c/config.json	2145
.pingstore/runs/exp037-r001-compute/export/evidence/gold-2/state/experiments/exp037/perturb/add_34.0_ping__off__seed42/best_validation__6c7c0d72788c/metrics.json	831
.pingstore/runs/exp037-r001-compute/export/evidence/gold-2/state/experiments/exp037/perturb/add_34.0_ping__off__seed42/best_validation__6c7c0d72788c/output.log	1183
.pingstore/runs/exp037-r001-compute/export/evidence/gold-2/state/experiments/exp037/perturb/add_34.0_ping__off__seed42/best_validation__6c7c0d72788c/run.jsonl	643
.pingstore/runs/exp037-r001-compute/export/evidence/gold-2/state/experiments/exp037/perturb/add_34.0_ping__off__seed43/best_validation__a4c856ac3475/config.json	2145
.pingstore/runs/exp037-r001-compute/export/evidence/gold-2/state/experiments/exp037/perturb/add_34.0_ping__off__seed43/best_validation__a4c856ac3475/metrics.json	832
.pingstore/runs/exp037-r001-compute/export/evidence/gold-2/state/experiments/exp037/perturb/add_34.0_ping__off__seed43/best_validation__a4c856ac3475/output.log	1183
.pingstore/runs/exp037-r001-compute/export/evidence/gold-2/state/experiments/exp037/perturb/add_34.0_ping__off__seed43/best_validation__a4c856ac3475/run.jsonl	644
.pingstore/runs/exp037-r001-compute/export/evidence/gold-2/state/experiments/exp037/perturb/add_34.0_ping__off__seed44/best_validation__3c3ae807674a/config.json	2145
.pingstore/runs/exp037-r001-compute/export/evidence/gold-2/state/experiments/exp037/perturb/add_34.0_ping__off__seed44/best_validation__3c3ae807674a/metrics.json	831
.pingstore/runs/exp037-r001-compute/export/evidence/gold-2/state/experiments/exp037/perturb/add_34.0_ping__off__seed44/best_validation__3c3ae807674a/output.log	1181
.pingstore/runs/exp037-r001-compute/export/evidence/gold-2/state/experiments/exp037/perturb/add_34.0_ping__off__seed44/best_validation__3c3ae807674a/run.jsonl	644
.pingstore/runs/exp037-r001-compute/export/evidence/gold-2/state/experiments/exp037/perturb/add_36.0_coba__off__seed42/best_validation__ffba4cf4f0b8/config.json	2145
.pingstore/runs/exp037-r001-compute/export/evidence/gold-2/state/experiments/exp037/perturb/add_36.0_coba__off__seed42/best_validation__ffba4cf4f0b8/metrics.json	833
.pingstore/runs/exp037-r001-compute/export/evidence/gold-2/state/experiments/exp037/perturb/add_36.0_coba__off__seed42/best_validation__ffba4cf4f0b8/output.log	1184
.pingstore/runs/exp037-r001-compute/export/evidence/gold-2/state/experiments/exp037/perturb/add_36.0_coba__off__seed42/best_validation__ffba4cf4f0b8/run.jsonl	643
.pingstore/runs/exp037-r001-compute/export/evidence/gold-2/state/experiments/exp037/perturb/add_36.0_coba__off__seed43/best_validation__b55b27948826/config.json	2145
.pingstore/runs/exp037-r001-compute/export/evidence/gold-2/state/experiments/exp037/perturb/add_36.0_coba__off__seed43/best_validation__b55b27948826/metrics.json	830
.pingstore/runs/exp037-r001-compute/export/evidence/gold-2/state/experiments/exp037/perturb/add_36.0_coba__off__seed43/best_validation__b55b27948826/output.log	1184
.pingstore/runs/exp037-r001-compute/export/evidence/gold-2/state/experiments/exp037/perturb/add_36.0_coba__off__seed43/best_validation__b55b27948826/run.jsonl	643
.pingstore/runs/exp037-r001-compute/export/evidence/gold-2/state/experiments/exp037/perturb/add_36.0_coba__off__seed44/best_validation__dc3001cef907/config.json	2145
.pingstore/runs/exp037-r001-compute/export/evidence/gold-2/state/experiments/exp037/perturb/add_36.0_coba__off__seed44/best_validation__dc3001cef907/metrics.json	832
.pingstore/runs/exp037-r001-compute/export/evidence/gold-2/state/experiments/exp037/perturb/add_36.0_coba__off__seed44/best_validation__dc3001cef907/output.log	1184
.pingstore/runs/exp037-r001-compute/export/evidence/gold-2/state/experiments/exp037/perturb/add_36.0_coba__off__seed44/best_validation__dc3001cef907/run.jsonl	643
.pingstore/runs/exp037-r001-compute/export/evidence/gold-2/state/experiments/exp037/perturb/add_36.0_ping__off__seed42/best_validation__6c7c0d72788c/config.json	2145
.pingstore/runs/exp037-r001-compute/export/evidence/gold-2/state/experiments/exp037/perturb/add_36.0_ping__off__seed42/best_validation__6c7c0d72788c/metrics.json	831
.pingstore/runs/exp037-r001-compute/export/evidence/gold-2/state/experiments/exp037/perturb/add_36.0_ping__off__seed42/best_validation__6c7c0d72788c/output.log	1183
.pingstore/runs/exp037-r001-compute/export/evidence/gold-2/state/experiments/exp037/perturb/add_36.0_ping__off__seed42/best_validation__6c7c0d72788c/run.jsonl	643
.pingstore/runs/exp037-r001-compute/export/evidence/gold-2/state/experiments/exp037/perturb/add_36.0_ping__off__seed43/best_validation__a4c856ac3475/config.json	2145
.pingstore/runs/exp037-r001-compute/export/evidence/gold-2/state/experiments/exp037/perturb/add_36.0_ping__off__seed43/best_validation__a4c856ac3475/metrics.json	833
.pingstore/runs/exp037-r001-compute/export/evidence/gold-2/state/experiments/exp037/perturb/add_36.0_ping__off__seed43/best_validation__a4c856ac3475/output.log	1183
.pingstore/runs/exp037-r001-compute/export/evidence/gold-2/state/experiments/exp037/perturb/add_36.0_ping__off__seed43/best_validation__a4c856ac3475/run.jsonl	643
.pingstore/runs/exp037-r001-compute/export/evidence/gold-2/state/experiments/exp037/perturb/add_36.0_ping__off__seed44/best_validation__3c3ae807674a/config.json	2145
.pingstore/runs/exp037-r001-compute/export/evidence/gold-2/state/experiments/exp037/perturb/add_36.0_ping__off__seed44/best_validation__3c3ae807674a/metrics.json	823
.pingstore/runs/exp037-r001-compute/export/evidence/gold-2/state/experiments/exp037/perturb/add_36.0_ping__off__seed44/best_validation__3c3ae807674a/output.log	1181
.pingstore/runs/exp037-r001-compute/export/evidence/gold-2/state/experiments/exp037/perturb/add_36.0_ping__off__seed44/best_validation__3c3ae807674a/run.jsonl	642
.pingstore/runs/exp037-r001-compute/export/evidence/gold-2/state/experiments/exp037/perturb/add_38.0_coba__off__seed42/best_validation__ffba4cf4f0b8/config.json	2145
.pingstore/runs/exp037-r001-compute/export/evidence/gold-2/state/experiments/exp037/perturb/add_38.0_coba__off__seed42/best_validation__ffba4cf4f0b8/metrics.json	832
.pingstore/runs/exp037-r001-compute/export/evidence/gold-2/state/experiments/exp037/perturb/add_38.0_coba__off__seed42/best_validation__ffba4cf4f0b8/output.log	1184
.pingstore/runs/exp037-r001-compute/export/evidence/gold-2/state/experiments/exp037/perturb/add_38.0_coba__off__seed42/best_validation__ffba4cf4f0b8/run.jsonl	643
.pingstore/runs/exp037-r001-compute/export/evidence/gold-2/state/experiments/exp037/perturb/add_38.0_coba__off__seed43/best_validation__b55b27948826/config.json	2145
.pingstore/runs/exp037-r001-compute/export/evidence/gold-2/state/experiments/exp037/perturb/add_38.0_coba__off__seed43/best_validation__b55b27948826/metrics.json	831
.pingstore/runs/exp037-r001-compute/export/evidence/gold-2/state/experiments/exp037/perturb/add_38.0_coba__off__seed43/best_validation__b55b27948826/output.log	1184
.pingstore/runs/exp037-r001-compute/export/evidence/gold-2/state/experiments/exp037/perturb/add_38.0_coba__off__seed43/best_validation__b55b27948826/run.jsonl	644
.pingstore/runs/exp037-r001-compute/export/evidence/gold-2/state/experiments/exp037/perturb/add_38.0_coba__off__seed44/best_validation__dc3001cef907/config.json	2145
.pingstore/runs/exp037-r001-compute/export/evidence/gold-2/state/experiments/exp037/perturb/add_38.0_coba__off__seed44/best_validation__dc3001cef907/metrics.json	832
.pingstore/runs/exp037-r001-compute/export/evidence/gold-2/state/experiments/exp037/perturb/add_38.0_coba__off__seed44/best_validation__dc3001cef907/output.log	1184
.pingstore/runs/exp037-r001-compute/export/evidence/gold-2/state/experiments/exp037/perturb/add_38.0_coba__off__seed44/best_validation__dc3001cef907/run.jsonl	644
.pingstore/runs/exp037-r001-compute/export/evidence/gold-2/state/experiments/exp037/perturb/add_38.0_ping__off__seed42/best_validation__6c7c0d72788c/config.json	2145
.pingstore/runs/exp037-r001-compute/export/evidence/gold-2/state/experiments/exp037/perturb/add_38.0_ping__off__seed42/best_validation__6c7c0d72788c/metrics.json	830
.pingstore/runs/exp037-r001-compute/export/evidence/gold-2/state/experiments/exp037/perturb/add_38.0_ping__off__seed42/best_validation__6c7c0d72788c/output.log	1183
.pingstore/runs/exp037-r001-compute/export/evidence/gold-2/state/experiments/exp037/perturb/add_38.0_ping__off__seed42/best_validation__6c7c0d72788c/run.jsonl	643
.pingstore/runs/exp037-r001-compute/export/evidence/gold-2/state/experiments/exp037/perturb/add_38.0_ping__off__seed43/best_validation__a4c856ac3475/config.json	2145
.pingstore/runs/exp037-r001-compute/export/evidence/gold-2/state/experiments/exp037/perturb/add_38.0_ping__off__seed43/best_validation__a4c856ac3475/metrics.json	828
.pingstore/runs/exp037-r001-compute/export/evidence/gold-2/state/experiments/exp037/perturb/add_38.0_ping__off__seed43/best_validation__a4c856ac3475/output.log	1183
.pingstore/runs/exp037-r001-compute/export/evidence/gold-2/state/experiments/exp037/perturb/add_38.0_ping__off__seed43/best_validation__a4c856ac3475/run.jsonl	644
.pingstore/runs/exp037-r001-compute/export/evidence/gold-2/state/experiments/exp037/perturb/add_38.0_ping__off__seed44/best_validation__3c3ae807674a/config.json	2145
.pingstore/runs/exp037-r001-compute/export/evidence/gold-2/state/experiments/exp037/perturb/add_38.0_ping__off__seed44/best_validation__3c3ae807674a/metrics.json	827
.pingstore/runs/exp037-r001-compute/export/evidence/gold-2/state/experiments/exp037/perturb/add_38.0_ping__off__seed44/best_validation__3c3ae807674a/output.log	1181
.pingstore/runs/exp037-r001-compute/export/evidence/gold-2/state/experiments/exp037/perturb/add_38.0_ping__off__seed44/best_validation__3c3ae807674a/run.jsonl	643
.pingstore/runs/exp037-r001-compute/export/evidence/gold-2/state/experiments/exp037/perturb/add_4.0_coba__off__seed42/best_validation__ffba4cf4f0b8/config.json	2143
.pingstore/runs/exp037-r001-compute/export/evidence/gold-2/state/experiments/exp037/perturb/add_4.0_coba__off__seed42/best_validation__ffba4cf4f0b8/metrics.json	832
.pingstore/runs/exp037-r001-compute/export/evidence/gold-2/state/experiments/exp037/perturb/add_4.0_coba__off__seed42/best_validation__ffba4cf4f0b8/output.log	1182
.pingstore/runs/exp037-r001-compute/export/evidence/gold-2/state/experiments/exp037/perturb/add_4.0_coba__off__seed42/best_validation__ffba4cf4f0b8/run.jsonl	643
.pingstore/runs/exp037-r001-compute/export/evidence/gold-2/state/experiments/exp037/perturb/add_4.0_coba__off__seed43/best_validation__b55b27948826/config.json	2143
.pingstore/runs/exp037-r001-compute/export/evidence/gold-2/state/experiments/exp037/perturb/add_4.0_coba__off__seed43/best_validation__b55b27948826/metrics.json	827
.pingstore/runs/exp037-r001-compute/export/evidence/gold-2/state/experiments/exp037/perturb/add_4.0_coba__off__seed43/best_validation__b55b27948826/output.log	1182
.pingstore/runs/exp037-r001-compute/export/evidence/gold-2/state/experiments/exp037/perturb/add_4.0_coba__off__seed43/best_validation__b55b27948826/run.jsonl	644
.pingstore/runs/exp037-r001-compute/export/evidence/gold-2/state/experiments/exp037/perturb/add_4.0_coba__off__seed44/best_validation__dc3001cef907/config.json	2143
.pingstore/runs/exp037-r001-compute/export/evidence/gold-2/state/experiments/exp037/perturb/add_4.0_coba__off__seed44/best_validation__dc3001cef907/metrics.json	832
.pingstore/runs/exp037-r001-compute/export/evidence/gold-2/state/experiments/exp037/perturb/add_4.0_coba__off__seed44/best_validation__dc3001cef907/output.log	1182
.pingstore/runs/exp037-r001-compute/export/evidence/gold-2/state/experiments/exp037/perturb/add_4.0_coba__off__seed44/best_validation__dc3001cef907/run.jsonl	643
.pingstore/runs/exp037-r001-compute/export/evidence/gold-2/state/experiments/exp037/perturb/add_4.0_ping__off__seed42/best_validation__6c7c0d72788c/config.json	2143
.pingstore/runs/exp037-r001-compute/export/evidence/gold-2/state/experiments/exp037/perturb/add_4.0_ping__off__seed42/best_validation__6c7c0d72788c/metrics.json	833
.pingstore/runs/exp037-r001-compute/export/evidence/gold-2/state/experiments/exp037/perturb/add_4.0_ping__off__seed42/best_validation__6c7c0d72788c/output.log	1181
.pingstore/runs/exp037-r001-compute/export/evidence/gold-2/state/experiments/exp037/perturb/add_4.0_ping__off__seed42/best_validation__6c7c0d72788c/run.jsonl	644
.pingstore/runs/exp037-r001-compute/export/evidence/gold-2/state/experiments/exp037/perturb/add_4.0_ping__off__seed43/best_validation__a4c856ac3475/config.json	2143
.pingstore/runs/exp037-r001-compute/export/evidence/gold-2/state/experiments/exp037/perturb/add_4.0_ping__off__seed43/best_validation__a4c856ac3475/metrics.json	832
.pingstore/runs/exp037-r001-compute/export/evidence/gold-2/state/experiments/exp037/perturb/add_4.0_ping__off__seed43/best_validation__a4c856ac3475/output.log	1181
.pingstore/runs/exp037-r001-compute/export/evidence/gold-2/state/experiments/exp037/perturb/add_4.0_ping__off__seed43/best_validation__a4c856ac3475/run.jsonl	643
.pingstore/runs/exp037-r001-compute/export/evidence/gold-2/state/experiments/exp037/perturb/add_4.0_ping__off__seed44/best_validation__3c3ae807674a/config.json	2143
.pingstore/runs/exp037-r001-compute/export/evidence/gold-2/state/experiments/exp037/perturb/add_4.0_ping__off__seed44/best_validation__3c3ae807674a/metrics.json	829
.pingstore/runs/exp037-r001-compute/export/evidence/gold-2/state/experiments/exp037/perturb/add_4.0_ping__off__seed44/best_validation__3c3ae807674a/output.log	1181
.pingstore/runs/exp037-r001-compute/export/evidence/gold-2/state/experiments/exp037/perturb/add_4.0_ping__off__seed44/best_validation__3c3ae807674a/run.jsonl	643
.pingstore/runs/exp037-r001-compute/export/evidence/gold-2/state/experiments/exp037/perturb/add_40.0_coba__off__seed42/best_validation__ffba4cf4f0b8/config.json	2145
.pingstore/runs/exp037-r001-compute/export/evidence/gold-2/state/experiments/exp037/perturb/add_40.0_coba__off__seed42/best_validation__ffba4cf4f0b8/metrics.json	834
.pingstore/runs/exp037-r001-compute/export/evidence/gold-2/state/experiments/exp037/perturb/add_40.0_coba__off__seed42/best_validation__ffba4cf4f0b8/output.log	1184
.pingstore/runs/exp037-r001-compute/export/evidence/gold-2/state/experiments/exp037/perturb/add_40.0_coba__off__seed42/best_validation__ffba4cf4f0b8/run.jsonl	643
.pingstore/runs/exp037-r001-compute/export/evidence/gold-2/state/experiments/exp037/perturb/add_40.0_coba__off__seed43/best_validation__b55b27948826/config.json	2145
.pingstore/runs/exp037-r001-compute/export/evidence/gold-2/state/experiments/exp037/perturb/add_40.0_coba__off__seed43/best_validation__b55b27948826/metrics.json	832
.pingstore/runs/exp037-r001-compute/export/evidence/gold-2/state/experiments/exp037/perturb/add_40.0_coba__off__seed43/best_validation__b55b27948826/output.log	1184
.pingstore/runs/exp037-r001-compute/export/evidence/gold-2/state/experiments/exp037/perturb/add_40.0_coba__off__seed43/best_validation__b55b27948826/run.jsonl	643
.pingstore/runs/exp037-r001-compute/export/evidence/gold-2/state/experiments/exp037/perturb/add_40.0_coba__off__seed44/best_validation__dc3001cef907/config.json	2145
.pingstore/runs/exp037-r001-compute/export/evidence/gold-2/state/experiments/exp037/perturb/add_40.0_coba__off__seed44/best_validation__dc3001cef907/metrics.json	834
.pingstore/runs/exp037-r001-compute/export/evidence/gold-2/state/experiments/exp037/perturb/add_40.0_coba__off__seed44/best_validation__dc3001cef907/output.log	1184
.pingstore/runs/exp037-r001-compute/export/evidence/gold-2/state/experiments/exp037/perturb/add_40.0_coba__off__seed44/best_validation__dc3001cef907/run.jsonl	643
.pingstore/runs/exp037-r001-compute/export/evidence/gold-2/state/experiments/exp037/perturb/add_40.0_ping__off__seed42/best_validation__6c7c0d72788c/config.json	2145
.pingstore/runs/exp037-r001-compute/export/evidence/gold-2/state/experiments/exp037/perturb/add_40.0_ping__off__seed42/best_validation__6c7c0d72788c/metrics.json	832
.pingstore/runs/exp037-r001-compute/export/evidence/gold-2/state/experiments/exp037/perturb/add_40.0_ping__off__seed42/best_validation__6c7c0d72788c/output.log	1183
.pingstore/runs/exp037-r001-compute/export/evidence/gold-2/state/experiments/exp037/perturb/add_40.0_ping__off__seed42/best_validation__6c7c0d72788c/run.jsonl	643
.pingstore/runs/exp037-r001-compute/export/evidence/gold-2/state/experiments/exp037/perturb/add_40.0_ping__off__seed43/best_validation__a4c856ac3475/config.json	2145
.pingstore/runs/exp037-r001-compute/export/evidence/gold-2/state/experiments/exp037/perturb/add_40.0_ping__off__seed43/best_validation__a4c856ac3475/metrics.json	830
.pingstore/runs/exp037-r001-compute/export/evidence/gold-2/state/experiments/exp037/perturb/add_40.0_ping__off__seed43/best_validation__a4c856ac3475/output.log	1183
.pingstore/runs/exp037-r001-compute/export/evidence/gold-2/state/experiments/exp037/perturb/add_40.0_ping__off__seed43/best_validation__a4c856ac3475/run.jsonl	644
.pingstore/runs/exp037-r001-compute/export/evidence/gold-2/state/experiments/exp037/perturb/add_40.0_ping__off__seed44/best_validation__3c3ae807674a/config.json	2145
.pingstore/runs/exp037-r001-compute/export/evidence/gold-2/state/experiments/exp037/perturb/add_40.0_ping__off__seed44/best_validation__3c3ae807674a/metrics.json	831
.pingstore/runs/exp037-r001-compute/export/evidence/gold-2/state/experiments/exp037/perturb/add_40.0_ping__off__seed44/best_validation__3c3ae807674a/output.log	1181
.pingstore/runs/exp037-r001-compute/export/evidence/gold-2/state/experiments/exp037/perturb/add_40.0_ping__off__seed44/best_validation__3c3ae807674a/run.jsonl	643
.pingstore/runs/exp037-r001-compute/export/evidence/gold-2/state/experiments/exp037/perturb/add_6.0_coba__off__seed42/best_validation__ffba4cf4f0b8/config.json	2143
.pingstore/runs/exp037-r001-compute/export/evidence/gold-2/state/experiments/exp037/perturb/add_6.0_coba__off__seed42/best_validation__ffba4cf4f0b8/metrics.json	834
.pingstore/runs/exp037-r001-compute/export/evidence/gold-2/state/experiments/exp037/perturb/add_6.0_coba__off__seed42/best_validation__ffba4cf4f0b8/output.log	1182
.pingstore/runs/exp037-r001-compute/export/evidence/gold-2/state/experiments/exp037/perturb/add_6.0_coba__off__seed42/best_validation__ffba4cf4f0b8/run.jsonl	643
.pingstore/runs/exp037-r001-compute/export/evidence/gold-2/state/experiments/exp037/perturb/add_6.0_coba__off__seed43/best_validation__b55b27948826/config.json	2143
.pingstore/runs/exp037-r001-compute/export/evidence/gold-2/state/experiments/exp037/perturb/add_6.0_coba__off__seed43/best_validation__b55b27948826/metrics.json	830
.pingstore/runs/exp037-r001-compute/export/evidence/gold-2/state/experiments/exp037/perturb/add_6.0_coba__off__seed43/best_validation__b55b27948826/output.log	1182
.pingstore/runs/exp037-r001-compute/export/evidence/gold-2/state/experiments/exp037/perturb/add_6.0_coba__off__seed43/best_validation__b55b27948826/run.jsonl	643
.pingstore/runs/exp037-r001-compute/export/evidence/gold-2/state/experiments/exp037/perturb/add_6.0_coba__off__seed44/best_validation__dc3001cef907/config.json	2143
.pingstore/runs/exp037-r001-compute/export/evidence/gold-2/state/experiments/exp037/perturb/add_6.0_coba__off__seed44/best_validation__dc3001cef907/metrics.json	832
.pingstore/runs/exp037-r001-compute/export/evidence/gold-2/state/experiments/exp037/perturb/add_6.0_coba__off__seed44/best_validation__dc3001cef907/output.log	1182
.pingstore/runs/exp037-r001-compute/export/evidence/gold-2/state/experiments/exp037/perturb/add_6.0_coba__off__seed44/best_validation__dc3001cef907/run.jsonl	643
.pingstore/runs/exp037-r001-compute/export/evidence/gold-2/state/experiments/exp037/perturb/add_6.0_ping__off__seed42/best_validation__6c7c0d72788c/config.json	2143
.pingstore/runs/exp037-r001-compute/export/evidence/gold-2/state/experiments/exp037/perturb/add_6.0_ping__off__seed42/best_validation__6c7c0d72788c/metrics.json	826
.pingstore/runs/exp037-r001-compute/export/evidence/gold-2/state/experiments/exp037/perturb/add_6.0_ping__off__seed42/best_validation__6c7c0d72788c/output.log	1181
.pingstore/runs/exp037-r001-compute/export/evidence/gold-2/state/experiments/exp037/perturb/add_6.0_ping__off__seed42/best_validation__6c7c0d72788c/run.jsonl	644
.pingstore/runs/exp037-r001-compute/export/evidence/gold-2/state/experiments/exp037/perturb/add_6.0_ping__off__seed43/best_validation__a4c856ac3475/config.json	2143
.pingstore/runs/exp037-r001-compute/export/evidence/gold-2/state/experiments/exp037/perturb/add_6.0_ping__off__seed43/best_validation__a4c856ac3475/metrics.json	829
.pingstore/runs/exp037-r001-compute/export/evidence/gold-2/state/experiments/exp037/perturb/add_6.0_ping__off__seed43/best_validation__a4c856ac3475/output.log	1181
.pingstore/runs/exp037-r001-compute/export/evidence/gold-2/state/experiments/exp037/perturb/add_6.0_ping__off__seed43/best_validation__a4c856ac3475/run.jsonl	643
.pingstore/runs/exp037-r001-compute/export/evidence/gold-2/state/experiments/exp037/perturb/add_6.0_ping__off__seed44/best_validation__3c3ae807674a/config.json	2143
.pingstore/runs/exp037-r001-compute/export/evidence/gold-2/state/experiments/exp037/perturb/add_6.0_ping__off__seed44/best_validation__3c3ae807674a/metrics.json	832
.pingstore/runs/exp037-r001-compute/export/evidence/gold-2/state/experiments/exp037/perturb/add_6.0_ping__off__seed44/best_validation__3c3ae807674a/output.log	1181
.pingstore/runs/exp037-r001-compute/export/evidence/gold-2/state/experiments/exp037/perturb/add_6.0_ping__off__seed44/best_validation__3c3ae807674a/run.jsonl	643
.pingstore/runs/exp037-r001-compute/export/evidence/gold-2/state/experiments/exp037/perturb/add_8.0_coba__off__seed42/best_validation__ffba4cf4f0b8/config.json	2143
.pingstore/runs/exp037-r001-compute/export/evidence/gold-2/state/experiments/exp037/perturb/add_8.0_coba__off__seed42/best_validation__ffba4cf4f0b8/metrics.json	833
.pingstore/runs/exp037-r001-compute/export/evidence/gold-2/state/experiments/exp037/perturb/add_8.0_coba__off__seed42/best_validation__ffba4cf4f0b8/output.log	1182
.pingstore/runs/exp037-r001-compute/export/evidence/gold-2/state/experiments/exp037/perturb/add_8.0_coba__off__seed42/best_validation__ffba4cf4f0b8/run.jsonl	643
.pingstore/runs/exp037-r001-compute/export/evidence/gold-2/state/experiments/exp037/perturb/add_8.0_coba__off__seed43/best_validation__b55b27948826/config.json	2143
.pingstore/runs/exp037-r001-compute/export/evidence/gold-2/state/experiments/exp037/perturb/add_8.0_coba__off__seed43/best_validation__b55b27948826/metrics.json	831
.pingstore/runs/exp037-r001-compute/export/evidence/gold-2/state/experiments/exp037/perturb/add_8.0_coba__off__seed43/best_validation__b55b27948826/output.log	1182
.pingstore/runs/exp037-r001-compute/export/evidence/gold-2/state/experiments/exp037/perturb/add_8.0_coba__off__seed43/best_validation__b55b27948826/run.jsonl	643
.pingstore/runs/exp037-r001-compute/export/evidence/gold-2/state/experiments/exp037/perturb/add_8.0_coba__off__seed44/best_validation__dc3001cef907/config.json	2143
.pingstore/runs/exp037-r001-compute/export/evidence/gold-2/state/experiments/exp037/perturb/add_8.0_coba__off__seed44/best_validation__dc3001cef907/metrics.json	830
.pingstore/runs/exp037-r001-compute/export/evidence/gold-2/state/experiments/exp037/perturb/add_8.0_coba__off__seed44/best_validation__dc3001cef907/output.log	1182
.pingstore/runs/exp037-r001-compute/export/evidence/gold-2/state/experiments/exp037/perturb/add_8.0_coba__off__seed44/best_validation__dc3001cef907/run.jsonl	643
.pingstore/runs/exp037-r001-compute/export/evidence/gold-2/state/experiments/exp037/perturb/add_8.0_ping__off__seed42/best_validation__6c7c0d72788c/config.json	2143
.pingstore/runs/exp037-r001-compute/export/evidence/gold-2/state/experiments/exp037/perturb/add_8.0_ping__off__seed42/best_validation__6c7c0d72788c/metrics.json	833
.pingstore/runs/exp037-r001-compute/export/evidence/gold-2/state/experiments/exp037/perturb/add_8.0_ping__off__seed42/best_validation__6c7c0d72788c/output.log	1181
.pingstore/runs/exp037-r001-compute/export/evidence/gold-2/state/experiments/exp037/perturb/add_8.0_ping__off__seed42/best_validation__6c7c0d72788c/run.jsonl	643
.pingstore/runs/exp037-r001-compute/export/evidence/gold-2/state/experiments/exp037/perturb/add_8.0_ping__off__seed43/best_validation__a4c856ac3475/config.json	2143
.pingstore/runs/exp037-r001-compute/export/evidence/gold-2/state/experiments/exp037/perturb/add_8.0_ping__off__seed43/best_validation__a4c856ac3475/metrics.json	831
.pingstore/runs/exp037-r001-compute/export/evidence/gold-2/state/experiments/exp037/perturb/add_8.0_ping__off__seed43/best_validation__a4c856ac3475/output.log	1181
.pingstore/runs/exp037-r001-compute/export/evidence/gold-2/state/experiments/exp037/perturb/add_8.0_ping__off__seed43/best_validation__a4c856ac3475/run.jsonl	643
.pingstore/runs/exp037-r001-compute/export/evidence/gold-2/state/experiments/exp037/perturb/add_8.0_ping__off__seed44/best_validation__3c3ae807674a/config.json	2143
.pingstore/runs/exp037-r001-compute/export/evidence/gold-2/state/experiments/exp037/perturb/add_8.0_ping__off__seed44/best_validation__3c3ae807674a/metrics.json	831
.pingstore/runs/exp037-r001-compute/export/evidence/gold-2/state/experiments/exp037/perturb/add_8.0_ping__off__seed44/best_validation__3c3ae807674a/output.log	1181
.pingstore/runs/exp037-r001-compute/export/evidence/gold-2/state/experiments/exp037/perturb/add_8.0_ping__off__seed44/best_validation__3c3ae807674a/run.jsonl	644
.pingstore/runs/exp037-r001-compute/export/evidence/gold-2/state/experiments/exp037/perturb/drop_0.0_coba__off__seed42/best_validation__ffba4cf4f0b8/config.json	2145
.pingstore/runs/exp037-r001-compute/export/evidence/gold-2/state/experiments/exp037/perturb/drop_0.0_coba__off__seed42/best_validation__ffba4cf4f0b8/metrics.json	821
.pingstore/runs/exp037-r001-compute/export/evidence/gold-2/state/experiments/exp037/perturb/drop_0.0_coba__off__seed42/best_validation__ffba4cf4f0b8/output.log	1186
.pingstore/runs/exp037-r001-compute/export/evidence/gold-2/state/experiments/exp037/perturb/drop_0.0_coba__off__seed42/best_validation__ffba4cf4f0b8/run.jsonl	643
.pingstore/runs/exp037-r001-compute/export/evidence/gold-2/state/experiments/exp037/perturb/drop_0.0_coba__off__seed43/best_validation__b55b27948826/config.json	2145
.pingstore/runs/exp037-r001-compute/export/evidence/gold-2/state/experiments/exp037/perturb/drop_0.0_coba__off__seed43/best_validation__b55b27948826/metrics.json	822
.pingstore/runs/exp037-r001-compute/export/evidence/gold-2/state/experiments/exp037/perturb/drop_0.0_coba__off__seed43/best_validation__b55b27948826/output.log	1184
.pingstore/runs/exp037-r001-compute/export/evidence/gold-2/state/experiments/exp037/perturb/drop_0.0_coba__off__seed43/best_validation__b55b27948826/run.jsonl	642
.pingstore/runs/exp037-r001-compute/export/evidence/gold-2/state/experiments/exp037/perturb/drop_0.0_coba__off__seed44/best_validation__dc3001cef907/config.json	2145
.pingstore/runs/exp037-r001-compute/export/evidence/gold-2/state/experiments/exp037/perturb/drop_0.0_coba__off__seed44/best_validation__dc3001cef907/metrics.json	822
.pingstore/runs/exp037-r001-compute/export/evidence/gold-2/state/experiments/exp037/perturb/drop_0.0_coba__off__seed44/best_validation__dc3001cef907/output.log	1184
.pingstore/runs/exp037-r001-compute/export/evidence/gold-2/state/experiments/exp037/perturb/drop_0.0_coba__off__seed44/best_validation__dc3001cef907/run.jsonl	644
.pingstore/runs/exp037-r001-compute/export/evidence/gold-2/state/experiments/exp037/perturb/drop_0.0_ping__off__seed42/best_validation__6c7c0d72788c/config.json	2145
.pingstore/runs/exp037-r001-compute/export/evidence/gold-2/state/experiments/exp037/perturb/drop_0.0_ping__off__seed42/best_validation__6c7c0d72788c/metrics.json	833
.pingstore/runs/exp037-r001-compute/export/evidence/gold-2/state/experiments/exp037/perturb/drop_0.0_ping__off__seed42/best_validation__6c7c0d72788c/output.log	1183
.pingstore/runs/exp037-r001-compute/export/evidence/gold-2/state/experiments/exp037/perturb/drop_0.0_ping__off__seed42/best_validation__6c7c0d72788c/run.jsonl	642
.pingstore/runs/exp037-r001-compute/export/evidence/gold-2/state/experiments/exp037/perturb/drop_0.0_ping__off__seed43/best_validation__a4c856ac3475/config.json	2145
.pingstore/runs/exp037-r001-compute/export/evidence/gold-2/state/experiments/exp037/perturb/drop_0.0_ping__off__seed43/best_validation__a4c856ac3475/metrics.json	831
.pingstore/runs/exp037-r001-compute/export/evidence/gold-2/state/experiments/exp037/perturb/drop_0.0_ping__off__seed43/best_validation__a4c856ac3475/output.log	1183
.pingstore/runs/exp037-r001-compute/export/evidence/gold-2/state/experiments/exp037/perturb/drop_0.0_ping__off__seed43/best_validation__a4c856ac3475/run.jsonl	643
.pingstore/runs/exp037-r001-compute/export/evidence/gold-2/state/experiments/exp037/perturb/drop_0.0_ping__off__seed44/best_validation__3c3ae807674a/config.json	2145
.pingstore/runs/exp037-r001-compute/export/evidence/gold-2/state/experiments/exp037/perturb/drop_0.0_ping__off__seed44/best_validation__3c3ae807674a/metrics.json	821
.pingstore/runs/exp037-r001-compute/export/evidence/gold-2/state/experiments/exp037/perturb/drop_0.0_ping__off__seed44/best_validation__3c3ae807674a/output.log	1183
.pingstore/runs/exp037-r001-compute/export/evidence/gold-2/state/experiments/exp037/perturb/drop_0.0_ping__off__seed44/best_validation__3c3ae807674a/run.jsonl	643
.pingstore/runs/exp037-r001-compute/export/evidence/gold-2/state/experiments/exp037/perturb/drop_0.1_coba__off__seed42/best_validation__ffba4cf4f0b8/config.json	2145
.pingstore/runs/exp037-r001-compute/export/evidence/gold-2/state/experiments/exp037/perturb/drop_0.1_coba__off__seed42/best_validation__ffba4cf4f0b8/metrics.json	820
.pingstore/runs/exp037-r001-compute/export/evidence/gold-2/state/experiments/exp037/perturb/drop_0.1_coba__off__seed42/best_validation__ffba4cf4f0b8/output.log	1185
.pingstore/runs/exp037-r001-compute/export/evidence/gold-2/state/experiments/exp037/perturb/drop_0.1_coba__off__seed42/best_validation__ffba4cf4f0b8/run.jsonl	643
.pingstore/runs/exp037-r001-compute/export/evidence/gold-2/state/experiments/exp037/perturb/drop_0.1_coba__off__seed43/best_validation__b55b27948826/config.json	2145
.pingstore/runs/exp037-r001-compute/export/evidence/gold-2/state/experiments/exp037/perturb/drop_0.1_coba__off__seed43/best_validation__b55b27948826/metrics.json	822
.pingstore/runs/exp037-r001-compute/export/evidence/gold-2/state/experiments/exp037/perturb/drop_0.1_coba__off__seed43/best_validation__b55b27948826/output.log	1184
.pingstore/runs/exp037-r001-compute/export/evidence/gold-2/state/experiments/exp037/perturb/drop_0.1_coba__off__seed43/best_validation__b55b27948826/run.jsonl	644
.pingstore/runs/exp037-r001-compute/export/evidence/gold-2/state/experiments/exp037/perturb/drop_0.1_coba__off__seed44/best_validation__dc3001cef907/config.json	2145
.pingstore/runs/exp037-r001-compute/export/evidence/gold-2/state/experiments/exp037/perturb/drop_0.1_coba__off__seed44/best_validation__dc3001cef907/metrics.json	820
.pingstore/runs/exp037-r001-compute/export/evidence/gold-2/state/experiments/exp037/perturb/drop_0.1_coba__off__seed44/best_validation__dc3001cef907/output.log	1184
.pingstore/runs/exp037-r001-compute/export/evidence/gold-2/state/experiments/exp037/perturb/drop_0.1_coba__off__seed44/best_validation__dc3001cef907/run.jsonl	642
.pingstore/runs/exp037-r001-compute/export/evidence/gold-2/state/experiments/exp037/perturb/drop_0.1_ping__off__seed42/best_validation__6c7c0d72788c/config.json	2145
.pingstore/runs/exp037-r001-compute/export/evidence/gold-2/state/experiments/exp037/perturb/drop_0.1_ping__off__seed42/best_validation__6c7c0d72788c/metrics.json	830
.pingstore/runs/exp037-r001-compute/export/evidence/gold-2/state/experiments/exp037/perturb/drop_0.1_ping__off__seed42/best_validation__6c7c0d72788c/output.log	1183
.pingstore/runs/exp037-r001-compute/export/evidence/gold-2/state/experiments/exp037/perturb/drop_0.1_ping__off__seed42/best_validation__6c7c0d72788c/run.jsonl	643
.pingstore/runs/exp037-r001-compute/export/evidence/gold-2/state/experiments/exp037/perturb/drop_0.1_ping__off__seed43/best_validation__a4c856ac3475/config.json	2145
.pingstore/runs/exp037-r001-compute/export/evidence/gold-2/state/experiments/exp037/perturb/drop_0.1_ping__off__seed43/best_validation__a4c856ac3475/metrics.json	824
.pingstore/runs/exp037-r001-compute/export/evidence/gold-2/state/experiments/exp037/perturb/drop_0.1_ping__off__seed43/best_validation__a4c856ac3475/output.log	1183
.pingstore/runs/exp037-r001-compute/export/evidence/gold-2/state/experiments/exp037/perturb/drop_0.1_ping__off__seed43/best_validation__a4c856ac3475/run.jsonl	643
.pingstore/runs/exp037-r001-compute/export/evidence/gold-2/state/experiments/exp037/perturb/drop_0.1_ping__off__seed44/best_validation__3c3ae807674a/config.json	2145
.pingstore/runs/exp037-r001-compute/export/evidence/gold-2/state/experiments/exp037/perturb/drop_0.1_ping__off__seed44/best_validation__3c3ae807674a/metrics.json	832
.pingstore/runs/exp037-r001-compute/export/evidence/gold-2/state/experiments/exp037/perturb/drop_0.1_ping__off__seed44/best_validation__3c3ae807674a/output.log	1183
.pingstore/runs/exp037-r001-compute/export/evidence/gold-2/state/experiments/exp037/perturb/drop_0.1_ping__off__seed44/best_validation__3c3ae807674a/run.jsonl	643
.pingstore/runs/exp037-r001-compute/export/evidence/gold-2/state/experiments/exp037/perturb/drop_0.2_coba__off__seed42/best_validation__ffba4cf4f0b8/config.json	2145
.pingstore/runs/exp037-r001-compute/export/evidence/gold-2/state/experiments/exp037/perturb/drop_0.2_coba__off__seed42/best_validation__ffba4cf4f0b8/metrics.json	820
.pingstore/runs/exp037-r001-compute/export/evidence/gold-2/state/experiments/exp037/perturb/drop_0.2_coba__off__seed42/best_validation__ffba4cf4f0b8/output.log	1183
.pingstore/runs/exp037-r001-compute/export/evidence/gold-2/state/experiments/exp037/perturb/drop_0.2_coba__off__seed42/best_validation__ffba4cf4f0b8/run.jsonl	643
.pingstore/runs/exp037-r001-compute/export/evidence/gold-2/state/experiments/exp037/perturb/drop_0.2_coba__off__seed43/best_validation__b55b27948826/config.json	2145
.pingstore/runs/exp037-r001-compute/export/evidence/gold-2/state/experiments/exp037/perturb/drop_0.2_coba__off__seed43/best_validation__b55b27948826/metrics.json	820
.pingstore/runs/exp037-r001-compute/export/evidence/gold-2/state/experiments/exp037/perturb/drop_0.2_coba__off__seed43/best_validation__b55b27948826/output.log	1183
.pingstore/runs/exp037-r001-compute/export/evidence/gold-2/state/experiments/exp037/perturb/drop_0.2_coba__off__seed43/best_validation__b55b27948826/run.jsonl	644
.pingstore/runs/exp037-r001-compute/export/evidence/gold-2/state/experiments/exp037/perturb/drop_0.2_coba__off__seed44/best_validation__dc3001cef907/config.json	2145
.pingstore/runs/exp037-r001-compute/export/evidence/gold-2/state/experiments/exp037/perturb/drop_0.2_coba__off__seed44/best_validation__dc3001cef907/metrics.json	818
.pingstore/runs/exp037-r001-compute/export/evidence/gold-2/state/experiments/exp037/perturb/drop_0.2_coba__off__seed44/best_validation__dc3001cef907/output.log	1183
.pingstore/runs/exp037-r001-compute/export/evidence/gold-2/state/experiments/exp037/perturb/drop_0.2_coba__off__seed44/best_validation__dc3001cef907/run.jsonl	643
.pingstore/runs/exp037-r001-compute/export/evidence/gold-2/state/experiments/exp037/perturb/drop_0.2_ping__off__seed42/best_validation__6c7c0d72788c/config.json	2145
.pingstore/runs/exp037-r001-compute/export/evidence/gold-2/state/experiments/exp037/perturb/drop_0.2_ping__off__seed42/best_validation__6c7c0d72788c/metrics.json	830
.pingstore/runs/exp037-r001-compute/export/evidence/gold-2/state/experiments/exp037/perturb/drop_0.2_ping__off__seed42/best_validation__6c7c0d72788c/output.log	1183
.pingstore/runs/exp037-r001-compute/export/evidence/gold-2/state/experiments/exp037/perturb/drop_0.2_ping__off__seed42/best_validation__6c7c0d72788c/run.jsonl	643
.pingstore/runs/exp037-r001-compute/export/evidence/gold-2/state/experiments/exp037/perturb/drop_0.2_ping__off__seed43/best_validation__a4c856ac3475/config.json	2145
.pingstore/runs/exp037-r001-compute/export/evidence/gold-2/state/experiments/exp037/perturb/drop_0.2_ping__off__seed43/best_validation__a4c856ac3475/metrics.json	829
.pingstore/runs/exp037-r001-compute/export/evidence/gold-2/state/experiments/exp037/perturb/drop_0.2_ping__off__seed43/best_validation__a4c856ac3475/output.log	1183
.pingstore/runs/exp037-r001-compute/export/evidence/gold-2/state/experiments/exp037/perturb/drop_0.2_ping__off__seed43/best_validation__a4c856ac3475/run.jsonl	643
.pingstore/runs/exp037-r001-compute/export/evidence/gold-2/state/experiments/exp037/perturb/drop_0.2_ping__off__seed44/best_validation__3c3ae807674a/config.json	2145
.pingstore/runs/exp037-r001-compute/export/evidence/gold-2/state/experiments/exp037/perturb/drop_0.2_ping__off__seed44/best_validation__3c3ae807674a/metrics.json	822
.pingstore/runs/exp037-r001-compute/export/evidence/gold-2/state/experiments/exp037/perturb/drop_0.2_ping__off__seed44/best_validation__3c3ae807674a/output.log	1183
.pingstore/runs/exp037-r001-compute/export/evidence/gold-2/state/experiments/exp037/perturb/drop_0.2_ping__off__seed44/best_validation__3c3ae807674a/run.jsonl	643
.pingstore/runs/exp037-r001-compute/export/evidence/gold-2/state/experiments/exp037/perturb/drop_0.3_coba__off__seed42/best_validation__ffba4cf4f0b8/config.json	2145
.pingstore/runs/exp037-r001-compute/export/evidence/gold-2/state/experiments/exp037/perturb/drop_0.3_coba__off__seed42/best_validation__ffba4cf4f0b8/metrics.json	816
.pingstore/runs/exp037-r001-compute/export/evidence/gold-2/state/experiments/exp037/perturb/drop_0.3_coba__off__seed42/best_validation__ffba4cf4f0b8/output.log	1185
.pingstore/runs/exp037-r001-compute/export/evidence/gold-2/state/experiments/exp037/perturb/drop_0.3_coba__off__seed42/best_validation__ffba4cf4f0b8/run.jsonl	644
.pingstore/runs/exp037-r001-compute/export/evidence/gold-2/state/experiments/exp037/perturb/drop_0.3_coba__off__seed43/best_validation__b55b27948826/config.json	2145
.pingstore/runs/exp037-r001-compute/export/evidence/gold-2/state/experiments/exp037/perturb/drop_0.3_coba__off__seed43/best_validation__b55b27948826/metrics.json	809
.pingstore/runs/exp037-r001-compute/export/evidence/gold-2/state/experiments/exp037/perturb/drop_0.3_coba__off__seed43/best_validation__b55b27948826/output.log	1183
.pingstore/runs/exp037-r001-compute/export/evidence/gold-2/state/experiments/exp037/perturb/drop_0.3_coba__off__seed43/best_validation__b55b27948826/run.jsonl	643
.pingstore/runs/exp037-r001-compute/export/evidence/gold-2/state/experiments/exp037/perturb/drop_0.3_coba__off__seed44/best_validation__dc3001cef907/config.json	2145
.pingstore/runs/exp037-r001-compute/export/evidence/gold-2/state/experiments/exp037/perturb/drop_0.3_coba__off__seed44/best_validation__dc3001cef907/metrics.json	821
.pingstore/runs/exp037-r001-compute/export/evidence/gold-2/state/experiments/exp037/perturb/drop_0.3_coba__off__seed44/best_validation__dc3001cef907/output.log	1183
.pingstore/runs/exp037-r001-compute/export/evidence/gold-2/state/experiments/exp037/perturb/drop_0.3_coba__off__seed44/best_validation__dc3001cef907/run.jsonl	643
.pingstore/runs/exp037-r001-compute/export/evidence/gold-2/state/experiments/exp037/perturb/drop_0.3_ping__off__seed42/best_validation__6c7c0d72788c/config.json	2145
.pingstore/runs/exp037-r001-compute/export/evidence/gold-2/state/experiments/exp037/perturb/drop_0.3_ping__off__seed42/best_validation__6c7c0d72788c/metrics.json	822
.pingstore/runs/exp037-r001-compute/export/evidence/gold-2/state/experiments/exp037/perturb/drop_0.3_ping__off__seed42/best_validation__6c7c0d72788c/output.log	1183
.pingstore/runs/exp037-r001-compute/export/evidence/gold-2/state/experiments/exp037/perturb/drop_0.3_ping__off__seed42/best_validation__6c7c0d72788c/run.jsonl	643
.pingstore/runs/exp037-r001-compute/export/evidence/gold-2/state/experiments/exp037/perturb/drop_0.3_ping__off__seed43/best_validation__a4c856ac3475/config.json	2145
.pingstore/runs/exp037-r001-compute/export/evidence/gold-2/state/experiments/exp037/perturb/drop_0.3_ping__off__seed43/best_validation__a4c856ac3475/metrics.json	831
.pingstore/runs/exp037-r001-compute/export/evidence/gold-2/state/experiments/exp037/perturb/drop_0.3_ping__off__seed43/best_validation__a4c856ac3475/output.log	1183
.pingstore/runs/exp037-r001-compute/export/evidence/gold-2/state/experiments/exp037/perturb/drop_0.3_ping__off__seed43/best_validation__a4c856ac3475/run.jsonl	643
.pingstore/runs/exp037-r001-compute/export/evidence/gold-2/state/experiments/exp037/perturb/drop_0.3_ping__off__seed44/best_validation__3c3ae807674a/config.json	2145
.pingstore/runs/exp037-r001-compute/export/evidence/gold-2/state/experiments/exp037/perturb/drop_0.3_ping__off__seed44/best_validation__3c3ae807674a/metrics.json	826
.pingstore/runs/exp037-r001-compute/export/evidence/gold-2/state/experiments/exp037/perturb/drop_0.3_ping__off__seed44/best_validation__3c3ae807674a/output.log	1183
.pingstore/runs/exp037-r001-compute/export/evidence/gold-2/state/experiments/exp037/perturb/drop_0.3_ping__off__seed44/best_validation__3c3ae807674a/run.jsonl	642
.pingstore/runs/exp037-r001-compute/export/evidence/gold-2/state/experiments/exp037/perturb/drop_0.4_coba__off__seed42/best_validation__ffba4cf4f0b8/config.json	2145
.pingstore/runs/exp037-r001-compute/export/evidence/gold-2/state/experiments/exp037/perturb/drop_0.4_coba__off__seed42/best_validation__ffba4cf4f0b8/metrics.json	820
.pingstore/runs/exp037-r001-compute/export/evidence/gold-2/state/experiments/exp037/perturb/drop_0.4_coba__off__seed42/best_validation__ffba4cf4f0b8/output.log	1183
.pingstore/runs/exp037-r001-compute/export/evidence/gold-2/state/experiments/exp037/perturb/drop_0.4_coba__off__seed42/best_validation__ffba4cf4f0b8/run.jsonl	644
.pingstore/runs/exp037-r001-compute/export/evidence/gold-2/state/experiments/exp037/perturb/drop_0.4_coba__off__seed43/best_validation__b55b27948826/config.json	2145
.pingstore/runs/exp037-r001-compute/export/evidence/gold-2/state/experiments/exp037/perturb/drop_0.4_coba__off__seed43/best_validation__b55b27948826/metrics.json	819
.pingstore/runs/exp037-r001-compute/export/evidence/gold-2/state/experiments/exp037/perturb/drop_0.4_coba__off__seed43/best_validation__b55b27948826/output.log	1183
.pingstore/runs/exp037-r001-compute/export/evidence/gold-2/state/experiments/exp037/perturb/drop_0.4_coba__off__seed43/best_validation__b55b27948826/run.jsonl	644
.pingstore/runs/exp037-r001-compute/export/evidence/gold-2/state/experiments/exp037/perturb/drop_0.4_coba__off__seed44/best_validation__dc3001cef907/config.json	2145
.pingstore/runs/exp037-r001-compute/export/evidence/gold-2/state/experiments/exp037/perturb/drop_0.4_coba__off__seed44/best_validation__dc3001cef907/metrics.json	817
.pingstore/runs/exp037-r001-compute/export/evidence/gold-2/state/experiments/exp037/perturb/drop_0.4_coba__off__seed44/best_validation__dc3001cef907/output.log	1183
.pingstore/runs/exp037-r001-compute/export/evidence/gold-2/state/experiments/exp037/perturb/drop_0.4_coba__off__seed44/best_validation__dc3001cef907/run.jsonl	643
.pingstore/runs/exp037-r001-compute/export/evidence/gold-2/state/experiments/exp037/perturb/drop_0.4_ping__off__seed42/best_validation__6c7c0d72788c/config.json	2145
.pingstore/runs/exp037-r001-compute/export/evidence/gold-2/state/experiments/exp037/perturb/drop_0.4_ping__off__seed42/best_validation__6c7c0d72788c/metrics.json	833
.pingstore/runs/exp037-r001-compute/export/evidence/gold-2/state/experiments/exp037/perturb/drop_0.4_ping__off__seed42/best_validation__6c7c0d72788c/output.log	1183
.pingstore/runs/exp037-r001-compute/export/evidence/gold-2/state/experiments/exp037/perturb/drop_0.4_ping__off__seed42/best_validation__6c7c0d72788c/run.jsonl	643
.pingstore/runs/exp037-r001-compute/export/evidence/gold-2/state/experiments/exp037/perturb/drop_0.4_ping__off__seed43/best_validation__a4c856ac3475/config.json	2145
.pingstore/runs/exp037-r001-compute/export/evidence/gold-2/state/experiments/exp037/perturb/drop_0.4_ping__off__seed43/best_validation__a4c856ac3475/metrics.json	821
.pingstore/runs/exp037-r001-compute/export/evidence/gold-2/state/experiments/exp037/perturb/drop_0.4_ping__off__seed43/best_validation__a4c856ac3475/output.log	1183
.pingstore/runs/exp037-r001-compute/export/evidence/gold-2/state/experiments/exp037/perturb/drop_0.4_ping__off__seed43/best_validation__a4c856ac3475/run.jsonl	642
.pingstore/runs/exp037-r001-compute/export/evidence/gold-2/state/experiments/exp037/perturb/drop_0.4_ping__off__seed44/best_validation__3c3ae807674a/config.json	2145
.pingstore/runs/exp037-r001-compute/export/evidence/gold-2/state/experiments/exp037/perturb/drop_0.4_ping__off__seed44/best_validation__3c3ae807674a/metrics.json	833
.pingstore/runs/exp037-r001-compute/export/evidence/gold-2/state/experiments/exp037/perturb/drop_0.4_ping__off__seed44/best_validation__3c3ae807674a/output.log	1183
.pingstore/runs/exp037-r001-compute/export/evidence/gold-2/state/experiments/exp037/perturb/drop_0.4_ping__off__seed44/best_validation__3c3ae807674a/run.jsonl	643
.pingstore/runs/exp037-r001-compute/export/evidence/gold-2/state/experiments/exp037/perturb/drop_0.5_coba__off__seed42/best_validation__ffba4cf4f0b8/config.json	2145
.pingstore/runs/exp037-r001-compute/export/evidence/gold-2/state/experiments/exp037/perturb/drop_0.5_coba__off__seed42/best_validation__ffba4cf4f0b8/metrics.json	815
.pingstore/runs/exp037-r001-compute/export/evidence/gold-2/state/experiments/exp037/perturb/drop_0.5_coba__off__seed42/best_validation__ffba4cf4f0b8/output.log	1185
.pingstore/runs/exp037-r001-compute/export/evidence/gold-2/state/experiments/exp037/perturb/drop_0.5_coba__off__seed42/best_validation__ffba4cf4f0b8/run.jsonl	643
.pingstore/runs/exp037-r001-compute/export/evidence/gold-2/state/experiments/exp037/perturb/drop_0.5_coba__off__seed43/best_validation__b55b27948826/config.json	2145
.pingstore/runs/exp037-r001-compute/export/evidence/gold-2/state/experiments/exp037/perturb/drop_0.5_coba__off__seed43/best_validation__b55b27948826/metrics.json	814
.pingstore/runs/exp037-r001-compute/export/evidence/gold-2/state/experiments/exp037/perturb/drop_0.5_coba__off__seed43/best_validation__b55b27948826/output.log	1183
.pingstore/runs/exp037-r001-compute/export/evidence/gold-2/state/experiments/exp037/perturb/drop_0.5_coba__off__seed43/best_validation__b55b27948826/run.jsonl	644
.pingstore/runs/exp037-r001-compute/export/evidence/gold-2/state/experiments/exp037/perturb/drop_0.5_coba__off__seed44/best_validation__dc3001cef907/config.json	2145
.pingstore/runs/exp037-r001-compute/export/evidence/gold-2/state/experiments/exp037/perturb/drop_0.5_coba__off__seed44/best_validation__dc3001cef907/metrics.json	812
.pingstore/runs/exp037-r001-compute/export/evidence/gold-2/state/experiments/exp037/perturb/drop_0.5_coba__off__seed44/best_validation__dc3001cef907/output.log	1183
.pingstore/runs/exp037-r001-compute/export/evidence/gold-2/state/experiments/exp037/perturb/drop_0.5_coba__off__seed44/best_validation__dc3001cef907/run.jsonl	644
.pingstore/runs/exp037-r001-compute/export/evidence/gold-2/state/experiments/exp037/perturb/drop_0.5_ping__off__seed42/best_validation__6c7c0d72788c/config.json	2145
.pingstore/runs/exp037-r001-compute/export/evidence/gold-2/state/experiments/exp037/perturb/drop_0.5_ping__off__seed42/best_validation__6c7c0d72788c/metrics.json	831
.pingstore/runs/exp037-r001-compute/export/evidence/gold-2/state/experiments/exp037/perturb/drop_0.5_ping__off__seed42/best_validation__6c7c0d72788c/output.log	1183
.pingstore/runs/exp037-r001-compute/export/evidence/gold-2/state/experiments/exp037/perturb/drop_0.5_ping__off__seed42/best_validation__6c7c0d72788c/run.jsonl	643
.pingstore/runs/exp037-r001-compute/export/evidence/gold-2/state/experiments/exp037/perturb/drop_0.5_ping__off__seed43/best_validation__a4c856ac3475/config.json	2145
.pingstore/runs/exp037-r001-compute/export/evidence/gold-2/state/experiments/exp037/perturb/drop_0.5_ping__off__seed43/best_validation__a4c856ac3475/metrics.json	829
.pingstore/runs/exp037-r001-compute/export/evidence/gold-2/state/experiments/exp037/perturb/drop_0.5_ping__off__seed43/best_validation__a4c856ac3475/output.log	1183
.pingstore/runs/exp037-r001-compute/export/evidence/gold-2/state/experiments/exp037/perturb/drop_0.5_ping__off__seed43/best_validation__a4c856ac3475/run.jsonl	643
.pingstore/runs/exp037-r001-compute/export/evidence/gold-2/state/experiments/exp037/perturb/drop_0.5_ping__off__seed44/best_validation__3c3ae807674a/config.json	2145
.pingstore/runs/exp037-r001-compute/export/evidence/gold-2/state/experiments/exp037/perturb/drop_0.5_ping__off__seed44/best_validation__3c3ae807674a/metrics.json	829
.pingstore/runs/exp037-r001-compute/export/evidence/gold-2/state/experiments/exp037/perturb/drop_0.5_ping__off__seed44/best_validation__3c3ae807674a/output.log	1183
.pingstore/runs/exp037-r001-compute/export/evidence/gold-2/state/experiments/exp037/perturb/drop_0.5_ping__off__seed44/best_validation__3c3ae807674a/run.jsonl	644
.pingstore/runs/exp037-r001-compute/export/evidence/gold-2/state/experiments/exp037/perturb/drop_0.6_coba__off__seed42/best_validation__ffba4cf4f0b8/config.json	2145
.pingstore/runs/exp037-r001-compute/export/evidence/gold-2/state/experiments/exp037/perturb/drop_0.6_coba__off__seed42/best_validation__ffba4cf4f0b8/metrics.json	814
.pingstore/runs/exp037-r001-compute/export/evidence/gold-2/state/experiments/exp037/perturb/drop_0.6_coba__off__seed42/best_validation__ffba4cf4f0b8/output.log	1183
.pingstore/runs/exp037-r001-compute/export/evidence/gold-2/state/experiments/exp037/perturb/drop_0.6_coba__off__seed42/best_validation__ffba4cf4f0b8/run.jsonl	644
.pingstore/runs/exp037-r001-compute/export/evidence/gold-2/state/experiments/exp037/perturb/drop_0.6_coba__off__seed43/best_validation__b55b27948826/config.json	2145
.pingstore/runs/exp037-r001-compute/export/evidence/gold-2/state/experiments/exp037/perturb/drop_0.6_coba__off__seed43/best_validation__b55b27948826/metrics.json	820
.pingstore/runs/exp037-r001-compute/export/evidence/gold-2/state/experiments/exp037/perturb/drop_0.6_coba__off__seed43/best_validation__b55b27948826/output.log	1183
.pingstore/runs/exp037-r001-compute/export/evidence/gold-2/state/experiments/exp037/perturb/drop_0.6_coba__off__seed43/best_validation__b55b27948826/run.jsonl	641
.pingstore/runs/exp037-r001-compute/export/evidence/gold-2/state/experiments/exp037/perturb/drop_0.6_coba__off__seed44/best_validation__dc3001cef907/config.json	2145
.pingstore/runs/exp037-r001-compute/export/evidence/gold-2/state/experiments/exp037/perturb/drop_0.6_coba__off__seed44/best_validation__dc3001cef907/metrics.json	822
.pingstore/runs/exp037-r001-compute/export/evidence/gold-2/state/experiments/exp037/perturb/drop_0.6_coba__off__seed44/best_validation__dc3001cef907/output.log	1183
.pingstore/runs/exp037-r001-compute/export/evidence/gold-2/state/experiments/exp037/perturb/drop_0.6_coba__off__seed44/best_validation__dc3001cef907/run.jsonl	643
.pingstore/runs/exp037-r001-compute/export/evidence/gold-2/state/experiments/exp037/perturb/drop_0.6_ping__off__seed42/best_validation__6c7c0d72788c/config.json	2145
.pingstore/runs/exp037-r001-compute/export/evidence/gold-2/state/experiments/exp037/perturb/drop_0.6_ping__off__seed42/best_validation__6c7c0d72788c/metrics.json	826
.pingstore/runs/exp037-r001-compute/export/evidence/gold-2/state/experiments/exp037/perturb/drop_0.6_ping__off__seed42/best_validation__6c7c0d72788c/output.log	1183
.pingstore/runs/exp037-r001-compute/export/evidence/gold-2/state/experiments/exp037/perturb/drop_0.6_ping__off__seed42/best_validation__6c7c0d72788c/run.jsonl	643
.pingstore/runs/exp037-r001-compute/export/evidence/gold-2/state/experiments/exp037/perturb/drop_0.6_ping__off__seed43/best_validation__a4c856ac3475/config.json	2145
.pingstore/runs/exp037-r001-compute/export/evidence/gold-2/state/experiments/exp037/perturb/drop_0.6_ping__off__seed43/best_validation__a4c856ac3475/metrics.json	830
.pingstore/runs/exp037-r001-compute/export/evidence/gold-2/state/experiments/exp037/perturb/drop_0.6_ping__off__seed43/best_validation__a4c856ac3475/output.log	1183
.pingstore/runs/exp037-r001-compute/export/evidence/gold-2/state/experiments/exp037/perturb/drop_0.6_ping__off__seed43/best_validation__a4c856ac3475/run.jsonl	642
.pingstore/runs/exp037-r001-compute/export/evidence/gold-2/state/experiments/exp037/perturb/drop_0.6_ping__off__seed44/best_validation__3c3ae807674a/config.json	2145
.pingstore/runs/exp037-r001-compute/export/evidence/gold-2/state/experiments/exp037/perturb/drop_0.6_ping__off__seed44/best_validation__3c3ae807674a/metrics.json	821
.pingstore/runs/exp037-r001-compute/export/evidence/gold-2/state/experiments/exp037/perturb/drop_0.6_ping__off__seed44/best_validation__3c3ae807674a/output.log	1183
.pingstore/runs/exp037-r001-compute/export/evidence/gold-2/state/experiments/exp037/perturb/drop_0.6_ping__off__seed44/best_validation__3c3ae807674a/run.jsonl	644
.pingstore/runs/exp037-r001-compute/export/evidence/gold-2/state/experiments/exp037/perturb/drop_0.7_coba__off__seed42/best_validation__ffba4cf4f0b8/config.json	2145
.pingstore/runs/exp037-r001-compute/export/evidence/gold-2/state/experiments/exp037/perturb/drop_0.7_coba__off__seed42/best_validation__ffba4cf4f0b8/metrics.json	817
.pingstore/runs/exp037-r001-compute/export/evidence/gold-2/state/experiments/exp037/perturb/drop_0.7_coba__off__seed42/best_validation__ffba4cf4f0b8/output.log	1183
.pingstore/runs/exp037-r001-compute/export/evidence/gold-2/state/experiments/exp037/perturb/drop_0.7_coba__off__seed42/best_validation__ffba4cf4f0b8/run.jsonl	644
.pingstore/runs/exp037-r001-compute/export/evidence/gold-2/state/experiments/exp037/perturb/drop_0.7_coba__off__seed43/best_validation__b55b27948826/config.json	2145
.pingstore/runs/exp037-r001-compute/export/evidence/gold-2/state/experiments/exp037/perturb/drop_0.7_coba__off__seed43/best_validation__b55b27948826/metrics.json	814
.pingstore/runs/exp037-r001-compute/export/evidence/gold-2/state/experiments/exp037/perturb/drop_0.7_coba__off__seed43/best_validation__b55b27948826/output.log	1183
.pingstore/runs/exp037-r001-compute/export/evidence/gold-2/state/experiments/exp037/perturb/drop_0.7_coba__off__seed43/best_validation__b55b27948826/run.jsonl	644
.pingstore/runs/exp037-r001-compute/export/evidence/gold-2/state/experiments/exp037/perturb/drop_0.7_coba__off__seed44/best_validation__dc3001cef907/config.json	2145
.pingstore/runs/exp037-r001-compute/export/evidence/gold-2/state/experiments/exp037/perturb/drop_0.7_coba__off__seed44/best_validation__dc3001cef907/metrics.json	821
.pingstore/runs/exp037-r001-compute/export/evidence/gold-2/state/experiments/exp037/perturb/drop_0.7_coba__off__seed44/best_validation__dc3001cef907/output.log	1183
.pingstore/runs/exp037-r001-compute/export/evidence/gold-2/state/experiments/exp037/perturb/drop_0.7_coba__off__seed44/best_validation__dc3001cef907/run.jsonl	643
.pingstore/runs/exp037-r001-compute/export/evidence/gold-2/state/experiments/exp037/perturb/drop_0.7_ping__off__seed42/best_validation__6c7c0d72788c/config.json	2145
.pingstore/runs/exp037-r001-compute/export/evidence/gold-2/state/experiments/exp037/perturb/drop_0.7_ping__off__seed42/best_validation__6c7c0d72788c/metrics.json	831
.pingstore/runs/exp037-r001-compute/export/evidence/gold-2/state/experiments/exp037/perturb/drop_0.7_ping__off__seed42/best_validation__6c7c0d72788c/output.log	1183
.pingstore/runs/exp037-r001-compute/export/evidence/gold-2/state/experiments/exp037/perturb/drop_0.7_ping__off__seed42/best_validation__6c7c0d72788c/run.jsonl	643
.pingstore/runs/exp037-r001-compute/export/evidence/gold-2/state/experiments/exp037/perturb/drop_0.7_ping__off__seed43/best_validation__a4c856ac3475/config.json	2145
.pingstore/runs/exp037-r001-compute/export/evidence/gold-2/state/experiments/exp037/perturb/drop_0.7_ping__off__seed43/best_validation__a4c856ac3475/metrics.json	827
.pingstore/runs/exp037-r001-compute/export/evidence/gold-2/state/experiments/exp037/perturb/drop_0.7_ping__off__seed43/best_validation__a4c856ac3475/output.log	1183
.pingstore/runs/exp037-r001-compute/export/evidence/gold-2/state/experiments/exp037/perturb/drop_0.7_ping__off__seed43/best_validation__a4c856ac3475/run.jsonl	642
.pingstore/runs/exp037-r001-compute/export/evidence/gold-2/state/experiments/exp037/perturb/drop_0.7_ping__off__seed44/best_validation__3c3ae807674a/config.json	2145
.pingstore/runs/exp037-r001-compute/export/evidence/gold-2/state/experiments/exp037/perturb/drop_0.7_ping__off__seed44/best_validation__3c3ae807674a/metrics.json	829
.pingstore/runs/exp037-r001-compute/export/evidence/gold-2/state/experiments/exp037/perturb/drop_0.7_ping__off__seed44/best_validation__3c3ae807674a/output.log	1183
.pingstore/runs/exp037-r001-compute/export/evidence/gold-2/state/experiments/exp037/perturb/drop_0.7_ping__off__seed44/best_validation__3c3ae807674a/run.jsonl	643
.pingstore/runs/exp037-r001-compute/export/evidence/gold-2/state/experiments/exp037/perturb/drop_0.8_coba__off__seed42/best_validation__ffba4cf4f0b8/config.json	2145
.pingstore/runs/exp037-r001-compute/export/evidence/gold-2/state/experiments/exp037/perturb/drop_0.8_coba__off__seed42/best_validation__ffba4cf4f0b8/metrics.json	816
.pingstore/runs/exp037-r001-compute/export/evidence/gold-2/state/experiments/exp037/perturb/drop_0.8_coba__off__seed42/best_validation__ffba4cf4f0b8/output.log	1183
.pingstore/runs/exp037-r001-compute/export/evidence/gold-2/state/experiments/exp037/perturb/drop_0.8_coba__off__seed42/best_validation__ffba4cf4f0b8/run.jsonl	644
.pingstore/runs/exp037-r001-compute/export/evidence/gold-2/state/experiments/exp037/perturb/drop_0.8_coba__off__seed43/best_validation__b55b27948826/config.json	2145
.pingstore/runs/exp037-r001-compute/export/evidence/gold-2/state/experiments/exp037/perturb/drop_0.8_coba__off__seed43/best_validation__b55b27948826/metrics.json	820
.pingstore/runs/exp037-r001-compute/export/evidence/gold-2/state/experiments/exp037/perturb/drop_0.8_coba__off__seed43/best_validation__b55b27948826/output.log	1183
.pingstore/runs/exp037-r001-compute/export/evidence/gold-2/state/experiments/exp037/perturb/drop_0.8_coba__off__seed43/best_validation__b55b27948826/run.jsonl	643
.pingstore/runs/exp037-r001-compute/export/evidence/gold-2/state/experiments/exp037/perturb/drop_0.8_coba__off__seed44/best_validation__dc3001cef907/config.json	2145
.pingstore/runs/exp037-r001-compute/export/evidence/gold-2/state/experiments/exp037/perturb/drop_0.8_coba__off__seed44/best_validation__dc3001cef907/metrics.json	818
.pingstore/runs/exp037-r001-compute/export/evidence/gold-2/state/experiments/exp037/perturb/drop_0.8_coba__off__seed44/best_validation__dc3001cef907/output.log	1183
.pingstore/runs/exp037-r001-compute/export/evidence/gold-2/state/experiments/exp037/perturb/drop_0.8_coba__off__seed44/best_validation__dc3001cef907/run.jsonl	642
.pingstore/runs/exp037-r001-compute/export/evidence/gold-2/state/experiments/exp037/perturb/drop_0.8_ping__off__seed42/best_validation__6c7c0d72788c/config.json	2145
.pingstore/runs/exp037-r001-compute/export/evidence/gold-2/state/experiments/exp037/perturb/drop_0.8_ping__off__seed42/best_validation__6c7c0d72788c/metrics.json	831
.pingstore/runs/exp037-r001-compute/export/evidence/gold-2/state/experiments/exp037/perturb/drop_0.8_ping__off__seed42/best_validation__6c7c0d72788c/output.log	1183
.pingstore/runs/exp037-r001-compute/export/evidence/gold-2/state/experiments/exp037/perturb/drop_0.8_ping__off__seed42/best_validation__6c7c0d72788c/run.jsonl	644
.pingstore/runs/exp037-r001-compute/export/evidence/gold-2/state/experiments/exp037/perturb/drop_0.8_ping__off__seed43/best_validation__a4c856ac3475/config.json	2145
.pingstore/runs/exp037-r001-compute/export/evidence/gold-2/state/experiments/exp037/perturb/drop_0.8_ping__off__seed43/best_validation__a4c856ac3475/metrics.json	823
.pingstore/runs/exp037-r001-compute/export/evidence/gold-2/state/experiments/exp037/perturb/drop_0.8_ping__off__seed43/best_validation__a4c856ac3475/output.log	1183
.pingstore/runs/exp037-r001-compute/export/evidence/gold-2/state/experiments/exp037/perturb/drop_0.8_ping__off__seed43/best_validation__a4c856ac3475/run.jsonl	643
.pingstore/runs/exp037-r001-compute/export/evidence/gold-2/state/experiments/exp037/perturb/drop_0.8_ping__off__seed44/best_validation__3c3ae807674a/config.json	2145
.pingstore/runs/exp037-r001-compute/export/evidence/gold-2/state/experiments/exp037/perturb/drop_0.8_ping__off__seed44/best_validation__3c3ae807674a/metrics.json	829
.pingstore/runs/exp037-r001-compute/export/evidence/gold-2/state/experiments/exp037/perturb/drop_0.8_ping__off__seed44/best_validation__3c3ae807674a/output.log	1183
.pingstore/runs/exp037-r001-compute/export/evidence/gold-2/state/experiments/exp037/perturb/drop_0.8_ping__off__seed44/best_validation__3c3ae807674a/run.jsonl	644
.pingstore/runs/exp037-r001-compute/export/evidence/gold-2/state/experiments/exp037/perturb/drop_0.9_coba__off__seed42/best_validation__ffba4cf4f0b8/config.json	2145
.pingstore/runs/exp037-r001-compute/export/evidence/gold-2/state/experiments/exp037/perturb/drop_0.9_coba__off__seed42/best_validation__ffba4cf4f0b8/metrics.json	819
.pingstore/runs/exp037-r001-compute/export/evidence/gold-2/state/experiments/exp037/perturb/drop_0.9_coba__off__seed42/best_validation__ffba4cf4f0b8/output.log	1183
.pingstore/runs/exp037-r001-compute/export/evidence/gold-2/state/experiments/exp037/perturb/drop_0.9_coba__off__seed42/best_validation__ffba4cf4f0b8/run.jsonl	643
.pingstore/runs/exp037-r001-compute/export/evidence/gold-2/state/experiments/exp037/perturb/drop_0.9_coba__off__seed43/best_validation__b55b27948826/config.json	2145
.pingstore/runs/exp037-r001-compute/export/evidence/gold-2/state/experiments/exp037/perturb/drop_0.9_coba__off__seed43/best_validation__b55b27948826/metrics.json	819
.pingstore/runs/exp037-r001-compute/export/evidence/gold-2/state/experiments/exp037/perturb/drop_0.9_coba__off__seed43/best_validation__b55b27948826/output.log	1183
.pingstore/runs/exp037-r001-compute/export/evidence/gold-2/state/experiments/exp037/perturb/drop_0.9_coba__off__seed43/best_validation__b55b27948826/run.jsonl	643
.pingstore/runs/exp037-r001-compute/export/evidence/gold-2/state/experiments/exp037/perturb/drop_0.9_coba__off__seed44/best_validation__dc3001cef907/config.json	2145
.pingstore/runs/exp037-r001-compute/export/evidence/gold-2/state/experiments/exp037/perturb/drop_0.9_coba__off__seed44/best_validation__dc3001cef907/metrics.json	817
.pingstore/runs/exp037-r001-compute/export/evidence/gold-2/state/experiments/exp037/perturb/drop_0.9_coba__off__seed44/best_validation__dc3001cef907/output.log	1183
.pingstore/runs/exp037-r001-compute/export/evidence/gold-2/state/experiments/exp037/perturb/drop_0.9_coba__off__seed44/best_validation__dc3001cef907/run.jsonl	644
.pingstore/runs/exp037-r001-compute/export/evidence/gold-2/state/experiments/exp037/perturb/drop_0.9_ping__off__seed42/best_validation__6c7c0d72788c/config.json	2145
.pingstore/runs/exp037-r001-compute/export/evidence/gold-2/state/experiments/exp037/perturb/drop_0.9_ping__off__seed42/best_validation__6c7c0d72788c/metrics.json	832
.pingstore/runs/exp037-r001-compute/export/evidence/gold-2/state/experiments/exp037/perturb/drop_0.9_ping__off__seed42/best_validation__6c7c0d72788c/output.log	1183
.pingstore/runs/exp037-r001-compute/export/evidence/gold-2/state/experiments/exp037/perturb/drop_0.9_ping__off__seed42/best_validation__6c7c0d72788c/run.jsonl	643
.pingstore/runs/exp037-r001-compute/export/evidence/gold-2/state/experiments/exp037/perturb/drop_0.9_ping__off__seed43/best_validation__a4c856ac3475/config.json	2145
.pingstore/runs/exp037-r001-compute/export/evidence/gold-2/state/experiments/exp037/perturb/drop_0.9_ping__off__seed43/best_validation__a4c856ac3475/metrics.json	828
.pingstore/runs/exp037-r001-compute/export/evidence/gold-2/state/experiments/exp037/perturb/drop_0.9_ping__off__seed43/best_validation__a4c856ac3475/output.log	1183
.pingstore/runs/exp037-r001-compute/export/evidence/gold-2/state/experiments/exp037/perturb/drop_0.9_ping__off__seed43/best_validation__a4c856ac3475/run.jsonl	643
.pingstore/runs/exp037-r001-compute/export/evidence/gold-2/state/experiments/exp037/perturb/drop_0.9_ping__off__seed44/best_validation__3c3ae807674a/config.json	2145
.pingstore/runs/exp037-r001-compute/export/evidence/gold-2/state/experiments/exp037/perturb/drop_0.9_ping__off__seed44/best_validation__3c3ae807674a/metrics.json	831
.pingstore/runs/exp037-r001-compute/export/evidence/gold-2/state/experiments/exp037/perturb/drop_0.9_ping__off__seed44/best_validation__3c3ae807674a/output.log	1183
.pingstore/runs/exp037-r001-compute/export/evidence/gold-2/state/experiments/exp037/perturb/drop_0.9_ping__off__seed44/best_validation__3c3ae807674a/run.jsonl	643
.pingstore/runs/exp037-r001-compute/export/evidence/gold-2/state/experiments/exp037/perturb/drop_1.0_coba__off__seed42/best_validation__ffba4cf4f0b8/config.json	2145
.pingstore/runs/exp037-r001-compute/export/evidence/gold-2/state/experiments/exp037/perturb/drop_1.0_coba__off__seed42/best_validation__ffba4cf4f0b8/metrics.json	787
.pingstore/runs/exp037-r001-compute/export/evidence/gold-2/state/experiments/exp037/perturb/drop_1.0_coba__off__seed42/best_validation__ffba4cf4f0b8/output.log	1182
.pingstore/runs/exp037-r001-compute/export/evidence/gold-2/state/experiments/exp037/perturb/drop_1.0_coba__off__seed42/best_validation__ffba4cf4f0b8/run.jsonl	644
.pingstore/runs/exp037-r001-compute/export/evidence/gold-2/state/experiments/exp037/perturb/drop_1.0_coba__off__seed43/best_validation__b55b27948826/config.json	2145
.pingstore/runs/exp037-r001-compute/export/evidence/gold-2/state/experiments/exp037/perturb/drop_1.0_coba__off__seed43/best_validation__b55b27948826/metrics.json	787
.pingstore/runs/exp037-r001-compute/export/evidence/gold-2/state/experiments/exp037/perturb/drop_1.0_coba__off__seed43/best_validation__b55b27948826/output.log	1182
.pingstore/runs/exp037-r001-compute/export/evidence/gold-2/state/experiments/exp037/perturb/drop_1.0_coba__off__seed43/best_validation__b55b27948826/run.jsonl	643
.pingstore/runs/exp037-r001-compute/export/evidence/gold-2/state/experiments/exp037/perturb/drop_1.0_coba__off__seed44/best_validation__dc3001cef907/config.json	2145
.pingstore/runs/exp037-r001-compute/export/evidence/gold-2/state/experiments/exp037/perturb/drop_1.0_coba__off__seed44/best_validation__dc3001cef907/metrics.json	787
.pingstore/runs/exp037-r001-compute/export/evidence/gold-2/state/experiments/exp037/perturb/drop_1.0_coba__off__seed44/best_validation__dc3001cef907/output.log	1182
.pingstore/runs/exp037-r001-compute/export/evidence/gold-2/state/experiments/exp037/perturb/drop_1.0_coba__off__seed44/best_validation__dc3001cef907/run.jsonl	643
.pingstore/runs/exp037-r001-compute/export/evidence/gold-2/state/experiments/exp037/perturb/drop_1.0_ping__off__seed42/best_validation__6c7c0d72788c/config.json	2145
.pingstore/runs/exp037-r001-compute/export/evidence/gold-2/state/experiments/exp037/perturb/drop_1.0_ping__off__seed42/best_validation__6c7c0d72788c/metrics.json	787
.pingstore/runs/exp037-r001-compute/export/evidence/gold-2/state/experiments/exp037/perturb/drop_1.0_ping__off__seed42/best_validation__6c7c0d72788c/output.log	1182
.pingstore/runs/exp037-r001-compute/export/evidence/gold-2/state/experiments/exp037/perturb/drop_1.0_ping__off__seed42/best_validation__6c7c0d72788c/run.jsonl	643
.pingstore/runs/exp037-r001-compute/export/evidence/gold-2/state/experiments/exp037/perturb/drop_1.0_ping__off__seed43/best_validation__a4c856ac3475/config.json	2145
.pingstore/runs/exp037-r001-compute/export/evidence/gold-2/state/experiments/exp037/perturb/drop_1.0_ping__off__seed43/best_validation__a4c856ac3475/metrics.json	787
.pingstore/runs/exp037-r001-compute/export/evidence/gold-2/state/experiments/exp037/perturb/drop_1.0_ping__off__seed43/best_validation__a4c856ac3475/output.log	1182
.pingstore/runs/exp037-r001-compute/export/evidence/gold-2/state/experiments/exp037/perturb/drop_1.0_ping__off__seed43/best_validation__a4c856ac3475/run.jsonl	643
.pingstore/runs/exp037-r001-compute/export/evidence/gold-2/state/experiments/exp037/perturb/drop_1.0_ping__off__seed44/best_validation__3c3ae807674a/config.json	2145
.pingstore/runs/exp037-r001-compute/export/evidence/gold-2/state/experiments/exp037/perturb/drop_1.0_ping__off__seed44/best_validation__3c3ae807674a/metrics.json	787
.pingstore/runs/exp037-r001-compute/export/evidence/gold-2/state/experiments/exp037/perturb/drop_1.0_ping__off__seed44/best_validation__3c3ae807674a/output.log	1182
.pingstore/runs/exp037-r001-compute/export/evidence/gold-2/state/experiments/exp037/perturb/drop_1.0_ping__off__seed44/best_validation__3c3ae807674a/run.jsonl	643
.pingstore/runs/exp037-r001-compute/export/evidence/gold-2/state/experiments/exp037/perturb_raster/coba/seed42/add_0_s0/best_validation__ffba4cf4f0b8/config.json	2166
.pingstore/runs/exp037-r001-compute/export/evidence/gold-2/state/experiments/exp037/perturb_raster/coba/seed42/add_0_s0/best_validation__ffba4cf4f0b8/output.log	820
.pingstore/runs/exp037-r001-compute/export/evidence/gold-2/state/experiments/exp037/perturb_raster/coba/seed42/add_0_s0/best_validation__ffba4cf4f0b8/run.jsonl	643
.pingstore/runs/exp037-r001-compute/export/evidence/gold-2/state/experiments/exp037/perturb_raster/coba/seed42/add_20_s0/best_validation__ffba4cf4f0b8/config.json	2168
.pingstore/runs/exp037-r001-compute/export/evidence/gold-2/state/experiments/exp037/perturb_raster/coba/seed42/add_20_s0/best_validation__ffba4cf4f0b8/output.log	820
.pingstore/runs/exp037-r001-compute/export/evidence/gold-2/state/experiments/exp037/perturb_raster/coba/seed42/add_20_s0/best_validation__ffba4cf4f0b8/run.jsonl	644
.pingstore/runs/exp037-r001-compute/export/evidence/gold-2/state/experiments/exp037/perturb_raster/coba/seed42/add_40_s0/best_validation__ffba4cf4f0b8/config.json	2168
.pingstore/runs/exp037-r001-compute/export/evidence/gold-2/state/experiments/exp037/perturb_raster/coba/seed42/add_40_s0/best_validation__ffba4cf4f0b8/output.log	820
.pingstore/runs/exp037-r001-compute/export/evidence/gold-2/state/experiments/exp037/perturb_raster/coba/seed42/add_40_s0/best_validation__ffba4cf4f0b8/run.jsonl	643
.pingstore/runs/exp037-r001-compute/export/evidence/gold-2/state/experiments/exp037/perturb_raster/coba/seed42/drop_0_s0/best_validation__ffba4cf4f0b8/config.json	2168
.pingstore/runs/exp037-r001-compute/export/evidence/gold-2/state/experiments/exp037/perturb_raster/coba/seed42/drop_0_s0/best_validation__ffba4cf4f0b8/output.log	821
.pingstore/runs/exp037-r001-compute/export/evidence/gold-2/state/experiments/exp037/perturb_raster/coba/seed42/drop_0_s0/best_validation__ffba4cf4f0b8/run.jsonl	644
.pingstore/runs/exp037-r001-compute/export/evidence/gold-2/state/experiments/exp037/perturb_raster/coba/seed42/drop_0p5_s0/best_validation__ffba4cf4f0b8/config.json	2170
.pingstore/runs/exp037-r001-compute/export/evidence/gold-2/state/experiments/exp037/perturb_raster/coba/seed42/drop_0p5_s0/best_validation__ffba4cf4f0b8/output.log	820
.pingstore/runs/exp037-r001-compute/export/evidence/gold-2/state/experiments/exp037/perturb_raster/coba/seed42/drop_0p5_s0/best_validation__ffba4cf4f0b8/run.jsonl	643
.pingstore/runs/exp037-r001-compute/export/evidence/gold-2/state/experiments/exp037/perturb_raster/coba/seed42/drop_1_s0/best_validation__ffba4cf4f0b8/config.json	2168
.pingstore/runs/exp037-r001-compute/export/evidence/gold-2/state/experiments/exp037/perturb_raster/coba/seed42/drop_1_s0/best_validation__ffba4cf4f0b8/output.log	821
.pingstore/runs/exp037-r001-compute/export/evidence/gold-2/state/experiments/exp037/perturb_raster/coba/seed42/drop_1_s0/best_validation__ffba4cf4f0b8/run.jsonl	644
.pingstore/runs/exp037-r001-compute/export/evidence/gold-2/state/experiments/exp037/perturb_raster/ping/seed42/add_0_s0/best_validation__6c7c0d72788c/config.json	2166
.pingstore/runs/exp037-r001-compute/export/evidence/gold-2/state/experiments/exp037/perturb_raster/ping/seed42/add_0_s0/best_validation__6c7c0d72788c/output.log	820
.pingstore/runs/exp037-r001-compute/export/evidence/gold-2/state/experiments/exp037/perturb_raster/ping/seed42/add_0_s0/best_validation__6c7c0d72788c/run.jsonl	643
.pingstore/runs/exp037-r001-compute/export/evidence/gold-2/state/experiments/exp037/perturb_raster/ping/seed42/add_20_s0/best_validation__6c7c0d72788c/config.json	2168
.pingstore/runs/exp037-r001-compute/export/evidence/gold-2/state/experiments/exp037/perturb_raster/ping/seed42/add_20_s0/best_validation__6c7c0d72788c/output.log	820
.pingstore/runs/exp037-r001-compute/export/evidence/gold-2/state/experiments/exp037/perturb_raster/ping/seed42/add_20_s0/best_validation__6c7c0d72788c/run.jsonl	643
.pingstore/runs/exp037-r001-compute/export/evidence/gold-2/state/experiments/exp037/perturb_raster/ping/seed42/add_40_s0/best_validation__6c7c0d72788c/config.json	2168
.pingstore/runs/exp037-r001-compute/export/evidence/gold-2/state/experiments/exp037/perturb_raster/ping/seed42/add_40_s0/best_validation__6c7c0d72788c/output.log	820
.pingstore/runs/exp037-r001-compute/export/evidence/gold-2/state/experiments/exp037/perturb_raster/ping/seed42/add_40_s0/best_validation__6c7c0d72788c/run.jsonl	643
.pingstore/runs/exp037-r001-compute/export/evidence/gold-2/state/experiments/exp037/perturb_raster/ping/seed42/drop_0_s0/best_validation__6c7c0d72788c/config.json	2168
.pingstore/runs/exp037-r001-compute/export/evidence/gold-2/state/experiments/exp037/perturb_raster/ping/seed42/drop_0_s0/best_validation__6c7c0d72788c/output.log	820
.pingstore/runs/exp037-r001-compute/export/evidence/gold-2/state/experiments/exp037/perturb_raster/ping/seed42/drop_0_s0/best_validation__6c7c0d72788c/run.jsonl	643
.pingstore/runs/exp037-r001-compute/export/evidence/gold-2/state/experiments/exp037/perturb_raster/ping/seed42/drop_0p5_s0/best_validation__6c7c0d72788c/config.json	2170
.pingstore/runs/exp037-r001-compute/export/evidence/gold-2/state/experiments/exp037/perturb_raster/ping/seed42/drop_0p5_s0/best_validation__6c7c0d72788c/output.log	820
.pingstore/runs/exp037-r001-compute/export/evidence/gold-2/state/experiments/exp037/perturb_raster/ping/seed42/drop_0p5_s0/best_validation__6c7c0d72788c/run.jsonl	643
.pingstore/runs/exp037-r001-compute/export/evidence/gold-2/state/experiments/exp037/perturb_raster/ping/seed42/drop_1_s0/best_validation__6c7c0d72788c/config.json	2168
.pingstore/runs/exp037-r001-compute/export/evidence/gold-2/state/experiments/exp037/perturb_raster/ping/seed42/drop_1_s0/best_validation__6c7c0d72788c/output.log	820
.pingstore/runs/exp037-r001-compute/export/evidence/gold-2/state/experiments/exp037/perturb_raster/ping/seed42/drop_1_s0/best_validation__6c7c0d72788c/run.jsonl	643
.pingstore/runs/exp037-r001-compute/export/evidence/import-plan.json	1011293
.pingstore/runs/exp037-r001-compute/export/evidence/import_gold2.py	17577
.pingstore/runs/exp037-r001-compute/export/evidence/simulations/jobs/raster__coba__seed42__add__0/output.log	820
.pingstore/runs/exp037-r001-compute/export/evidence/simulations/jobs/raster__coba__seed42__add__0/run.jsonl	643
.pingstore/runs/exp037-r001-compute/export/evidence/simulations/jobs/raster__coba__seed42__add__20/output.log	820
.pingstore/runs/exp037-r001-compute/export/evidence/simulations/jobs/raster__coba__seed42__add__20/run.jsonl	644
.pingstore/runs/exp037-r001-compute/export/evidence/simulations/jobs/raster__coba__seed42__add__40/output.log	820
.pingstore/runs/exp037-r001-compute/export/evidence/simulations/jobs/raster__coba__seed42__add__40/run.jsonl	643
.pingstore/runs/exp037-r001-compute/export/evidence/simulations/jobs/raster__coba__seed42__drop__0/output.log	821
.pingstore/runs/exp037-r001-compute/export/evidence/simulations/jobs/raster__coba__seed42__drop__0/run.jsonl	644
.pingstore/runs/exp037-r001-compute/export/evidence/simulations/jobs/raster__coba__seed42__drop__0p5/output.log	820
.pingstore/runs/exp037-r001-compute/export/evidence/simulations/jobs/raster__coba__seed42__drop__0p5/run.jsonl	643
.pingstore/runs/exp037-r001-compute/export/evidence/simulations/jobs/raster__coba__seed42__drop__1/output.log	821
.pingstore/runs/exp037-r001-compute/export/evidence/simulations/jobs/raster__coba__seed42__drop__1/run.jsonl	644
.pingstore/runs/exp037-r001-compute/export/evidence/simulations/jobs/raster__ping__seed42__add__0/output.log	820
.pingstore/runs/exp037-r001-compute/export/evidence/simulations/jobs/raster__ping__seed42__add__0/run.jsonl	643
.pingstore/runs/exp037-r001-compute/export/evidence/simulations/jobs/raster__ping__seed42__add__20/output.log	820
.pingstore/runs/exp037-r001-compute/export/evidence/simulations/jobs/raster__ping__seed42__add__20/run.jsonl	643
.pingstore/runs/exp037-r001-compute/export/evidence/simulations/jobs/raster__ping__seed42__add__40/output.log	820
.pingstore/runs/exp037-r001-compute/export/evidence/simulations/jobs/raster__ping__seed42__add__40/run.jsonl	643
.pingstore/runs/exp037-r001-compute/export/evidence/simulations/jobs/raster__ping__seed42__drop__0/output.log	820
.pingstore/runs/exp037-r001-compute/export/evidence/simulations/jobs/raster__ping__seed42__drop__0/run.jsonl	643
.pingstore/runs/exp037-r001-compute/export/evidence/simulations/jobs/raster__ping__seed42__drop__0p5/output.log	820
.pingstore/runs/exp037-r001-compute/export/evidence/simulations/jobs/raster__ping__seed42__drop__0p5/run.jsonl	643
.pingstore/runs/exp037-r001-compute/export/evidence/simulations/jobs/raster__ping__seed42__drop__1/output.log	820
.pingstore/runs/exp037-r001-compute/export/evidence/simulations/jobs/raster__ping__seed42__drop__1/run.jsonl	643
.pingstore/runs/exp037-r001-compute/export/evidence/simulations/jobs/sweep__coba__seed42__add__0/output.log	1182
.pingstore/runs/exp037-r001-compute/export/evidence/simulations/jobs/sweep__coba__seed42__add__0/run.jsonl	643
.pingstore/runs/exp037-r001-compute/export/evidence/simulations/jobs/sweep__coba__seed42__add__10/output.log	1184
.pingstore/runs/exp037-r001-compute/export/evidence/simulations/jobs/sweep__coba__seed42__add__10/run.jsonl	643
.pingstore/runs/exp037-r001-compute/export/evidence/simulations/jobs/sweep__coba__seed42__add__12/output.log	1184
.pingstore/runs/exp037-r001-compute/export/evidence/simulations/jobs/sweep__coba__seed42__add__12/run.jsonl	644
.pingstore/runs/exp037-r001-compute/export/evidence/simulations/jobs/sweep__coba__seed42__add__14/output.log	1184
.pingstore/runs/exp037-r001-compute/export/evidence/simulations/jobs/sweep__coba__seed42__add__14/run.jsonl	644
.pingstore/runs/exp037-r001-compute/export/evidence/simulations/jobs/sweep__coba__seed42__add__16/output.log	1184
.pingstore/runs/exp037-r001-compute/export/evidence/simulations/jobs/sweep__coba__seed42__add__16/run.jsonl	643
.pingstore/runs/exp037-r001-compute/export/evidence/simulations/jobs/sweep__coba__seed42__add__18/output.log	1184
.pingstore/runs/exp037-r001-compute/export/evidence/simulations/jobs/sweep__coba__seed42__add__18/run.jsonl	643
.pingstore/runs/exp037-r001-compute/export/evidence/simulations/jobs/sweep__coba__seed42__add__2/output.log	1182
.pingstore/runs/exp037-r001-compute/export/evidence/simulations/jobs/sweep__coba__seed42__add__2/run.jsonl	643
.pingstore/runs/exp037-r001-compute/export/evidence/simulations/jobs/sweep__coba__seed42__add__20/output.log	1184
.pingstore/runs/exp037-r001-compute/export/evidence/simulations/jobs/sweep__coba__seed42__add__20/run.jsonl	643
.pingstore/runs/exp037-r001-compute/export/evidence/simulations/jobs/sweep__coba__seed42__add__22/output.log	1184
.pingstore/runs/exp037-r001-compute/export/evidence/simulations/jobs/sweep__coba__seed42__add__22/run.jsonl	643
.pingstore/runs/exp037-r001-compute/export/evidence/simulations/jobs/sweep__coba__seed42__add__24/output.log	1184
.pingstore/runs/exp037-r001-compute/export/evidence/simulations/jobs/sweep__coba__seed42__add__24/run.jsonl	642
.pingstore/runs/exp037-r001-compute/export/evidence/simulations/jobs/sweep__coba__seed42__add__26/output.log	1184
.pingstore/runs/exp037-r001-compute/export/evidence/simulations/jobs/sweep__coba__seed42__add__26/run.jsonl	643
.pingstore/runs/exp037-r001-compute/export/evidence/simulations/jobs/sweep__coba__seed42__add__28/output.log	1184
.pingstore/runs/exp037-r001-compute/export/evidence/simulations/jobs/sweep__coba__seed42__add__28/run.jsonl	644
.pingstore/runs/exp037-r001-compute/export/evidence/simulations/jobs/sweep__coba__seed42__add__30/output.log	1184
.pingstore/runs/exp037-r001-compute/export/evidence/simulations/jobs/sweep__coba__seed42__add__30/run.jsonl	644
.pingstore/runs/exp037-r001-compute/export/evidence/simulations/jobs/sweep__coba__seed42__add__32/output.log	1184
.pingstore/runs/exp037-r001-compute/export/evidence/simulations/jobs/sweep__coba__seed42__add__32/run.jsonl	642
.pingstore/runs/exp037-r001-compute/export/evidence/simulations/jobs/sweep__coba__seed42__add__34/output.log	1184
.pingstore/runs/exp037-r001-compute/export/evidence/simulations/jobs/sweep__coba__seed42__add__34/run.jsonl	643
.pingstore/runs/exp037-r001-compute/export/evidence/simulations/jobs/sweep__coba__seed42__add__36/output.log	1184
.pingstore/runs/exp037-r001-compute/export/evidence/simulations/jobs/sweep__coba__seed42__add__36/run.jsonl	643
.pingstore/runs/exp037-r001-compute/export/evidence/simulations/jobs/sweep__coba__seed42__add__38/output.log	1184
.pingstore/runs/exp037-r001-compute/export/evidence/simulations/jobs/sweep__coba__seed42__add__38/run.jsonl	643
.pingstore/runs/exp037-r001-compute/export/evidence/simulations/jobs/sweep__coba__seed42__add__4/output.log	1182
.pingstore/runs/exp037-r001-compute/export/evidence/simulations/jobs/sweep__coba__seed42__add__4/run.jsonl	643
.pingstore/runs/exp037-r001-compute/export/evidence/simulations/jobs/sweep__coba__seed42__add__40/output.log	1184
.pingstore/runs/exp037-r001-compute/export/evidence/simulations/jobs/sweep__coba__seed42__add__40/run.jsonl	643
.pingstore/runs/exp037-r001-compute/export/evidence/simulations/jobs/sweep__coba__seed42__add__6/output.log	1182
.pingstore/runs/exp037-r001-compute/export/evidence/simulations/jobs/sweep__coba__seed42__add__6/run.jsonl	643
.pingstore/runs/exp037-r001-compute/export/evidence/simulations/jobs/sweep__coba__seed42__add__8/output.log	1182
.pingstore/runs/exp037-r001-compute/export/evidence/simulations/jobs/sweep__coba__seed42__add__8/run.jsonl	643
.pingstore/runs/exp037-r001-compute/export/evidence/simulations/jobs/sweep__coba__seed42__drop__0/output.log	1186
.pingstore/runs/exp037-r001-compute/export/evidence/simulations/jobs/sweep__coba__seed42__drop__0/run.jsonl	643
.pingstore/runs/exp037-r001-compute/export/evidence/simulations/jobs/sweep__coba__seed42__drop__0p1/output.log	1185
.pingstore/runs/exp037-r001-compute/export/evidence/simulations/jobs/sweep__coba__seed42__drop__0p1/run.jsonl	643
.pingstore/runs/exp037-r001-compute/export/evidence/simulations/jobs/sweep__coba__seed42__drop__0p2/output.log	1183
.pingstore/runs/exp037-r001-compute/export/evidence/simulations/jobs/sweep__coba__seed42__drop__0p2/run.jsonl	643
.pingstore/runs/exp037-r001-compute/export/evidence/simulations/jobs/sweep__coba__seed42__drop__0p3/output.log	1185
.pingstore/runs/exp037-r001-compute/export/evidence/simulations/jobs/sweep__coba__seed42__drop__0p3/run.jsonl	644
.pingstore/runs/exp037-r001-compute/export/evidence/simulations/jobs/sweep__coba__seed42__drop__0p4/output.log	1183
.pingstore/runs/exp037-r001-compute/export/evidence/simulations/jobs/sweep__coba__seed42__drop__0p4/run.jsonl	644
.pingstore/runs/exp037-r001-compute/export/evidence/simulations/jobs/sweep__coba__seed42__drop__0p5/output.log	1185
.pingstore/runs/exp037-r001-compute/export/evidence/simulations/jobs/sweep__coba__seed42__drop__0p5/run.jsonl	643
.pingstore/runs/exp037-r001-compute/export/evidence/simulations/jobs/sweep__coba__seed42__drop__0p6/output.log	1183
.pingstore/runs/exp037-r001-compute/export/evidence/simulations/jobs/sweep__coba__seed42__drop__0p6/run.jsonl	644
.pingstore/runs/exp037-r001-compute/export/evidence/simulations/jobs/sweep__coba__seed42__drop__0p7/output.log	1183
.pingstore/runs/exp037-r001-compute/export/evidence/simulations/jobs/sweep__coba__seed42__drop__0p7/run.jsonl	644
.pingstore/runs/exp037-r001-compute/export/evidence/simulations/jobs/sweep__coba__seed42__drop__0p8/output.log	1183
.pingstore/runs/exp037-r001-compute/export/evidence/simulations/jobs/sweep__coba__seed42__drop__0p8/run.jsonl	644
.pingstore/runs/exp037-r001-compute/export/evidence/simulations/jobs/sweep__coba__seed42__drop__0p9/output.log	1183
.pingstore/runs/exp037-r001-compute/export/evidence/simulations/jobs/sweep__coba__seed42__drop__0p9/run.jsonl	643
.pingstore/runs/exp037-r001-compute/export/evidence/simulations/jobs/sweep__coba__seed42__drop__1/output.log	1182
.pingstore/runs/exp037-r001-compute/export/evidence/simulations/jobs/sweep__coba__seed42__drop__1/run.jsonl	644
.pingstore/runs/exp037-r001-compute/export/evidence/simulations/jobs/sweep__coba__seed43__add__0/output.log	1182
.pingstore/runs/exp037-r001-compute/export/evidence/simulations/jobs/sweep__coba__seed43__add__0/run.jsonl	642
.pingstore/runs/exp037-r001-compute/export/evidence/simulations/jobs/sweep__coba__seed43__add__10/output.log	1184
.pingstore/runs/exp037-r001-compute/export/evidence/simulations/jobs/sweep__coba__seed43__add__10/run.jsonl	643
.pingstore/runs/exp037-r001-compute/export/evidence/simulations/jobs/sweep__coba__seed43__add__12/output.log	1184
.pingstore/runs/exp037-r001-compute/export/evidence/simulations/jobs/sweep__coba__seed43__add__12/run.jsonl	644
.pingstore/runs/exp037-r001-compute/export/evidence/simulations/jobs/sweep__coba__seed43__add__14/output.log	1184
.pingstore/runs/exp037-r001-compute/export/evidence/simulations/jobs/sweep__coba__seed43__add__14/run.jsonl	643
.pingstore/runs/exp037-r001-compute/export/evidence/simulations/jobs/sweep__coba__seed43__add__16/output.log	1184
.pingstore/runs/exp037-r001-compute/export/evidence/simulations/jobs/sweep__coba__seed43__add__16/run.jsonl	643
.pingstore/runs/exp037-r001-compute/export/evidence/simulations/jobs/sweep__coba__seed43__add__18/output.log	1184
.pingstore/runs/exp037-r001-compute/export/evidence/simulations/jobs/sweep__coba__seed43__add__18/run.jsonl	643
.pingstore/runs/exp037-r001-compute/export/evidence/simulations/jobs/sweep__coba__seed43__add__2/output.log	1182
.pingstore/runs/exp037-r001-compute/export/evidence/simulations/jobs/sweep__coba__seed43__add__2/run.jsonl	643
.pingstore/runs/exp037-r001-compute/export/evidence/simulations/jobs/sweep__coba__seed43__add__20/output.log	1184
.pingstore/runs/exp037-r001-compute/export/evidence/simulations/jobs/sweep__coba__seed43__add__20/run.jsonl	643
.pingstore/runs/exp037-r001-compute/export/evidence/simulations/jobs/sweep__coba__seed43__add__22/output.log	1184
.pingstore/runs/exp037-r001-compute/export/evidence/simulations/jobs/sweep__coba__seed43__add__22/run.jsonl	644
.pingstore/runs/exp037-r001-compute/export/evidence/simulations/jobs/sweep__coba__seed43__add__24/output.log	1184
.pingstore/runs/exp037-r001-compute/export/evidence/simulations/jobs/sweep__coba__seed43__add__24/run.jsonl	643
.pingstore/runs/exp037-r001-compute/export/evidence/simulations/jobs/sweep__coba__seed43__add__26/output.log	1184
.pingstore/runs/exp037-r001-compute/export/evidence/simulations/jobs/sweep__coba__seed43__add__26/run.jsonl	643
.pingstore/runs/exp037-r001-compute/export/evidence/simulations/jobs/sweep__coba__seed43__add__28/output.log	1184
.pingstore/runs/exp037-r001-compute/export/evidence/simulations/jobs/sweep__coba__seed43__add__28/run.jsonl	643
.pingstore/runs/exp037-r001-compute/export/evidence/simulations/jobs/sweep__coba__seed43__add__30/output.log	1184
.pingstore/runs/exp037-r001-compute/export/evidence/simulations/jobs/sweep__coba__seed43__add__30/run.jsonl	644
.pingstore/runs/exp037-r001-compute/export/evidence/simulations/jobs/sweep__coba__seed43__add__32/output.log	1184
.pingstore/runs/exp037-r001-compute/export/evidence/simulations/jobs/sweep__coba__seed43__add__32/run.jsonl	642
.pingstore/runs/exp037-r001-compute/export/evidence/simulations/jobs/sweep__coba__seed43__add__34/output.log	1184
.pingstore/runs/exp037-r001-compute/export/evidence/simulations/jobs/sweep__coba__seed43__add__34/run.jsonl	643
.pingstore/runs/exp037-r001-compute/export/evidence/simulations/jobs/sweep__coba__seed43__add__36/output.log	1184
.pingstore/runs/exp037-r001-compute/export/evidence/simulations/jobs/sweep__coba__seed43__add__36/run.jsonl	643
.pingstore/runs/exp037-r001-compute/export/evidence/simulations/jobs/sweep__coba__seed43__add__38/output.log	1184
.pingstore/runs/exp037-r001-compute/export/evidence/simulations/jobs/sweep__coba__seed43__add__38/run.jsonl	644
.pingstore/runs/exp037-r001-compute/export/evidence/simulations/jobs/sweep__coba__seed43__add__4/output.log	1182
.pingstore/runs/exp037-r001-compute/export/evidence/simulations/jobs/sweep__coba__seed43__add__4/run.jsonl	644
.pingstore/runs/exp037-r001-compute/export/evidence/simulations/jobs/sweep__coba__seed43__add__40/output.log	1184
.pingstore/runs/exp037-r001-compute/export/evidence/simulations/jobs/sweep__coba__seed43__add__40/run.jsonl	643
.pingstore/runs/exp037-r001-compute/export/evidence/simulations/jobs/sweep__coba__seed43__add__6/output.log	1182
.pingstore/runs/exp037-r001-compute/export/evidence/simulations/jobs/sweep__coba__seed43__add__6/run.jsonl	643
.pingstore/runs/exp037-r001-compute/export/evidence/simulations/jobs/sweep__coba__seed43__add__8/output.log	1182
.pingstore/runs/exp037-r001-compute/export/evidence/simulations/jobs/sweep__coba__seed43__add__8/run.jsonl	643
.pingstore/runs/exp037-r001-compute/export/evidence/simulations/jobs/sweep__coba__seed43__drop__0/output.log	1184
.pingstore/runs/exp037-r001-compute/export/evidence/simulations/jobs/sweep__coba__seed43__drop__0/run.jsonl	642
.pingstore/runs/exp037-r001-compute/export/evidence/simulations/jobs/sweep__coba__seed43__drop__0p1/output.log	1184
.pingstore/runs/exp037-r001-compute/export/evidence/simulations/jobs/sweep__coba__seed43__drop__0p1/run.jsonl	644
.pingstore/runs/exp037-r001-compute/export/evidence/simulations/jobs/sweep__coba__seed43__drop__0p2/output.log	1183
.pingstore/runs/exp037-r001-compute/export/evidence/simulations/jobs/sweep__coba__seed43__drop__0p2/run.jsonl	644
.pingstore/runs/exp037-r001-compute/export/evidence/simulations/jobs/sweep__coba__seed43__drop__0p3/output.log	1183
.pingstore/runs/exp037-r001-compute/export/evidence/simulations/jobs/sweep__coba__seed43__drop__0p3/run.jsonl	643
.pingstore/runs/exp037-r001-compute/export/evidence/simulations/jobs/sweep__coba__seed43__drop__0p4/output.log	1183
.pingstore/runs/exp037-r001-compute/export/evidence/simulations/jobs/sweep__coba__seed43__drop__0p4/run.jsonl	644
.pingstore/runs/exp037-r001-compute/export/evidence/simulations/jobs/sweep__coba__seed43__drop__0p5/output.log	1183
.pingstore/runs/exp037-r001-compute/export/evidence/simulations/jobs/sweep__coba__seed43__drop__0p5/run.jsonl	644
.pingstore/runs/exp037-r001-compute/export/evidence/simulations/jobs/sweep__coba__seed43__drop__0p6/output.log	1183
.pingstore/runs/exp037-r001-compute/export/evidence/simulations/jobs/sweep__coba__seed43__drop__0p6/run.jsonl	641
.pingstore/runs/exp037-r001-compute/export/evidence/simulations/jobs/sweep__coba__seed43__drop__0p7/output.log	1183
.pingstore/runs/exp037-r001-compute/export/evidence/simulations/jobs/sweep__coba__seed43__drop__0p7/run.jsonl	644
.pingstore/runs/exp037-r001-compute/export/evidence/simulations/jobs/sweep__coba__seed43__drop__0p8/output.log	1183
.pingstore/runs/exp037-r001-compute/export/evidence/simulations/jobs/sweep__coba__seed43__drop__0p8/run.jsonl	643
.pingstore/runs/exp037-r001-compute/export/evidence/simulations/jobs/sweep__coba__seed43__drop__0p9/output.log	1183
.pingstore/runs/exp037-r001-compute/export/evidence/simulations/jobs/sweep__coba__seed43__drop__0p9/run.jsonl	643
.pingstore/runs/exp037-r001-compute/export/evidence/simulations/jobs/sweep__coba__seed43__drop__1/output.log	1182
.pingstore/runs/exp037-r001-compute/export/evidence/simulations/jobs/sweep__coba__seed43__drop__1/run.jsonl	643
.pingstore/runs/exp037-r001-compute/export/evidence/simulations/jobs/sweep__coba__seed44__add__0/output.log	1182
.pingstore/runs/exp037-r001-compute/export/evidence/simulations/jobs/sweep__coba__seed44__add__0/run.jsonl	642
.pingstore/runs/exp037-r001-compute/export/evidence/simulations/jobs/sweep__coba__seed44__add__10/output.log	1184
.pingstore/runs/exp037-r001-compute/export/evidence/simulations/jobs/sweep__coba__seed44__add__10/run.jsonl	643
.pingstore/runs/exp037-r001-compute/export/evidence/simulations/jobs/sweep__coba__seed44__add__12/output.log	1184
.pingstore/runs/exp037-r001-compute/export/evidence/simulations/jobs/sweep__coba__seed44__add__12/run.jsonl	643
.pingstore/runs/exp037-r001-compute/export/evidence/simulations/jobs/sweep__coba__seed44__add__14/output.log	1184
.pingstore/runs/exp037-r001-compute/export/evidence/simulations/jobs/sweep__coba__seed44__add__14/run.jsonl	643
.pingstore/runs/exp037-r001-compute/export/evidence/simulations/jobs/sweep__coba__seed44__add__16/output.log	1184
.pingstore/runs/exp037-r001-compute/export/evidence/simulations/jobs/sweep__coba__seed44__add__16/run.jsonl	643
.pingstore/runs/exp037-r001-compute/export/evidence/simulations/jobs/sweep__coba__seed44__add__18/output.log	1184
.pingstore/runs/exp037-r001-compute/export/evidence/simulations/jobs/sweep__coba__seed44__add__18/run.jsonl	644
.pingstore/runs/exp037-r001-compute/export/evidence/simulations/jobs/sweep__coba__seed44__add__2/output.log	1182
.pingstore/runs/exp037-r001-compute/export/evidence/simulations/jobs/sweep__coba__seed44__add__2/run.jsonl	644
.pingstore/runs/exp037-r001-compute/export/evidence/simulations/jobs/sweep__coba__seed44__add__20/output.log	1184
.pingstore/runs/exp037-r001-compute/export/evidence/simulations/jobs/sweep__coba__seed44__add__20/run.jsonl	643
.pingstore/runs/exp037-r001-compute/export/evidence/simulations/jobs/sweep__coba__seed44__add__22/output.log	1184
.pingstore/runs/exp037-r001-compute/export/evidence/simulations/jobs/sweep__coba__seed44__add__22/run.jsonl	643
.pingstore/runs/exp037-r001-compute/export/evidence/simulations/jobs/sweep__coba__seed44__add__24/output.log	1184
.pingstore/runs/exp037-r001-compute/export/evidence/simulations/jobs/sweep__coba__seed44__add__24/run.jsonl	643
.pingstore/runs/exp037-r001-compute/export/evidence/simulations/jobs/sweep__coba__seed44__add__26/output.log	1184
.pingstore/runs/exp037-r001-compute/export/evidence/simulations/jobs/sweep__coba__seed44__add__26/run.jsonl	642
.pingstore/runs/exp037-r001-compute/export/evidence/simulations/jobs/sweep__coba__seed44__add__28/output.log	1184
.pingstore/runs/exp037-r001-compute/export/evidence/simulations/jobs/sweep__coba__seed44__add__28/run.jsonl	643
.pingstore/runs/exp037-r001-compute/export/evidence/simulations/jobs/sweep__coba__seed44__add__30/output.log	1184
.pingstore/runs/exp037-r001-compute/export/evidence/simulations/jobs/sweep__coba__seed44__add__30/run.jsonl	644
.pingstore/runs/exp037-r001-compute/export/evidence/simulations/jobs/sweep__coba__seed44__add__32/output.log	1184
.pingstore/runs/exp037-r001-compute/export/evidence/simulations/jobs/sweep__coba__seed44__add__32/run.jsonl	643
.pingstore/runs/exp037-r001-compute/export/evidence/simulations/jobs/sweep__coba__seed44__add__34/output.log	1184
.pingstore/runs/exp037-r001-compute/export/evidence/simulations/jobs/sweep__coba__seed44__add__34/run.jsonl	644
.pingstore/runs/exp037-r001-compute/export/evidence/simulations/jobs/sweep__coba__seed44__add__36/output.log	1184
.pingstore/runs/exp037-r001-compute/export/evidence/simulations/jobs/sweep__coba__seed44__add__36/run.jsonl	643
.pingstore/runs/exp037-r001-compute/export/evidence/simulations/jobs/sweep__coba__seed44__add__38/output.log	1184
.pingstore/runs/exp037-r001-compute/export/evidence/simulations/jobs/sweep__coba__seed44__add__38/run.jsonl	644
.pingstore/runs/exp037-r001-compute/export/evidence/simulations/jobs/sweep__coba__seed44__add__4/output.log	1182
.pingstore/runs/exp037-r001-compute/export/evidence/simulations/jobs/sweep__coba__seed44__add__4/run.jsonl	643
.pingstore/runs/exp037-r001-compute/export/evidence/simulations/jobs/sweep__coba__seed44__add__40/output.log	1184
.pingstore/runs/exp037-r001-compute/export/evidence/simulations/jobs/sweep__coba__seed44__add__40/run.jsonl	643
.pingstore/runs/exp037-r001-compute/export/evidence/simulations/jobs/sweep__coba__seed44__add__6/output.log	1182
.pingstore/runs/exp037-r001-compute/export/evidence/simulations/jobs/sweep__coba__seed44__add__6/run.jsonl	643
.pingstore/runs/exp037-r001-compute/export/evidence/simulations/jobs/sweep__coba__seed44__add__8/output.log	1182
.pingstore/runs/exp037-r001-compute/export/evidence/simulations/jobs/sweep__coba__seed44__add__8/run.jsonl	643
.pingstore/runs/exp037-r001-compute/export/evidence/simulations/jobs/sweep__coba__seed44__drop__0/output.log	1184
.pingstore/runs/exp037-r001-compute/export/evidence/simulations/jobs/sweep__coba__seed44__drop__0/run.jsonl	644
.pingstore/runs/exp037-r001-compute/export/evidence/simulations/jobs/sweep__coba__seed44__drop__0p1/output.log	1184
.pingstore/runs/exp037-r001-compute/export/evidence/simulations/jobs/sweep__coba__seed44__drop__0p1/run.jsonl	642
.pingstore/runs/exp037-r001-compute/export/evidence/simulations/jobs/sweep__coba__seed44__drop__0p2/output.log	1183
.pingstore/runs/exp037-r001-compute/export/evidence/simulations/jobs/sweep__coba__seed44__drop__0p2/run.jsonl	643
.pingstore/runs/exp037-r001-compute/export/evidence/simulations/jobs/sweep__coba__seed44__drop__0p3/output.log	1183
.pingstore/runs/exp037-r001-compute/export/evidence/simulations/jobs/sweep__coba__seed44__drop__0p3/run.jsonl	643
.pingstore/runs/exp037-r001-compute/export/evidence/simulations/jobs/sweep__coba__seed44__drop__0p4/output.log	1183
.pingstore/runs/exp037-r001-compute/export/evidence/simulations/jobs/sweep__coba__seed44__drop__0p4/run.jsonl	643
.pingstore/runs/exp037-r001-compute/export/evidence/simulations/jobs/sweep__coba__seed44__drop__0p5/output.log	1183
.pingstore/runs/exp037-r001-compute/export/evidence/simulations/jobs/sweep__coba__seed44__drop__0p5/run.jsonl	644
.pingstore/runs/exp037-r001-compute/export/evidence/simulations/jobs/sweep__coba__seed44__drop__0p6/output.log	1183
.pingstore/runs/exp037-r001-compute/export/evidence/simulations/jobs/sweep__coba__seed44__drop__0p6/run.jsonl	643
.pingstore/runs/exp037-r001-compute/export/evidence/simulations/jobs/sweep__coba__seed44__drop__0p7/output.log	1183
.pingstore/runs/exp037-r001-compute/export/evidence/simulations/jobs/sweep__coba__seed44__drop__0p7/run.jsonl	643
.pingstore/runs/exp037-r001-compute/export/evidence/simulations/jobs/sweep__coba__seed44__drop__0p8/output.log	1183
.pingstore/runs/exp037-r001-compute/export/evidence/simulations/jobs/sweep__coba__seed44__drop__0p8/run.jsonl	642
.pingstore/runs/exp037-r001-compute/export/evidence/simulations/jobs/sweep__coba__seed44__drop__0p9/output.log	1183
.pingstore/runs/exp037-r001-compute/export/evidence/simulations/jobs/sweep__coba__seed44__drop__0p9/run.jsonl	644
.pingstore/runs/exp037-r001-compute/export/evidence/simulations/jobs/sweep__coba__seed44__drop__1/output.log	1182
.pingstore/runs/exp037-r001-compute/export/evidence/simulations/jobs/sweep__coba__seed44__drop__1/run.jsonl	643
.pingstore/runs/exp037-r001-compute/export/evidence/simulations/jobs/sweep__ping__seed42__add__0/output.log	1181
.pingstore/runs/exp037-r001-compute/export/evidence/simulations/jobs/sweep__ping__seed42__add__0/run.jsonl	643
.pingstore/runs/exp037-r001-compute/export/evidence/simulations/jobs/sweep__ping__seed42__add__10/output.log	1183
.pingstore/runs/exp037-r001-compute/export/evidence/simulations/jobs/sweep__ping__seed42__add__10/run.jsonl	643
.pingstore/runs/exp037-r001-compute/export/evidence/simulations/jobs/sweep__ping__seed42__add__12/output.log	1183
.pingstore/runs/exp037-r001-compute/export/evidence/simulations/jobs/sweep__ping__seed42__add__12/run.jsonl	643
.pingstore/runs/exp037-r001-compute/export/evidence/simulations/jobs/sweep__ping__seed42__add__14/output.log	1183
.pingstore/runs/exp037-r001-compute/export/evidence/simulations/jobs/sweep__ping__seed42__add__14/run.jsonl	643
.pingstore/runs/exp037-r001-compute/export/evidence/simulations/jobs/sweep__ping__seed42__add__16/output.log	1183
.pingstore/runs/exp037-r001-compute/export/evidence/simulations/jobs/sweep__ping__seed42__add__16/run.jsonl	643
.pingstore/runs/exp037-r001-compute/export/evidence/simulations/jobs/sweep__ping__seed42__add__18/output.log	1183
.pingstore/runs/exp037-r001-compute/export/evidence/simulations/jobs/sweep__ping__seed42__add__18/run.jsonl	643
.pingstore/runs/exp037-r001-compute/export/evidence/simulations/jobs/sweep__ping__seed42__add__2/output.log	1181
.pingstore/runs/exp037-r001-compute/export/evidence/simulations/jobs/sweep__ping__seed42__add__2/run.jsonl	644
.pingstore/runs/exp037-r001-compute/export/evidence/simulations/jobs/sweep__ping__seed42__add__20/output.log	1183
.pingstore/runs/exp037-r001-compute/export/evidence/simulations/jobs/sweep__ping__seed42__add__20/run.jsonl	643
.pingstore/runs/exp037-r001-compute/export/evidence/simulations/jobs/sweep__ping__seed42__add__22/output.log	1183
.pingstore/runs/exp037-r001-compute/export/evidence/simulations/jobs/sweep__ping__seed42__add__22/run.jsonl	643
.pingstore/runs/exp037-r001-compute/export/evidence/simulations/jobs/sweep__ping__seed42__add__24/output.log	1183
.pingstore/runs/exp037-r001-compute/export/evidence/simulations/jobs/sweep__ping__seed42__add__24/run.jsonl	643
.pingstore/runs/exp037-r001-compute/export/evidence/simulations/jobs/sweep__ping__seed42__add__26/output.log	1183
.pingstore/runs/exp037-r001-compute/export/evidence/simulations/jobs/sweep__ping__seed42__add__26/run.jsonl	643
.pingstore/runs/exp037-r001-compute/export/evidence/simulations/jobs/sweep__ping__seed42__add__28/output.log	1183
.pingstore/runs/exp037-r001-compute/export/evidence/simulations/jobs/sweep__ping__seed42__add__28/run.jsonl	644
.pingstore/runs/exp037-r001-compute/export/evidence/simulations/jobs/sweep__ping__seed42__add__30/output.log	1183
.pingstore/runs/exp037-r001-compute/export/evidence/simulations/jobs/sweep__ping__seed42__add__30/run.jsonl	643
.pingstore/runs/exp037-r001-compute/export/evidence/simulations/jobs/sweep__ping__seed42__add__32/output.log	1183
.pingstore/runs/exp037-r001-compute/export/evidence/simulations/jobs/sweep__ping__seed42__add__32/run.jsonl	643
.pingstore/runs/exp037-r001-compute/export/evidence/simulations/jobs/sweep__ping__seed42__add__34/output.log	1183
.pingstore/runs/exp037-r001-compute/export/evidence/simulations/jobs/sweep__ping__seed42__add__34/run.jsonl	643
.pingstore/runs/exp037-r001-compute/export/evidence/simulations/jobs/sweep__ping__seed42__add__36/output.log	1183
.pingstore/runs/exp037-r001-compute/export/evidence/simulations/jobs/sweep__ping__seed42__add__36/run.jsonl	643
.pingstore/runs/exp037-r001-compute/export/evidence/simulations/jobs/sweep__ping__seed42__add__38/output.log	1183
.pingstore/runs/exp037-r001-compute/export/evidence/simulations/jobs/sweep__ping__seed42__add__38/run.jsonl	643
.pingstore/runs/exp037-r001-compute/export/evidence/simulations/jobs/sweep__ping__seed42__add__4/output.log	1181
.pingstore/runs/exp037-r001-compute/export/evidence/simulations/jobs/sweep__ping__seed42__add__4/run.jsonl	644
.pingstore/runs/exp037-r001-compute/export/evidence/simulations/jobs/sweep__ping__seed42__add__40/output.log	1183
.pingstore/runs/exp037-r001-compute/export/evidence/simulations/jobs/sweep__ping__seed42__add__40/run.jsonl	643
.pingstore/runs/exp037-r001-compute/export/evidence/simulations/jobs/sweep__ping__seed42__add__6/output.log	1181
.pingstore/runs/exp037-r001-compute/export/evidence/simulations/jobs/sweep__ping__seed42__add__6/run.jsonl	644
.pingstore/runs/exp037-r001-compute/export/evidence/simulations/jobs/sweep__ping__seed42__add__8/output.log	1181
.pingstore/runs/exp037-r001-compute/export/evidence/simulations/jobs/sweep__ping__seed42__add__8/run.jsonl	643
.pingstore/runs/exp037-r001-compute/export/evidence/simulations/jobs/sweep__ping__seed42__drop__0/output.log	1183
.pingstore/runs/exp037-r001-compute/export/evidence/simulations/jobs/sweep__ping__seed42__drop__0/run.jsonl	642
.pingstore/runs/exp037-r001-compute/export/evidence/simulations/jobs/sweep__ping__seed42__drop__0p1/output.log	1183
.pingstore/runs/exp037-r001-compute/export/evidence/simulations/jobs/sweep__ping__seed42__drop__0p1/run.jsonl	643
.pingstore/runs/exp037-r001-compute/export/evidence/simulations/jobs/sweep__ping__seed42__drop__0p2/output.log	1183
.pingstore/runs/exp037-r001-compute/export/evidence/simulations/jobs/sweep__ping__seed42__drop__0p2/run.jsonl	643
.pingstore/runs/exp037-r001-compute/export/evidence/simulations/jobs/sweep__ping__seed42__drop__0p3/output.log	1183
.pingstore/runs/exp037-r001-compute/export/evidence/simulations/jobs/sweep__ping__seed42__drop__0p3/run.jsonl	643
.pingstore/runs/exp037-r001-compute/export/evidence/simulations/jobs/sweep__ping__seed42__drop__0p4/output.log	1183
.pingstore/runs/exp037-r001-compute/export/evidence/simulations/jobs/sweep__ping__seed42__drop__0p4/run.jsonl	643
.pingstore/runs/exp037-r001-compute/export/evidence/simulations/jobs/sweep__ping__seed42__drop__0p5/output.log	1183
.pingstore/runs/exp037-r001-compute/export/evidence/simulations/jobs/sweep__ping__seed42__drop__0p5/run.jsonl	643
.pingstore/runs/exp037-r001-compute/export/evidence/simulations/jobs/sweep__ping__seed42__drop__0p6/output.log	1183
.pingstore/runs/exp037-r001-compute/export/evidence/simulations/jobs/sweep__ping__seed42__drop__0p6/run.jsonl	643
.pingstore/runs/exp037-r001-compute/export/evidence/simulations/jobs/sweep__ping__seed42__drop__0p7/output.log	1183
.pingstore/runs/exp037-r001-compute/export/evidence/simulations/jobs/sweep__ping__seed42__drop__0p7/run.jsonl	643
.pingstore/runs/exp037-r001-compute/export/evidence/simulations/jobs/sweep__ping__seed42__drop__0p8/output.log	1183
.pingstore/runs/exp037-r001-compute/export/evidence/simulations/jobs/sweep__ping__seed42__drop__0p8/run.jsonl	644
.pingstore/runs/exp037-r001-compute/export/evidence/simulations/jobs/sweep__ping__seed42__drop__0p9/output.log	1183
.pingstore/runs/exp037-r001-compute/export/evidence/simulations/jobs/sweep__ping__seed42__drop__0p9/run.jsonl	643
.pingstore/runs/exp037-r001-compute/export/evidence/simulations/jobs/sweep__ping__seed42__drop__1/output.log	1182
.pingstore/runs/exp037-r001-compute/export/evidence/simulations/jobs/sweep__ping__seed42__drop__1/run.jsonl	643
.pingstore/runs/exp037-r001-compute/export/evidence/simulations/jobs/sweep__ping__seed43__add__0/output.log	1181
.pingstore/runs/exp037-r001-compute/export/evidence/simulations/jobs/sweep__ping__seed43__add__0/run.jsonl	643
.pingstore/runs/exp037-r001-compute/export/evidence/simulations/jobs/sweep__ping__seed43__add__10/output.log	1183
.pingstore/runs/exp037-r001-compute/export/evidence/simulations/jobs/sweep__ping__seed43__add__10/run.jsonl	643
.pingstore/runs/exp037-r001-compute/export/evidence/simulations/jobs/sweep__ping__seed43__add__12/output.log	1183
.pingstore/runs/exp037-r001-compute/export/evidence/simulations/jobs/sweep__ping__seed43__add__12/run.jsonl	643
.pingstore/runs/exp037-r001-compute/export/evidence/simulations/jobs/sweep__ping__seed43__add__14/output.log	1183
.pingstore/runs/exp037-r001-compute/export/evidence/simulations/jobs/sweep__ping__seed43__add__14/run.jsonl	643
.pingstore/runs/exp037-r001-compute/export/evidence/simulations/jobs/sweep__ping__seed43__add__16/output.log	1183
.pingstore/runs/exp037-r001-compute/export/evidence/simulations/jobs/sweep__ping__seed43__add__16/run.jsonl	643
.pingstore/runs/exp037-r001-compute/export/evidence/simulations/jobs/sweep__ping__seed43__add__18/output.log	1183
.pingstore/runs/exp037-r001-compute/export/evidence/simulations/jobs/sweep__ping__seed43__add__18/run.jsonl	643
.pingstore/runs/exp037-r001-compute/export/evidence/simulations/jobs/sweep__ping__seed43__add__2/output.log	1181
.pingstore/runs/exp037-r001-compute/export/evidence/simulations/jobs/sweep__ping__seed43__add__2/run.jsonl	644
.pingstore/runs/exp037-r001-compute/export/evidence/simulations/jobs/sweep__ping__seed43__add__20/output.log	1183
.pingstore/runs/exp037-r001-compute/export/evidence/simulations/jobs/sweep__ping__seed43__add__20/run.jsonl	644
.pingstore/runs/exp037-r001-compute/export/evidence/simulations/jobs/sweep__ping__seed43__add__22/output.log	1183
.pingstore/runs/exp037-r001-compute/export/evidence/simulations/jobs/sweep__ping__seed43__add__22/run.jsonl	644
.pingstore/runs/exp037-r001-compute/export/evidence/simulations/jobs/sweep__ping__seed43__add__24/output.log	1183
.pingstore/runs/exp037-r001-compute/export/evidence/simulations/jobs/sweep__ping__seed43__add__24/run.jsonl	642
.pingstore/runs/exp037-r001-compute/export/evidence/simulations/jobs/sweep__ping__seed43__add__26/output.log	1183
.pingstore/runs/exp037-r001-compute/export/evidence/simulations/jobs/sweep__ping__seed43__add__26/run.jsonl	643
.pingstore/runs/exp037-r001-compute/export/evidence/simulations/jobs/sweep__ping__seed43__add__28/output.log	1183
.pingstore/runs/exp037-r001-compute/export/evidence/simulations/jobs/sweep__ping__seed43__add__28/run.jsonl	644
.pingstore/runs/exp037-r001-compute/export/evidence/simulations/jobs/sweep__ping__seed43__add__30/output.log	1183
.pingstore/runs/exp037-r001-compute/export/evidence/simulations/jobs/sweep__ping__seed43__add__30/run.jsonl	643
.pingstore/runs/exp037-r001-compute/export/evidence/simulations/jobs/sweep__ping__seed43__add__32/output.log	1183
.pingstore/runs/exp037-r001-compute/export/evidence/simulations/jobs/sweep__ping__seed43__add__32/run.jsonl	642
.pingstore/runs/exp037-r001-compute/export/evidence/simulations/jobs/sweep__ping__seed43__add__34/output.log	1183
.pingstore/runs/exp037-r001-compute/export/evidence/simulations/jobs/sweep__ping__seed43__add__34/run.jsonl	644
.pingstore/runs/exp037-r001-compute/export/evidence/simulations/jobs/sweep__ping__seed43__add__36/output.log	1183
.pingstore/runs/exp037-r001-compute/export/evidence/simulations/jobs/sweep__ping__seed43__add__36/run.jsonl	643
.pingstore/runs/exp037-r001-compute/export/evidence/simulations/jobs/sweep__ping__seed43__add__38/output.log	1183
.pingstore/runs/exp037-r001-compute/export/evidence/simulations/jobs/sweep__ping__seed43__add__38/run.jsonl	644
.pingstore/runs/exp037-r001-compute/export/evidence/simulations/jobs/sweep__ping__seed43__add__4/output.log	1181
.pingstore/runs/exp037-r001-compute/export/evidence/simulations/jobs/sweep__ping__seed43__add__4/run.jsonl	643
.pingstore/runs/exp037-r001-compute/export/evidence/simulations/jobs/sweep__ping__seed43__add__40/output.log	1183
.pingstore/runs/exp037-r001-compute/export/evidence/simulations/jobs/sweep__ping__seed43__add__40/run.jsonl	644
.pingstore/runs/exp037-r001-compute/export/evidence/simulations/jobs/sweep__ping__seed43__add__6/output.log	1181
.pingstore/runs/exp037-r001-compute/export/evidence/simulations/jobs/sweep__ping__seed43__add__6/run.jsonl	643
.pingstore/runs/exp037-r001-compute/export/evidence/simulations/jobs/sweep__ping__seed43__add__8/output.log	1181
.pingstore/runs/exp037-r001-compute/export/evidence/simulations/jobs/sweep__ping__seed43__add__8/run.jsonl	643
.pingstore/runs/exp037-r001-compute/export/evidence/simulations/jobs/sweep__ping__seed43__drop__0/output.log	1183
.pingstore/runs/exp037-r001-compute/export/evidence/simulations/jobs/sweep__ping__seed43__drop__0/run.jsonl	643
.pingstore/runs/exp037-r001-compute/export/evidence/simulations/jobs/sweep__ping__seed43__drop__0p1/output.log	1183
.pingstore/runs/exp037-r001-compute/export/evidence/simulations/jobs/sweep__ping__seed43__drop__0p1/run.jsonl	643
.pingstore/runs/exp037-r001-compute/export/evidence/simulations/jobs/sweep__ping__seed43__drop__0p2/output.log	1183
.pingstore/runs/exp037-r001-compute/export/evidence/simulations/jobs/sweep__ping__seed43__drop__0p2/run.jsonl	643
.pingstore/runs/exp037-r001-compute/export/evidence/simulations/jobs/sweep__ping__seed43__drop__0p3/output.log	1183
.pingstore/runs/exp037-r001-compute/export/evidence/simulations/jobs/sweep__ping__seed43__drop__0p3/run.jsonl	643
.pingstore/runs/exp037-r001-compute/export/evidence/simulations/jobs/sweep__ping__seed43__drop__0p4/output.log	1183
.pingstore/runs/exp037-r001-compute/export/evidence/simulations/jobs/sweep__ping__seed43__drop__0p4/run.jsonl	642
.pingstore/runs/exp037-r001-compute/export/evidence/simulations/jobs/sweep__ping__seed43__drop__0p5/output.log	1183
.pingstore/runs/exp037-r001-compute/export/evidence/simulations/jobs/sweep__ping__seed43__drop__0p5/run.jsonl	643
.pingstore/runs/exp037-r001-compute/export/evidence/simulations/jobs/sweep__ping__seed43__drop__0p6/output.log	1183
.pingstore/runs/exp037-r001-compute/export/evidence/simulations/jobs/sweep__ping__seed43__drop__0p6/run.jsonl	642
.pingstore/runs/exp037-r001-compute/export/evidence/simulations/jobs/sweep__ping__seed43__drop__0p7/output.log	1183
.pingstore/runs/exp037-r001-compute/export/evidence/simulations/jobs/sweep__ping__seed43__drop__0p7/run.jsonl	642
.pingstore/runs/exp037-r001-compute/export/evidence/simulations/jobs/sweep__ping__seed43__drop__0p8/output.log	1183
.pingstore/runs/exp037-r001-compute/export/evidence/simulations/jobs/sweep__ping__seed43__drop__0p8/run.jsonl	643
.pingstore/runs/exp037-r001-compute/export/evidence/simulations/jobs/sweep__ping__seed43__drop__0p9/output.log	1183
.pingstore/runs/exp037-r001-compute/export/evidence/simulations/jobs/sweep__ping__seed43__drop__0p9/run.jsonl	643
.pingstore/runs/exp037-r001-compute/export/evidence/simulations/jobs/sweep__ping__seed43__drop__1/output.log	1182
.pingstore/runs/exp037-r001-compute/export/evidence/simulations/jobs/sweep__ping__seed43__drop__1/run.jsonl	643
.pingstore/runs/exp037-r001-compute/export/evidence/simulations/jobs/sweep__ping__seed44__add__0/output.log	1181
.pingstore/runs/exp037-r001-compute/export/evidence/simulations/jobs/sweep__ping__seed44__add__0/run.jsonl	643
.pingstore/runs/exp037-r001-compute/export/evidence/simulations/jobs/sweep__ping__seed44__add__10/output.log	1183
.pingstore/runs/exp037-r001-compute/export/evidence/simulations/jobs/sweep__ping__seed44__add__10/run.jsonl	643
.pingstore/runs/exp037-r001-compute/export/evidence/simulations/jobs/sweep__ping__seed44__add__12/output.log	1183
.pingstore/runs/exp037-r001-compute/export/evidence/simulations/jobs/sweep__ping__seed44__add__12/run.jsonl	644
.pingstore/runs/exp037-r001-compute/export/evidence/simulations/jobs/sweep__ping__seed44__add__14/output.log	1183
.pingstore/runs/exp037-r001-compute/export/evidence/simulations/jobs/sweep__ping__seed44__add__14/run.jsonl	643
.pingstore/runs/exp037-r001-compute/export/evidence/simulations/jobs/sweep__ping__seed44__add__16/output.log	1183
.pingstore/runs/exp037-r001-compute/export/evidence/simulations/jobs/sweep__ping__seed44__add__16/run.jsonl	643
.pingstore/runs/exp037-r001-compute/export/evidence/simulations/jobs/sweep__ping__seed44__add__18/output.log	1183
.pingstore/runs/exp037-r001-compute/export/evidence/simulations/jobs/sweep__ping__seed44__add__18/run.jsonl	643
.pingstore/runs/exp037-r001-compute/export/evidence/simulations/jobs/sweep__ping__seed44__add__2/output.log	1181
.pingstore/runs/exp037-r001-compute/export/evidence/simulations/jobs/sweep__ping__seed44__add__2/run.jsonl	643
.pingstore/runs/exp037-r001-compute/export/evidence/simulations/jobs/sweep__ping__seed44__add__20/output.log	1183
.pingstore/runs/exp037-r001-compute/export/evidence/simulations/jobs/sweep__ping__seed44__add__20/run.jsonl	643
.pingstore/runs/exp037-r001-compute/export/evidence/simulations/jobs/sweep__ping__seed44__add__22/output.log	1183
.pingstore/runs/exp037-r001-compute/export/evidence/simulations/jobs/sweep__ping__seed44__add__22/run.jsonl	643
.pingstore/runs/exp037-r001-compute/export/evidence/simulations/jobs/sweep__ping__seed44__add__24/output.log	1181
.pingstore/runs/exp037-r001-compute/export/evidence/simulations/jobs/sweep__ping__seed44__add__24/run.jsonl	642
.pingstore/runs/exp037-r001-compute/export/evidence/simulations/jobs/sweep__ping__seed44__add__26/output.log	1181
.pingstore/runs/exp037-r001-compute/export/evidence/simulations/jobs/sweep__ping__seed44__add__26/run.jsonl	643
.pingstore/runs/exp037-r001-compute/export/evidence/simulations/jobs/sweep__ping__seed44__add__28/output.log	1181
.pingstore/runs/exp037-r001-compute/export/evidence/simulations/jobs/sweep__ping__seed44__add__28/run.jsonl	643
.pingstore/runs/exp037-r001-compute/export/evidence/simulations/jobs/sweep__ping__seed44__add__30/output.log	1181
.pingstore/runs/exp037-r001-compute/export/evidence/simulations/jobs/sweep__ping__seed44__add__30/run.jsonl	643
.pingstore/runs/exp037-r001-compute/export/evidence/simulations/jobs/sweep__ping__seed44__add__32/output.log	1181
.pingstore/runs/exp037-r001-compute/export/evidence/simulations/jobs/sweep__ping__seed44__add__32/run.jsonl	644
.pingstore/runs/exp037-r001-compute/export/evidence/simulations/jobs/sweep__ping__seed44__add__34/output.log	1181
.pingstore/runs/exp037-r001-compute/export/evidence/simulations/jobs/sweep__ping__seed44__add__34/run.jsonl	644
.pingstore/runs/exp037-r001-compute/export/evidence/simulations/jobs/sweep__ping__seed44__add__36/output.log	1181
.pingstore/runs/exp037-r001-compute/export/evidence/simulations/jobs/sweep__ping__seed44__add__36/run.jsonl	642
.pingstore/runs/exp037-r001-compute/export/evidence/simulations/jobs/sweep__ping__seed44__add__38/output.log	1181
.pingstore/runs/exp037-r001-compute/export/evidence/simulations/jobs/sweep__ping__seed44__add__38/run.jsonl	643
.pingstore/runs/exp037-r001-compute/export/evidence/simulations/jobs/sweep__ping__seed44__add__4/output.log	1181
.pingstore/runs/exp037-r001-compute/export/evidence/simulations/jobs/sweep__ping__seed44__add__4/run.jsonl	643
.pingstore/runs/exp037-r001-compute/export/evidence/simulations/jobs/sweep__ping__seed44__add__40/output.log	1181
.pingstore/runs/exp037-r001-compute/export/evidence/simulations/jobs/sweep__ping__seed44__add__40/run.jsonl	643
.pingstore/runs/exp037-r001-compute/export/evidence/simulations/jobs/sweep__ping__seed44__add__6/output.log	1181
.pingstore/runs/exp037-r001-compute/export/evidence/simulations/jobs/sweep__ping__seed44__add__6/run.jsonl	643
.pingstore/runs/exp037-r001-compute/export/evidence/simulations/jobs/sweep__ping__seed44__add__8/output.log	1181
.pingstore/runs/exp037-r001-compute/export/evidence/simulations/jobs/sweep__ping__seed44__add__8/run.jsonl	644
.pingstore/runs/exp037-r001-compute/export/evidence/simulations/jobs/sweep__ping__seed44__drop__0/output.log	1183
.pingstore/runs/exp037-r001-compute/export/evidence/simulations/jobs/sweep__ping__seed44__drop__0/run.jsonl	643
.pingstore/runs/exp037-r001-compute/export/evidence/simulations/jobs/sweep__ping__seed44__drop__0p1/output.log	1183
.pingstore/runs/exp037-r001-compute/export/evidence/simulations/jobs/sweep__ping__seed44__drop__0p1/run.jsonl	643
.pingstore/runs/exp037-r001-compute/export/evidence/simulations/jobs/sweep__ping__seed44__drop__0p2/output.log	1183
.pingstore/runs/exp037-r001-compute/export/evidence/simulations/jobs/sweep__ping__seed44__drop__0p2/run.jsonl	643
.pingstore/runs/exp037-r001-compute/export/evidence/simulations/jobs/sweep__ping__seed44__drop__0p3/output.log	1183
.pingstore/runs/exp037-r001-compute/export/evidence/simulations/jobs/sweep__ping__seed44__drop__0p3/run.jsonl	642
.pingstore/runs/exp037-r001-compute/export/evidence/simulations/jobs/sweep__ping__seed44__drop__0p4/output.log	1183
.pingstore/runs/exp037-r001-compute/export/evidence/simulations/jobs/sweep__ping__seed44__drop__0p4/run.jsonl	643
.pingstore/runs/exp037-r001-compute/export/evidence/simulations/jobs/sweep__ping__seed44__drop__0p5/output.log	1183
.pingstore/runs/exp037-r001-compute/export/evidence/simulations/jobs/sweep__ping__seed44__drop__0p5/run.jsonl	644
.pingstore/runs/exp037-r001-compute/export/evidence/simulations/jobs/sweep__ping__seed44__drop__0p6/output.log	1183
.pingstore/runs/exp037-r001-compute/export/evidence/simulations/jobs/sweep__ping__seed44__drop__0p6/run.jsonl	644
.pingstore/runs/exp037-r001-compute/export/evidence/simulations/jobs/sweep__ping__seed44__drop__0p7/output.log	1183
.pingstore/runs/exp037-r001-compute/export/evidence/simulations/jobs/sweep__ping__seed44__drop__0p7/run.jsonl	643
.pingstore/runs/exp037-r001-compute/export/evidence/simulations/jobs/sweep__ping__seed44__drop__0p8/output.log	1183
.pingstore/runs/exp037-r001-compute/export/evidence/simulations/jobs/sweep__ping__seed44__drop__0p8/run.jsonl	644
.pingstore/runs/exp037-r001-compute/export/evidence/simulations/jobs/sweep__ping__seed44__drop__0p9/output.log	1183
.pingstore/runs/exp037-r001-compute/export/evidence/simulations/jobs/sweep__ping__seed44__drop__0p9/run.jsonl	643
.pingstore/runs/exp037-r001-compute/export/evidence/simulations/jobs/sweep__ping__seed44__drop__1/output.log	1182
.pingstore/runs/exp037-r001-compute/export/evidence/simulations/jobs/sweep__ping__seed44__drop__1/run.jsonl	643
.pingstore/runs/exp038-r001-compute/export/evidence/exp041-import-helpers.py	17963
.pingstore/runs/exp038-r001-compute/export/evidence/file-mapping.json	331878
.pingstore/runs/exp038-r001-compute/export/evidence/gold-2/derived/artifacts/data/exp038/numbers.json	43167
.pingstore/runs/exp038-r001-compute/export/evidence/gold-2/inventory.json	2101788
.pingstore/runs/exp038-r001-compute/export/evidence/gold-2/lineage.json	1876
.pingstore/runs/exp038-r001-compute/export/evidence/gold-2/provenance/source-records/repair/collection-plan.json	19357
.pingstore/runs/exp038-r001-compute/export/evidence/gold-2/provenance/source-records/repair/logs/collection/ggs-repair-exp038_34111990.err	2047
.pingstore/runs/exp038-r001-compute/export/evidence/gold-2/provenance/source-records/repair/logs/collection/ggs-repair-exp038_34111990.out	183736
.pingstore/runs/exp038-r001-compute/export/evidence/gold-2/provenance/source-records/repair/logs/exp038/exp038.jsonl	153
.pingstore/runs/exp038-r001-compute/export/evidence/gold-2/provenance/source-records/repair/run.json	959
.pingstore/runs/exp038-r001-compute/export/evidence/gold-2/run.json	1103
.pingstore/runs/exp038-r001-compute/export/evidence/gold-2/state/experiments/exp038/ei_raster/seed42/ei0.2_s0/best_validation__ffba4cf4f0b8/config.json	2144
.pingstore/runs/exp038-r001-compute/export/evidence/gold-2/state/experiments/exp038/ei_raster/seed42/ei0.2_s0/best_validation__ffba4cf4f0b8/output.log	820
.pingstore/runs/exp038-r001-compute/export/evidence/gold-2/state/experiments/exp038/ei_raster/seed42/ei0.2_s0/best_validation__ffba4cf4f0b8/run.jsonl	643
.pingstore/runs/exp038-r001-compute/export/evidence/gold-2/state/experiments/exp038/ei_raster/seed42/ei0.4_s0/best_validation__ffba4cf4f0b8/config.json	2144
.pingstore/runs/exp038-r001-compute/export/evidence/gold-2/state/experiments/exp038/ei_raster/seed42/ei0.4_s0/best_validation__ffba4cf4f0b8/output.log	820
.pingstore/runs/exp038-r001-compute/export/evidence/gold-2/state/experiments/exp038/ei_raster/seed42/ei0.4_s0/best_validation__ffba4cf4f0b8/run.jsonl	644
.pingstore/runs/exp038-r001-compute/export/evidence/gold-2/state/experiments/exp038/ei_raster/seed42/ei0.6_s0/best_validation__ffba4cf4f0b8/config.json	2144
.pingstore/runs/exp038-r001-compute/export/evidence/gold-2/state/experiments/exp038/ei_raster/seed42/ei0.6_s0/best_validation__ffba4cf4f0b8/output.log	820
.pingstore/runs/exp038-r001-compute/export/evidence/gold-2/state/experiments/exp038/ei_raster/seed42/ei0.6_s0/best_validation__ffba4cf4f0b8/run.jsonl	643
.pingstore/runs/exp038-r001-compute/export/evidence/gold-2/state/experiments/exp038/ei_raster/seed42/ei0.8_s0/best_validation__ffba4cf4f0b8/config.json	2144
.pingstore/runs/exp038-r001-compute/export/evidence/gold-2/state/experiments/exp038/ei_raster/seed42/ei0.8_s0/best_validation__ffba4cf4f0b8/output.log	820
.pingstore/runs/exp038-r001-compute/export/evidence/gold-2/state/experiments/exp038/ei_raster/seed42/ei0.8_s0/best_validation__ffba4cf4f0b8/run.jsonl	643
.pingstore/runs/exp038-r001-compute/export/evidence/gold-2/state/experiments/exp038/ei_raster/seed42/ei0_s0/best_validation__ffba4cf4f0b8/config.json	2142
.pingstore/runs/exp038-r001-compute/export/evidence/gold-2/state/experiments/exp038/ei_raster/seed42/ei0_s0/best_validation__ffba4cf4f0b8/output.log	820
.pingstore/runs/exp038-r001-compute/export/evidence/gold-2/state/experiments/exp038/ei_raster/seed42/ei0_s0/best_validation__ffba4cf4f0b8/run.jsonl	642
.pingstore/runs/exp038-r001-compute/export/evidence/gold-2/state/experiments/exp038/ei_raster/seed42/ei1_s0/best_validation__ffba4cf4f0b8/config.json	2142
.pingstore/runs/exp038-r001-compute/export/evidence/gold-2/state/experiments/exp038/ei_raster/seed42/ei1_s0/best_validation__ffba4cf4f0b8/output.log	820
.pingstore/runs/exp038-r001-compute/export/evidence/gold-2/state/experiments/exp038/ei_raster/seed42/ei1_s0/best_validation__ffba4cf4f0b8/run.jsonl	643
.pingstore/runs/exp038-r001-compute/export/evidence/gold-2/state/experiments/exp038/ei_sweep/seed42/infer_ei0.1/best_validation__ffba4cf4f0b8/config.json	2125
.pingstore/runs/exp038-r001-compute/export/evidence/gold-2/state/experiments/exp038/ei_sweep/seed42/infer_ei0.1/best_validation__ffba4cf4f0b8/metrics.json	827
.pingstore/runs/exp038-r001-compute/export/evidence/gold-2/state/experiments/exp038/ei_sweep/seed42/infer_ei0.1/best_validation__ffba4cf4f0b8/output.log	1204
.pingstore/runs/exp038-r001-compute/export/evidence/gold-2/state/experiments/exp038/ei_sweep/seed42/infer_ei0.1/best_validation__ffba4cf4f0b8/run.jsonl	643
.pingstore/runs/exp038-r001-compute/export/evidence/gold-2/state/experiments/exp038/ei_sweep/seed42/infer_ei0.2/best_validation__ffba4cf4f0b8/config.json	2125
.pingstore/runs/exp038-r001-compute/export/evidence/gold-2/state/experiments/exp038/ei_sweep/seed42/infer_ei0.2/best_validation__ffba4cf4f0b8/metrics.json	827
.pingstore/runs/exp038-r001-compute/export/evidence/gold-2/state/experiments/exp038/ei_sweep/seed42/infer_ei0.2/best_validation__ffba4cf4f0b8/output.log	1204
.pingstore/runs/exp038-r001-compute/export/evidence/gold-2/state/experiments/exp038/ei_sweep/seed42/infer_ei0.2/best_validation__ffba4cf4f0b8/run.jsonl	644
.pingstore/runs/exp038-r001-compute/export/evidence/gold-2/state/experiments/exp038/ei_sweep/seed42/infer_ei0.3/best_validation__ffba4cf4f0b8/config.json	2125
.pingstore/runs/exp038-r001-compute/export/evidence/gold-2/state/experiments/exp038/ei_sweep/seed42/infer_ei0.3/best_validation__ffba4cf4f0b8/metrics.json	828
.pingstore/runs/exp038-r001-compute/export/evidence/gold-2/state/experiments/exp038/ei_sweep/seed42/infer_ei0.3/best_validation__ffba4cf4f0b8/output.log	1204
.pingstore/runs/exp038-r001-compute/export/evidence/gold-2/state/experiments/exp038/ei_sweep/seed42/infer_ei0.3/best_validation__ffba4cf4f0b8/run.jsonl	643
.pingstore/runs/exp038-r001-compute/export/evidence/gold-2/state/experiments/exp038/ei_sweep/seed42/infer_ei0.4/best_validation__ffba4cf4f0b8/config.json	2125
.pingstore/runs/exp038-r001-compute/export/evidence/gold-2/state/experiments/exp038/ei_sweep/seed42/infer_ei0.4/best_validation__ffba4cf4f0b8/metrics.json	830
.pingstore/runs/exp038-r001-compute/export/evidence/gold-2/state/experiments/exp038/ei_sweep/seed42/infer_ei0.4/best_validation__ffba4cf4f0b8/output.log	1204
.pingstore/runs/exp038-r001-compute/export/evidence/gold-2/state/experiments/exp038/ei_sweep/seed42/infer_ei0.4/best_validation__ffba4cf4f0b8/run.jsonl	644
.pingstore/runs/exp038-r001-compute/export/evidence/gold-2/state/experiments/exp038/ei_sweep/seed42/infer_ei0.5/best_validation__ffba4cf4f0b8/config.json	2125
.pingstore/runs/exp038-r001-compute/export/evidence/gold-2/state/experiments/exp038/ei_sweep/seed42/infer_ei0.5/best_validation__ffba4cf4f0b8/metrics.json	831
.pingstore/runs/exp038-r001-compute/export/evidence/gold-2/state/experiments/exp038/ei_sweep/seed42/infer_ei0.5/best_validation__ffba4cf4f0b8/output.log	1204
.pingstore/runs/exp038-r001-compute/export/evidence/gold-2/state/experiments/exp038/ei_sweep/seed42/infer_ei0.5/best_validation__ffba4cf4f0b8/run.jsonl	643
.pingstore/runs/exp038-r001-compute/export/evidence/gold-2/state/experiments/exp038/ei_sweep/seed42/infer_ei0.6/best_validation__ffba4cf4f0b8/config.json	2125
.pingstore/runs/exp038-r001-compute/export/evidence/gold-2/state/experiments/exp038/ei_sweep/seed42/infer_ei0.6/best_validation__ffba4cf4f0b8/metrics.json	826
.pingstore/runs/exp038-r001-compute/export/evidence/gold-2/state/experiments/exp038/ei_sweep/seed42/infer_ei0.6/best_validation__ffba4cf4f0b8/output.log	1204
.pingstore/runs/exp038-r001-compute/export/evidence/gold-2/state/experiments/exp038/ei_sweep/seed42/infer_ei0.6/best_validation__ffba4cf4f0b8/run.jsonl	644
.pingstore/runs/exp038-r001-compute/export/evidence/gold-2/state/experiments/exp038/ei_sweep/seed42/infer_ei0.7/best_validation__ffba4cf4f0b8/config.json	2125
.pingstore/runs/exp038-r001-compute/export/evidence/gold-2/state/experiments/exp038/ei_sweep/seed42/infer_ei0.7/best_validation__ffba4cf4f0b8/metrics.json	829
.pingstore/runs/exp038-r001-compute/export/evidence/gold-2/state/experiments/exp038/ei_sweep/seed42/infer_ei0.7/best_validation__ffba4cf4f0b8/output.log	1204
.pingstore/runs/exp038-r001-compute/export/evidence/gold-2/state/experiments/exp038/ei_sweep/seed42/infer_ei0.7/best_validation__ffba4cf4f0b8/run.jsonl	644
.pingstore/runs/exp038-r001-compute/export/evidence/gold-2/state/experiments/exp038/ei_sweep/seed42/infer_ei0.8/best_validation__ffba4cf4f0b8/config.json	2125
.pingstore/runs/exp038-r001-compute/export/evidence/gold-2/state/experiments/exp038/ei_sweep/seed42/infer_ei0.8/best_validation__ffba4cf4f0b8/metrics.json	825
.pingstore/runs/exp038-r001-compute/export/evidence/gold-2/state/experiments/exp038/ei_sweep/seed42/infer_ei0.8/best_validation__ffba4cf4f0b8/output.log	1203
.pingstore/runs/exp038-r001-compute/export/evidence/gold-2/state/experiments/exp038/ei_sweep/seed42/infer_ei0.8/best_validation__ffba4cf4f0b8/run.jsonl	643
.pingstore/runs/exp038-r001-compute/export/evidence/gold-2/state/experiments/exp038/ei_sweep/seed42/infer_ei0.9/best_validation__ffba4cf4f0b8/config.json	2125
.pingstore/runs/exp038-r001-compute/export/evidence/gold-2/state/experiments/exp038/ei_sweep/seed42/infer_ei0.9/best_validation__ffba4cf4f0b8/metrics.json	821
.pingstore/runs/exp038-r001-compute/export/evidence/gold-2/state/experiments/exp038/ei_sweep/seed42/infer_ei0.9/best_validation__ffba4cf4f0b8/output.log	1203
.pingstore/runs/exp038-r001-compute/export/evidence/gold-2/state/experiments/exp038/ei_sweep/seed42/infer_ei0.9/best_validation__ffba4cf4f0b8/run.jsonl	644
.pingstore/runs/exp038-r001-compute/export/evidence/gold-2/state/experiments/exp038/ei_sweep/seed42/infer_ei0/best_validation__ffba4cf4f0b8/config.json	2123
.pingstore/runs/exp038-r001-compute/export/evidence/gold-2/state/experiments/exp038/ei_sweep/seed42/infer_ei0/best_validation__ffba4cf4f0b8/metrics.json	823
.pingstore/runs/exp038-r001-compute/export/evidence/gold-2/state/experiments/exp038/ei_sweep/seed42/infer_ei0/best_validation__ffba4cf4f0b8/output.log	1203
.pingstore/runs/exp038-r001-compute/export/evidence/gold-2/state/experiments/exp038/ei_sweep/seed42/infer_ei0/best_validation__ffba4cf4f0b8/run.jsonl	644
.pingstore/runs/exp038-r001-compute/export/evidence/gold-2/state/experiments/exp038/ei_sweep/seed42/infer_ei1/best_validation__ffba4cf4f0b8/config.json	2123
.pingstore/runs/exp038-r001-compute/export/evidence/gold-2/state/experiments/exp038/ei_sweep/seed42/infer_ei1/best_validation__ffba4cf4f0b8/metrics.json	825
.pingstore/runs/exp038-r001-compute/export/evidence/gold-2/state/experiments/exp038/ei_sweep/seed42/infer_ei1/best_validation__ffba4cf4f0b8/output.log	1201
.pingstore/runs/exp038-r001-compute/export/evidence/gold-2/state/experiments/exp038/ei_sweep/seed42/infer_ei1/best_validation__ffba4cf4f0b8/run.jsonl	643
.pingstore/runs/exp038-r001-compute/export/evidence/gold-2/state/experiments/exp038/ei_sweep/seed43/infer_ei0.1/best_validation__b55b27948826/config.json	2125
.pingstore/runs/exp038-r001-compute/export/evidence/gold-2/state/experiments/exp038/ei_sweep/seed43/infer_ei0.1/best_validation__b55b27948826/metrics.json	825
.pingstore/runs/exp038-r001-compute/export/evidence/gold-2/state/experiments/exp038/ei_sweep/seed43/infer_ei0.1/best_validation__b55b27948826/output.log	1204
.pingstore/runs/exp038-r001-compute/export/evidence/gold-2/state/experiments/exp038/ei_sweep/seed43/infer_ei0.1/best_validation__b55b27948826/run.jsonl	643
.pingstore/runs/exp038-r001-compute/export/evidence/gold-2/state/experiments/exp038/ei_sweep/seed43/infer_ei0.2/best_validation__b55b27948826/config.json	2125
.pingstore/runs/exp038-r001-compute/export/evidence/gold-2/state/experiments/exp038/ei_sweep/seed43/infer_ei0.2/best_validation__b55b27948826/metrics.json	827
.pingstore/runs/exp038-r001-compute/export/evidence/gold-2/state/experiments/exp038/ei_sweep/seed43/infer_ei0.2/best_validation__b55b27948826/output.log	1204
.pingstore/runs/exp038-r001-compute/export/evidence/gold-2/state/experiments/exp038/ei_sweep/seed43/infer_ei0.2/best_validation__b55b27948826/run.jsonl	644
.pingstore/runs/exp038-r001-compute/export/evidence/gold-2/state/experiments/exp038/ei_sweep/seed43/infer_ei0.3/best_validation__b55b27948826/config.json	2125
.pingstore/runs/exp038-r001-compute/export/evidence/gold-2/state/experiments/exp038/ei_sweep/seed43/infer_ei0.3/best_validation__b55b27948826/metrics.json	832
.pingstore/runs/exp038-r001-compute/export/evidence/gold-2/state/experiments/exp038/ei_sweep/seed43/infer_ei0.3/best_validation__b55b27948826/output.log	1204
.pingstore/runs/exp038-r001-compute/export/evidence/gold-2/state/experiments/exp038/ei_sweep/seed43/infer_ei0.3/best_validation__b55b27948826/run.jsonl	644
.pingstore/runs/exp038-r001-compute/export/evidence/gold-2/state/experiments/exp038/ei_sweep/seed43/infer_ei0.4/best_validation__b55b27948826/config.json	2125
.pingstore/runs/exp038-r001-compute/export/evidence/gold-2/state/experiments/exp038/ei_sweep/seed43/infer_ei0.4/best_validation__b55b27948826/metrics.json	830
.pingstore/runs/exp038-r001-compute/export/evidence/gold-2/state/experiments/exp038/ei_sweep/seed43/infer_ei0.4/best_validation__b55b27948826/output.log	1204
.pingstore/runs/exp038-r001-compute/export/evidence/gold-2/state/experiments/exp038/ei_sweep/seed43/infer_ei0.4/best_validation__b55b27948826/run.jsonl	644
.pingstore/runs/exp038-r001-compute/export/evidence/gold-2/state/experiments/exp038/ei_sweep/seed43/infer_ei0.5/best_validation__b55b27948826/config.json	2125
.pingstore/runs/exp038-r001-compute/export/evidence/gold-2/state/experiments/exp038/ei_sweep/seed43/infer_ei0.5/best_validation__b55b27948826/metrics.json	826
.pingstore/runs/exp038-r001-compute/export/evidence/gold-2/state/experiments/exp038/ei_sweep/seed43/infer_ei0.5/best_validation__b55b27948826/output.log	1204
.pingstore/runs/exp038-r001-compute/export/evidence/gold-2/state/experiments/exp038/ei_sweep/seed43/infer_ei0.5/best_validation__b55b27948826/run.jsonl	644
.pingstore/runs/exp038-r001-compute/export/evidence/gold-2/state/experiments/exp038/ei_sweep/seed43/infer_ei0.6/best_validation__b55b27948826/config.json	2125
.pingstore/runs/exp038-r001-compute/export/evidence/gold-2/state/experiments/exp038/ei_sweep/seed43/infer_ei0.6/best_validation__b55b27948826/metrics.json	828
.pingstore/runs/exp038-r001-compute/export/evidence/gold-2/state/experiments/exp038/ei_sweep/seed43/infer_ei0.6/best_validation__b55b27948826/output.log	1204
.pingstore/runs/exp038-r001-compute/export/evidence/gold-2/state/experiments/exp038/ei_sweep/seed43/infer_ei0.6/best_validation__b55b27948826/run.jsonl	644
.pingstore/runs/exp038-r001-compute/export/evidence/gold-2/state/experiments/exp038/ei_sweep/seed43/infer_ei0.7/best_validation__b55b27948826/config.json	2125
.pingstore/runs/exp038-r001-compute/export/evidence/gold-2/state/experiments/exp038/ei_sweep/seed43/infer_ei0.7/best_validation__b55b27948826/metrics.json	829
.pingstore/runs/exp038-r001-compute/export/evidence/gold-2/state/experiments/exp038/ei_sweep/seed43/infer_ei0.7/best_validation__b55b27948826/output.log	1204
.pingstore/runs/exp038-r001-compute/export/evidence/gold-2/state/experiments/exp038/ei_sweep/seed43/infer_ei0.7/best_validation__b55b27948826/run.jsonl	644
.pingstore/runs/exp038-r001-compute/export/evidence/gold-2/state/experiments/exp038/ei_sweep/seed43/infer_ei0.8/best_validation__b55b27948826/config.json	2125
.pingstore/runs/exp038-r001-compute/export/evidence/gold-2/state/experiments/exp038/ei_sweep/seed43/infer_ei0.8/best_validation__b55b27948826/metrics.json	831
.pingstore/runs/exp038-r001-compute/export/evidence/gold-2/state/experiments/exp038/ei_sweep/seed43/infer_ei0.8/best_validation__b55b27948826/output.log	1204
.pingstore/runs/exp038-r001-compute/export/evidence/gold-2/state/experiments/exp038/ei_sweep/seed43/infer_ei0.8/best_validation__b55b27948826/run.jsonl	643
.pingstore/runs/exp038-r001-compute/export/evidence/gold-2/state/experiments/exp038/ei_sweep/seed43/infer_ei0.9/best_validation__b55b27948826/config.json	2125
.pingstore/runs/exp038-r001-compute/export/evidence/gold-2/state/experiments/exp038/ei_sweep/seed43/infer_ei0.9/best_validation__b55b27948826/metrics.json	828
.pingstore/runs/exp038-r001-compute/export/evidence/gold-2/state/experiments/exp038/ei_sweep/seed43/infer_ei0.9/best_validation__b55b27948826/output.log	1203
.pingstore/runs/exp038-r001-compute/export/evidence/gold-2/state/experiments/exp038/ei_sweep/seed43/infer_ei0.9/best_validation__b55b27948826/run.jsonl	644
.pingstore/runs/exp038-r001-compute/export/evidence/gold-2/state/experiments/exp038/ei_sweep/seed43/infer_ei0/best_validation__b55b27948826/config.json	2123
.pingstore/runs/exp038-r001-compute/export/evidence/gold-2/state/experiments/exp038/ei_sweep/seed43/infer_ei0/best_validation__b55b27948826/metrics.json	816
.pingstore/runs/exp038-r001-compute/export/evidence/gold-2/state/experiments/exp038/ei_sweep/seed43/infer_ei0/best_validation__b55b27948826/output.log	1203
.pingstore/runs/exp038-r001-compute/export/evidence/gold-2/state/experiments/exp038/ei_sweep/seed43/infer_ei0/best_validation__b55b27948826/run.jsonl	643
.pingstore/runs/exp038-r001-compute/export/evidence/gold-2/state/experiments/exp038/ei_sweep/seed43/infer_ei1/best_validation__b55b27948826/config.json	2123
.pingstore/runs/exp038-r001-compute/export/evidence/gold-2/state/experiments/exp038/ei_sweep/seed43/infer_ei1/best_validation__b55b27948826/metrics.json	825
.pingstore/runs/exp038-r001-compute/export/evidence/gold-2/state/experiments/exp038/ei_sweep/seed43/infer_ei1/best_validation__b55b27948826/output.log	1201
.pingstore/runs/exp038-r001-compute/export/evidence/gold-2/state/experiments/exp038/ei_sweep/seed43/infer_ei1/best_validation__b55b27948826/run.jsonl	643
.pingstore/runs/exp038-r001-compute/export/evidence/gold-2/state/experiments/exp038/ei_sweep/seed44/infer_ei0.1/best_validation__dc3001cef907/config.json	2125
.pingstore/runs/exp038-r001-compute/export/evidence/gold-2/state/experiments/exp038/ei_sweep/seed44/infer_ei0.1/best_validation__dc3001cef907/metrics.json	832
.pingstore/runs/exp038-r001-compute/export/evidence/gold-2/state/experiments/exp038/ei_sweep/seed44/infer_ei0.1/best_validation__dc3001cef907/output.log	1204
.pingstore/runs/exp038-r001-compute/export/evidence/gold-2/state/experiments/exp038/ei_sweep/seed44/infer_ei0.1/best_validation__dc3001cef907/run.jsonl	643
.pingstore/runs/exp038-r001-compute/export/evidence/gold-2/state/experiments/exp038/ei_sweep/seed44/infer_ei0.2/best_validation__dc3001cef907/config.json	2125
.pingstore/runs/exp038-r001-compute/export/evidence/gold-2/state/experiments/exp038/ei_sweep/seed44/infer_ei0.2/best_validation__dc3001cef907/metrics.json	832
.pingstore/runs/exp038-r001-compute/export/evidence/gold-2/state/experiments/exp038/ei_sweep/seed44/infer_ei0.2/best_validation__dc3001cef907/output.log	1204
.pingstore/runs/exp038-r001-compute/export/evidence/gold-2/state/experiments/exp038/ei_sweep/seed44/infer_ei0.2/best_validation__dc3001cef907/run.jsonl	644
.pingstore/runs/exp038-r001-compute/export/evidence/gold-2/state/experiments/exp038/ei_sweep/seed44/infer_ei0.3/best_validation__dc3001cef907/config.json	2125
.pingstore/runs/exp038-r001-compute/export/evidence/gold-2/state/experiments/exp038/ei_sweep/seed44/infer_ei0.3/best_validation__dc3001cef907/metrics.json	830
.pingstore/runs/exp038-r001-compute/export/evidence/gold-2/state/experiments/exp038/ei_sweep/seed44/infer_ei0.3/best_validation__dc3001cef907/output.log	1204
.pingstore/runs/exp038-r001-compute/export/evidence/gold-2/state/experiments/exp038/ei_sweep/seed44/infer_ei0.3/best_validation__dc3001cef907/run.jsonl	643
.pingstore/runs/exp038-r001-compute/export/evidence/gold-2/state/experiments/exp038/ei_sweep/seed44/infer_ei0.4/best_validation__dc3001cef907/config.json	2125
.pingstore/runs/exp038-r001-compute/export/evidence/gold-2/state/experiments/exp038/ei_sweep/seed44/infer_ei0.4/best_validation__dc3001cef907/metrics.json	831
.pingstore/runs/exp038-r001-compute/export/evidence/gold-2/state/experiments/exp038/ei_sweep/seed44/infer_ei0.4/best_validation__dc3001cef907/output.log	1204
.pingstore/runs/exp038-r001-compute/export/evidence/gold-2/state/experiments/exp038/ei_sweep/seed44/infer_ei0.4/best_validation__dc3001cef907/run.jsonl	643
.pingstore/runs/exp038-r001-compute/export/evidence/gold-2/state/experiments/exp038/ei_sweep/seed44/infer_ei0.5/best_validation__dc3001cef907/config.json	2125
.pingstore/runs/exp038-r001-compute/export/evidence/gold-2/state/experiments/exp038/ei_sweep/seed44/infer_ei0.5/best_validation__dc3001cef907/metrics.json	832
.pingstore/runs/exp038-r001-compute/export/evidence/gold-2/state/experiments/exp038/ei_sweep/seed44/infer_ei0.5/best_validation__dc3001cef907/output.log	1204
.pingstore/runs/exp038-r001-compute/export/evidence/gold-2/state/experiments/exp038/ei_sweep/seed44/infer_ei0.5/best_validation__dc3001cef907/run.jsonl	644
.pingstore/runs/exp038-r001-compute/export/evidence/gold-2/state/experiments/exp038/ei_sweep/seed44/infer_ei0.6/best_validation__dc3001cef907/config.json	2125
.pingstore/runs/exp038-r001-compute/export/evidence/gold-2/state/experiments/exp038/ei_sweep/seed44/infer_ei0.6/best_validation__dc3001cef907/metrics.json	828
.pingstore/runs/exp038-r001-compute/export/evidence/gold-2/state/experiments/exp038/ei_sweep/seed44/infer_ei0.6/best_validation__dc3001cef907/output.log	1204
.pingstore/runs/exp038-r001-compute/export/evidence/gold-2/state/experiments/exp038/ei_sweep/seed44/infer_ei0.6/best_validation__dc3001cef907/run.jsonl	644
.pingstore/runs/exp038-r001-compute/export/evidence/gold-2/state/experiments/exp038/ei_sweep/seed44/infer_ei0.7/best_validation__dc3001cef907/config.json	2125
.pingstore/runs/exp038-r001-compute/export/evidence/gold-2/state/experiments/exp038/ei_sweep/seed44/infer_ei0.7/best_validation__dc3001cef907/metrics.json	832
.pingstore/runs/exp038-r001-compute/export/evidence/gold-2/state/experiments/exp038/ei_sweep/seed44/infer_ei0.7/best_validation__dc3001cef907/output.log	1204
.pingstore/runs/exp038-r001-compute/export/evidence/gold-2/state/experiments/exp038/ei_sweep/seed44/infer_ei0.7/best_validation__dc3001cef907/run.jsonl	644
.pingstore/runs/exp038-r001-compute/export/evidence/gold-2/state/experiments/exp038/ei_sweep/seed44/infer_ei0.8/best_validation__dc3001cef907/config.json	2125
.pingstore/runs/exp038-r001-compute/export/evidence/gold-2/state/experiments/exp038/ei_sweep/seed44/infer_ei0.8/best_validation__dc3001cef907/metrics.json	831
.pingstore/runs/exp038-r001-compute/export/evidence/gold-2/state/experiments/exp038/ei_sweep/seed44/infer_ei0.8/best_validation__dc3001cef907/output.log	1204
.pingstore/runs/exp038-r001-compute/export/evidence/gold-2/state/experiments/exp038/ei_sweep/seed44/infer_ei0.8/best_validation__dc3001cef907/run.jsonl	644
.pingstore/runs/exp038-r001-compute/export/evidence/gold-2/state/experiments/exp038/ei_sweep/seed44/infer_ei0.9/best_validation__dc3001cef907/config.json	2125
.pingstore/runs/exp038-r001-compute/export/evidence/gold-2/state/experiments/exp038/ei_sweep/seed44/infer_ei0.9/best_validation__dc3001cef907/metrics.json	825
.pingstore/runs/exp038-r001-compute/export/evidence/gold-2/state/experiments/exp038/ei_sweep/seed44/infer_ei0.9/best_validation__dc3001cef907/output.log	1203
.pingstore/runs/exp038-r001-compute/export/evidence/gold-2/state/experiments/exp038/ei_sweep/seed44/infer_ei0.9/best_validation__dc3001cef907/run.jsonl	644
.pingstore/runs/exp038-r001-compute/export/evidence/gold-2/state/experiments/exp038/ei_sweep/seed44/infer_ei0/best_validation__dc3001cef907/config.json	2123
.pingstore/runs/exp038-r001-compute/export/evidence/gold-2/state/experiments/exp038/ei_sweep/seed44/infer_ei0/best_validation__dc3001cef907/metrics.json	822
.pingstore/runs/exp038-r001-compute/export/evidence/gold-2/state/experiments/exp038/ei_sweep/seed44/infer_ei0/best_validation__dc3001cef907/output.log	1203
.pingstore/runs/exp038-r001-compute/export/evidence/gold-2/state/experiments/exp038/ei_sweep/seed44/infer_ei0/best_validation__dc3001cef907/run.jsonl	644
.pingstore/runs/exp038-r001-compute/export/evidence/gold-2/state/experiments/exp038/ei_sweep/seed44/infer_ei1/best_validation__dc3001cef907/config.json	2123
.pingstore/runs/exp038-r001-compute/export/evidence/gold-2/state/experiments/exp038/ei_sweep/seed44/infer_ei1/best_validation__dc3001cef907/metrics.json	828
.pingstore/runs/exp038-r001-compute/export/evidence/gold-2/state/experiments/exp038/ei_sweep/seed44/infer_ei1/best_validation__dc3001cef907/output.log	1201
.pingstore/runs/exp038-r001-compute/export/evidence/gold-2/state/experiments/exp038/ei_sweep/seed44/infer_ei1/best_validation__dc3001cef907/run.jsonl	644
.pingstore/runs/exp038-r001-compute/export/evidence/gold-2/state/experiments/exp038/fi_uniform/coba_r0/config.json	2026
.pingstore/runs/exp038-r001-compute/export/evidence/gold-2/state/experiments/exp038/fi_uniform/coba_r0/metrics.json	464
.pingstore/runs/exp038-r001-compute/export/evidence/gold-2/state/experiments/exp038/fi_uniform/coba_r0/output.log	889
.pingstore/runs/exp038-r001-compute/export/evidence/gold-2/state/experiments/exp038/fi_uniform/coba_r0/run.jsonl	448
.pingstore/runs/exp038-r001-compute/export/evidence/gold-2/state/experiments/exp038/fi_uniform/coba_r1/config.json	2026
.pingstore/runs/exp038-r001-compute/export/evidence/gold-2/state/experiments/exp038/fi_uniform/coba_r1/metrics.json	494
.pingstore/runs/exp038-r001-compute/export/evidence/gold-2/state/experiments/exp038/fi_uniform/coba_r1/output.log	890
.pingstore/runs/exp038-r001-compute/export/evidence/gold-2/state/experiments/exp038/fi_uniform/coba_r1/run.jsonl	447
.pingstore/runs/exp038-r001-compute/export/evidence/gold-2/state/experiments/exp038/fi_uniform/coba_r10/config.json	2028
.pingstore/runs/exp038-r001-compute/export/evidence/gold-2/state/experiments/exp038/fi_uniform/coba_r10/metrics.json	493
.pingstore/runs/exp038-r001-compute/export/evidence/gold-2/state/experiments/exp038/fi_uniform/coba_r10/output.log	894
.pingstore/runs/exp038-r001-compute/export/evidence/gold-2/state/experiments/exp038/fi_uniform/coba_r10/run.jsonl	449
.pingstore/runs/exp038-r001-compute/export/evidence/gold-2/state/experiments/exp038/fi_uniform/coba_r100/config.json	2030
.pingstore/runs/exp038-r001-compute/export/evidence/gold-2/state/experiments/exp038/fi_uniform/coba_r100/metrics.json	494
.pingstore/runs/exp038-r001-compute/export/evidence/gold-2/state/experiments/exp038/fi_uniform/coba_r100/output.log	897
.pingstore/runs/exp038-r001-compute/export/evidence/gold-2/state/experiments/exp038/fi_uniform/coba_r100/run.jsonl	450
.pingstore/runs/exp038-r001-compute/export/evidence/gold-2/state/experiments/exp038/fi_uniform/coba_r12/config.json	2028
.pingstore/runs/exp038-r001-compute/export/evidence/gold-2/state/experiments/exp038/fi_uniform/coba_r12/metrics.json	495
.pingstore/runs/exp038-r001-compute/export/evidence/gold-2/state/experiments/exp038/fi_uniform/coba_r12/output.log	894
.pingstore/runs/exp038-r001-compute/export/evidence/gold-2/state/experiments/exp038/fi_uniform/coba_r12/run.jsonl	449
.pingstore/runs/exp038-r001-compute/export/evidence/gold-2/state/experiments/exp038/fi_uniform/coba_r14/config.json	2028
.pingstore/runs/exp038-r001-compute/export/evidence/gold-2/state/experiments/exp038/fi_uniform/coba_r14/metrics.json	493
.pingstore/runs/exp038-r001-compute/export/evidence/gold-2/state/experiments/exp038/fi_uniform/coba_r14/output.log	894
.pingstore/runs/exp038-r001-compute/export/evidence/gold-2/state/experiments/exp038/fi_uniform/coba_r14/run.jsonl	449
.pingstore/runs/exp038-r001-compute/export/evidence/gold-2/state/experiments/exp038/fi_uniform/coba_r16/config.json	2028
.pingstore/runs/exp038-r001-compute/export/evidence/gold-2/state/experiments/exp038/fi_uniform/coba_r16/metrics.json	493
.pingstore/runs/exp038-r001-compute/export/evidence/gold-2/state/experiments/exp038/fi_uniform/coba_r16/output.log	894
.pingstore/runs/exp038-r001-compute/export/evidence/gold-2/state/experiments/exp038/fi_uniform/coba_r16/run.jsonl	449
.pingstore/runs/exp038-r001-compute/export/evidence/gold-2/state/experiments/exp038/fi_uniform/coba_r18/config.json	2028
.pingstore/runs/exp038-r001-compute/export/evidence/gold-2/state/experiments/exp038/fi_uniform/coba_r18/metrics.json	493
.pingstore/runs/exp038-r001-compute/export/evidence/gold-2/state/experiments/exp038/fi_uniform/coba_r18/output.log	894
.pingstore/runs/exp038-r001-compute/export/evidence/gold-2/state/experiments/exp038/fi_uniform/coba_r18/run.jsonl	450
.pingstore/runs/exp038-r001-compute/export/evidence/gold-2/state/experiments/exp038/fi_uniform/coba_r2/config.json	2026
.pingstore/runs/exp038-r001-compute/export/evidence/gold-2/state/experiments/exp038/fi_uniform/coba_r2/metrics.json	492
.pingstore/runs/exp038-r001-compute/export/evidence/gold-2/state/experiments/exp038/fi_uniform/coba_r2/output.log	890
.pingstore/runs/exp038-r001-compute/export/evidence/gold-2/state/experiments/exp038/fi_uniform/coba_r2/run.jsonl	447
.pingstore/runs/exp038-r001-compute/export/evidence/gold-2/state/experiments/exp038/fi_uniform/coba_r20/config.json	2028
.pingstore/runs/exp038-r001-compute/export/evidence/gold-2/state/experiments/exp038/fi_uniform/coba_r20/metrics.json	493
.pingstore/runs/exp038-r001-compute/export/evidence/gold-2/state/experiments/exp038/fi_uniform/coba_r20/output.log	894
.pingstore/runs/exp038-r001-compute/export/evidence/gold-2/state/experiments/exp038/fi_uniform/coba_r20/run.jsonl	449
.pingstore/runs/exp038-r001-compute/export/evidence/gold-2/state/experiments/exp038/fi_uniform/coba_r25/config.json	2028
.pingstore/runs/exp038-r001-compute/export/evidence/gold-2/state/experiments/exp038/fi_uniform/coba_r25/metrics.json	489
.pingstore/runs/exp038-r001-compute/export/evidence/gold-2/state/experiments/exp038/fi_uniform/coba_r25/output.log	894
.pingstore/runs/exp038-r001-compute/export/evidence/gold-2/state/experiments/exp038/fi_uniform/coba_r25/run.jsonl	449
.pingstore/runs/exp038-r001-compute/export/evidence/gold-2/state/experiments/exp038/fi_uniform/coba_r3/config.json	2026
.pingstore/runs/exp038-r001-compute/export/evidence/gold-2/state/experiments/exp038/fi_uniform/coba_r3/metrics.json	494
.pingstore/runs/exp038-r001-compute/export/evidence/gold-2/state/experiments/exp038/fi_uniform/coba_r3/output.log	891
.pingstore/runs/exp038-r001-compute/export/evidence/gold-2/state/experiments/exp038/fi_uniform/coba_r3/run.jsonl	448
.pingstore/runs/exp038-r001-compute/export/evidence/gold-2/state/experiments/exp038/fi_uniform/coba_r30/config.json	2028
.pingstore/runs/exp038-r001-compute/export/evidence/gold-2/state/experiments/exp038/fi_uniform/coba_r30/metrics.json	493
.pingstore/runs/exp038-r001-compute/export/evidence/gold-2/state/experiments/exp038/fi_uniform/coba_r30/output.log	894
.pingstore/runs/exp038-r001-compute/export/evidence/gold-2/state/experiments/exp038/fi_uniform/coba_r30/run.jsonl	449
.pingstore/runs/exp038-r001-compute/export/evidence/gold-2/state/experiments/exp038/fi_uniform/coba_r35/config.json	2028
.pingstore/runs/exp038-r001-compute/export/evidence/gold-2/state/experiments/exp038/fi_uniform/coba_r35/metrics.json	493
.pingstore/runs/exp038-r001-compute/export/evidence/gold-2/state/experiments/exp038/fi_uniform/coba_r35/output.log	894
.pingstore/runs/exp038-r001-compute/export/evidence/gold-2/state/experiments/exp038/fi_uniform/coba_r35/run.jsonl	449
.pingstore/runs/exp038-r001-compute/export/evidence/gold-2/state/experiments/exp038/fi_uniform/coba_r4/config.json	2026
.pingstore/runs/exp038-r001-compute/export/evidence/gold-2/state/experiments/exp038/fi_uniform/coba_r4/metrics.json	492
.pingstore/runs/exp038-r001-compute/export/evidence/gold-2/state/experiments/exp038/fi_uniform/coba_r4/output.log	891
.pingstore/runs/exp038-r001-compute/export/evidence/gold-2/state/experiments/exp038/fi_uniform/coba_r4/run.jsonl	448
.pingstore/runs/exp038-r001-compute/export/evidence/gold-2/state/experiments/exp038/fi_uniform/coba_r40/config.json	2028
.pingstore/runs/exp038-r001-compute/export/evidence/gold-2/state/experiments/exp038/fi_uniform/coba_r40/metrics.json	493
.pingstore/runs/exp038-r001-compute/export/evidence/gold-2/state/experiments/exp038/fi_uniform/coba_r40/output.log	894
.pingstore/runs/exp038-r001-compute/export/evidence/gold-2/state/experiments/exp038/fi_uniform/coba_r40/run.jsonl	449
.pingstore/runs/exp038-r001-compute/export/evidence/gold-2/state/experiments/exp038/fi_uniform/coba_r5/config.json	2026
.pingstore/runs/exp038-r001-compute/export/evidence/gold-2/state/experiments/exp038/fi_uniform/coba_r5/metrics.json	492
.pingstore/runs/exp038-r001-compute/export/evidence/gold-2/state/experiments/exp038/fi_uniform/coba_r5/output.log	891
.pingstore/runs/exp038-r001-compute/export/evidence/gold-2/state/experiments/exp038/fi_uniform/coba_r5/run.jsonl	448
.pingstore/runs/exp038-r001-compute/export/evidence/gold-2/state/experiments/exp038/fi_uniform/coba_r50/config.json	2028
.pingstore/runs/exp038-r001-compute/export/evidence/gold-2/state/experiments/exp038/fi_uniform/coba_r50/metrics.json	493
.pingstore/runs/exp038-r001-compute/export/evidence/gold-2/state/experiments/exp038/fi_uniform/coba_r50/output.log	894
.pingstore/runs/exp038-r001-compute/export/evidence/gold-2/state/experiments/exp038/fi_uniform/coba_r50/run.jsonl	449
.pingstore/runs/exp038-r001-compute/export/evidence/gold-2/state/experiments/exp038/fi_uniform/coba_r6/config.json	2026
.pingstore/runs/exp038-r001-compute/export/evidence/gold-2/state/experiments/exp038/fi_uniform/coba_r6/metrics.json	488
.pingstore/runs/exp038-r001-compute/export/evidence/gold-2/state/experiments/exp038/fi_uniform/coba_r6/output.log	891
.pingstore/runs/exp038-r001-compute/export/evidence/gold-2/state/experiments/exp038/fi_uniform/coba_r6/run.jsonl	448
.pingstore/runs/exp038-r001-compute/export/evidence/gold-2/state/experiments/exp038/fi_uniform/coba_r60/config.json	2028
.pingstore/runs/exp038-r001-compute/export/evidence/gold-2/state/experiments/exp038/fi_uniform/coba_r60/metrics.json	493
.pingstore/runs/exp038-r001-compute/export/evidence/gold-2/state/experiments/exp038/fi_uniform/coba_r60/output.log	894
.pingstore/runs/exp038-r001-compute/export/evidence/gold-2/state/experiments/exp038/fi_uniform/coba_r60/run.jsonl	449
.pingstore/runs/exp038-r001-compute/export/evidence/gold-2/state/experiments/exp038/fi_uniform/coba_r7/config.json	2026
.pingstore/runs/exp038-r001-compute/export/evidence/gold-2/state/experiments/exp038/fi_uniform/coba_r7/metrics.json	492
.pingstore/runs/exp038-r001-compute/export/evidence/gold-2/state/experiments/exp038/fi_uniform/coba_r7/output.log	891
.pingstore/runs/exp038-r001-compute/export/evidence/gold-2/state/experiments/exp038/fi_uniform/coba_r7/run.jsonl	447
.pingstore/runs/exp038-r001-compute/export/evidence/gold-2/state/experiments/exp038/fi_uniform/coba_r70/config.json	2028
.pingstore/runs/exp038-r001-compute/export/evidence/gold-2/state/experiments/exp038/fi_uniform/coba_r70/metrics.json	493
.pingstore/runs/exp038-r001-compute/export/evidence/gold-2/state/experiments/exp038/fi_uniform/coba_r70/output.log	894
.pingstore/runs/exp038-r001-compute/export/evidence/gold-2/state/experiments/exp038/fi_uniform/coba_r70/run.jsonl	448
.pingstore/runs/exp038-r001-compute/export/evidence/gold-2/state/experiments/exp038/fi_uniform/coba_r8/config.json	2026
.pingstore/runs/exp038-r001-compute/export/evidence/gold-2/state/experiments/exp038/fi_uniform/coba_r8/metrics.json	494
.pingstore/runs/exp038-r001-compute/export/evidence/gold-2/state/experiments/exp038/fi_uniform/coba_r8/output.log	891
.pingstore/runs/exp038-r001-compute/export/evidence/gold-2/state/experiments/exp038/fi_uniform/coba_r8/run.jsonl	448
.pingstore/runs/exp038-r001-compute/export/evidence/gold-2/state/experiments/exp038/fi_uniform/coba_r80/config.json	2028
.pingstore/runs/exp038-r001-compute/export/evidence/gold-2/state/experiments/exp038/fi_uniform/coba_r80/metrics.json	493
.pingstore/runs/exp038-r001-compute/export/evidence/gold-2/state/experiments/exp038/fi_uniform/coba_r80/output.log	894
.pingstore/runs/exp038-r001-compute/export/evidence/gold-2/state/experiments/exp038/fi_uniform/coba_r80/run.jsonl	449
.pingstore/runs/exp038-r001-compute/export/evidence/gold-2/state/experiments/exp038/fi_uniform/coba_r9/config.json	2026
.pingstore/runs/exp038-r001-compute/export/evidence/gold-2/state/experiments/exp038/fi_uniform/coba_r9/metrics.json	494
.pingstore/runs/exp038-r001-compute/export/evidence/gold-2/state/experiments/exp038/fi_uniform/coba_r9/output.log	891
.pingstore/runs/exp038-r001-compute/export/evidence/gold-2/state/experiments/exp038/fi_uniform/coba_r9/run.jsonl	448
.pingstore/runs/exp038-r001-compute/export/evidence/gold-2/state/experiments/exp038/fi_uniform/coba_r90/config.json	2028
.pingstore/runs/exp038-r001-compute/export/evidence/gold-2/state/experiments/exp038/fi_uniform/coba_r90/metrics.json	493
.pingstore/runs/exp038-r001-compute/export/evidence/gold-2/state/experiments/exp038/fi_uniform/coba_r90/output.log	894
.pingstore/runs/exp038-r001-compute/export/evidence/gold-2/state/experiments/exp038/fi_uniform/coba_r90/run.jsonl	449
.pingstore/runs/exp038-r001-compute/export/evidence/gold-2/state/experiments/exp038/fi_uniform/ping_r0/config.json	2026
.pingstore/runs/exp038-r001-compute/export/evidence/gold-2/state/experiments/exp038/fi_uniform/ping_r0/metrics.json	464
.pingstore/runs/exp038-r001-compute/export/evidence/gold-2/state/experiments/exp038/fi_uniform/ping_r0/output.log	889
.pingstore/runs/exp038-r001-compute/export/evidence/gold-2/state/experiments/exp038/fi_uniform/ping_r0/run.jsonl	448
.pingstore/runs/exp038-r001-compute/export/evidence/gold-2/state/experiments/exp038/fi_uniform/ping_r1/config.json	2026
.pingstore/runs/exp038-r001-compute/export/evidence/gold-2/state/experiments/exp038/fi_uniform/ping_r1/metrics.json	514
.pingstore/runs/exp038-r001-compute/export/evidence/gold-2/state/experiments/exp038/fi_uniform/ping_r1/output.log	890
.pingstore/runs/exp038-r001-compute/export/evidence/gold-2/state/experiments/exp038/fi_uniform/ping_r1/run.jsonl	448
.pingstore/runs/exp038-r001-compute/export/evidence/gold-2/state/experiments/exp038/fi_uniform/ping_r10/config.json	2028
.pingstore/runs/exp038-r001-compute/export/evidence/gold-2/state/experiments/exp038/fi_uniform/ping_r10/metrics.json	523
.pingstore/runs/exp038-r001-compute/export/evidence/gold-2/state/experiments/exp038/fi_uniform/ping_r10/output.log	895
.pingstore/runs/exp038-r001-compute/export/evidence/gold-2/state/experiments/exp038/fi_uniform/ping_r10/run.jsonl	449
.pingstore/runs/exp038-r001-compute/export/evidence/gold-2/state/experiments/exp038/fi_uniform/ping_r100/config.json	2030
.pingstore/runs/exp038-r001-compute/export/evidence/gold-2/state/experiments/exp038/fi_uniform/ping_r100/metrics.json	520
.pingstore/runs/exp038-r001-compute/export/evidence/gold-2/state/experiments/exp038/fi_uniform/ping_r100/output.log	898
.pingstore/runs/exp038-r001-compute/export/evidence/gold-2/state/experiments/exp038/fi_uniform/ping_r100/run.jsonl	451
.pingstore/runs/exp038-r001-compute/export/evidence/gold-2/state/experiments/exp038/fi_uniform/ping_r12/config.json	2028
.pingstore/runs/exp038-r001-compute/export/evidence/gold-2/state/experiments/exp038/fi_uniform/ping_r12/metrics.json	521
.pingstore/runs/exp038-r001-compute/export/evidence/gold-2/state/experiments/exp038/fi_uniform/ping_r12/output.log	895
.pingstore/runs/exp038-r001-compute/export/evidence/gold-2/state/experiments/exp038/fi_uniform/ping_r12/run.jsonl	449
.pingstore/runs/exp038-r001-compute/export/evidence/gold-2/state/experiments/exp038/fi_uniform/ping_r14/config.json	2028
.pingstore/runs/exp038-r001-compute/export/evidence/gold-2/state/experiments/exp038/fi_uniform/ping_r14/metrics.json	519
.pingstore/runs/exp038-r001-compute/export/evidence/gold-2/state/experiments/exp038/fi_uniform/ping_r14/output.log	895
.pingstore/runs/exp038-r001-compute/export/evidence/gold-2/state/experiments/exp038/fi_uniform/ping_r14/run.jsonl	449
.pingstore/runs/exp038-r001-compute/export/evidence/gold-2/state/experiments/exp038/fi_uniform/ping_r16/config.json	2028
.pingstore/runs/exp038-r001-compute/export/evidence/gold-2/state/experiments/exp038/fi_uniform/ping_r16/metrics.json	523
.pingstore/runs/exp038-r001-compute/export/evidence/gold-2/state/experiments/exp038/fi_uniform/ping_r16/output.log	895
.pingstore/runs/exp038-r001-compute/export/evidence/gold-2/state/experiments/exp038/fi_uniform/ping_r16/run.jsonl	449
.pingstore/runs/exp038-r001-compute/export/evidence/gold-2/state/experiments/exp038/fi_uniform/ping_r18/config.json	2028
.pingstore/runs/exp038-r001-compute/export/evidence/gold-2/state/experiments/exp038/fi_uniform/ping_r18/metrics.json	517
.pingstore/runs/exp038-r001-compute/export/evidence/gold-2/state/experiments/exp038/fi_uniform/ping_r18/output.log	895
.pingstore/runs/exp038-r001-compute/export/evidence/gold-2/state/experiments/exp038/fi_uniform/ping_r18/run.jsonl	449
.pingstore/runs/exp038-r001-compute/export/evidence/gold-2/state/experiments/exp038/fi_uniform/ping_r2/config.json	2026
.pingstore/runs/exp038-r001-compute/export/evidence/gold-2/state/experiments/exp038/fi_uniform/ping_r2/metrics.json	514
.pingstore/runs/exp038-r001-compute/export/evidence/gold-2/state/experiments/exp038/fi_uniform/ping_r2/output.log	891
.pingstore/runs/exp038-r001-compute/export/evidence/gold-2/state/experiments/exp038/fi_uniform/ping_r2/run.jsonl	448
.pingstore/runs/exp038-r001-compute/export/evidence/gold-2/state/experiments/exp038/fi_uniform/ping_r20/config.json	2028
.pingstore/runs/exp038-r001-compute/export/evidence/gold-2/state/experiments/exp038/fi_uniform/ping_r20/metrics.json	521
.pingstore/runs/exp038-r001-compute/export/evidence/gold-2/state/experiments/exp038/fi_uniform/ping_r20/output.log	895
.pingstore/runs/exp038-r001-compute/export/evidence/gold-2/state/experiments/exp038/fi_uniform/ping_r20/run.jsonl	449
.pingstore/runs/exp038-r001-compute/export/evidence/gold-2/state/experiments/exp038/fi_uniform/ping_r25/config.json	2028
.pingstore/runs/exp038-r001-compute/export/evidence/gold-2/state/experiments/exp038/fi_uniform/ping_r25/metrics.json	521
.pingstore/runs/exp038-r001-compute/export/evidence/gold-2/state/experiments/exp038/fi_uniform/ping_r25/output.log	895
.pingstore/runs/exp038-r001-compute/export/evidence/gold-2/state/experiments/exp038/fi_uniform/ping_r25/run.jsonl	449
.pingstore/runs/exp038-r001-compute/export/evidence/gold-2/state/experiments/exp038/fi_uniform/ping_r3/config.json	2026
.pingstore/runs/exp038-r001-compute/export/evidence/gold-2/state/experiments/exp038/fi_uniform/ping_r3/metrics.json	512
.pingstore/runs/exp038-r001-compute/export/evidence/gold-2/state/experiments/exp038/fi_uniform/ping_r3/output.log	891
.pingstore/runs/exp038-r001-compute/export/evidence/gold-2/state/experiments/exp038/fi_uniform/ping_r3/run.jsonl	448
.pingstore/runs/exp038-r001-compute/export/evidence/gold-2/state/experiments/exp038/fi_uniform/ping_r30/config.json	2028
.pingstore/runs/exp038-r001-compute/export/evidence/gold-2/state/experiments/exp038/fi_uniform/ping_r30/metrics.json	517
.pingstore/runs/exp038-r001-compute/export/evidence/gold-2/state/experiments/exp038/fi_uniform/ping_r30/output.log	895
.pingstore/runs/exp038-r001-compute/export/evidence/gold-2/state/experiments/exp038/fi_uniform/ping_r30/run.jsonl	449
.pingstore/runs/exp038-r001-compute/export/evidence/gold-2/state/experiments/exp038/fi_uniform/ping_r35/config.json	2028
.pingstore/runs/exp038-r001-compute/export/evidence/gold-2/state/experiments/exp038/fi_uniform/ping_r35/metrics.json	515
.pingstore/runs/exp038-r001-compute/export/evidence/gold-2/state/experiments/exp038/fi_uniform/ping_r35/output.log	895
.pingstore/runs/exp038-r001-compute/export/evidence/gold-2/state/experiments/exp038/fi_uniform/ping_r35/run.jsonl	449
.pingstore/runs/exp038-r001-compute/export/evidence/gold-2/state/experiments/exp038/fi_uniform/ping_r4/config.json	2026
.pingstore/runs/exp038-r001-compute/export/evidence/gold-2/state/experiments/exp038/fi_uniform/ping_r4/metrics.json	518
.pingstore/runs/exp038-r001-compute/export/evidence/gold-2/state/experiments/exp038/fi_uniform/ping_r4/output.log	891
.pingstore/runs/exp038-r001-compute/export/evidence/gold-2/state/experiments/exp038/fi_uniform/ping_r4/run.jsonl	448
.pingstore/runs/exp038-r001-compute/export/evidence/gold-2/state/experiments/exp038/fi_uniform/ping_r40/config.json	2028
.pingstore/runs/exp038-r001-compute/export/evidence/gold-2/state/experiments/exp038/fi_uniform/ping_r40/metrics.json	515
.pingstore/runs/exp038-r001-compute/export/evidence/gold-2/state/experiments/exp038/fi_uniform/ping_r40/output.log	895
.pingstore/runs/exp038-r001-compute/export/evidence/gold-2/state/experiments/exp038/fi_uniform/ping_r40/run.jsonl	449
.pingstore/runs/exp038-r001-compute/export/evidence/gold-2/state/experiments/exp038/fi_uniform/ping_r5/config.json	2026
.pingstore/runs/exp038-r001-compute/export/evidence/gold-2/state/experiments/exp038/fi_uniform/ping_r5/metrics.json	518
.pingstore/runs/exp038-r001-compute/export/evidence/gold-2/state/experiments/exp038/fi_uniform/ping_r5/output.log	892
.pingstore/runs/exp038-r001-compute/export/evidence/gold-2/state/experiments/exp038/fi_uniform/ping_r5/run.jsonl	448
.pingstore/runs/exp038-r001-compute/export/evidence/gold-2/state/experiments/exp038/fi_uniform/ping_r50/config.json	2028
.pingstore/runs/exp038-r001-compute/export/evidence/gold-2/state/experiments/exp038/fi_uniform/ping_r50/metrics.json	517
.pingstore/runs/exp038-r001-compute/export/evidence/gold-2/state/experiments/exp038/fi_uniform/ping_r50/output.log	895
.pingstore/runs/exp038-r001-compute/export/evidence/gold-2/state/experiments/exp038/fi_uniform/ping_r50/run.jsonl	449
.pingstore/runs/exp038-r001-compute/export/evidence/gold-2/state/experiments/exp038/fi_uniform/ping_r6/config.json	2026
.pingstore/runs/exp038-r001-compute/export/evidence/gold-2/state/experiments/exp038/fi_uniform/ping_r6/metrics.json	522
.pingstore/runs/exp038-r001-compute/export/evidence/gold-2/state/experiments/exp038/fi_uniform/ping_r6/output.log	892
.pingstore/runs/exp038-r001-compute/export/evidence/gold-2/state/experiments/exp038/fi_uniform/ping_r6/run.jsonl	447
.pingstore/runs/exp038-r001-compute/export/evidence/gold-2/state/experiments/exp038/fi_uniform/ping_r60/config.json	2028
.pingstore/runs/exp038-r001-compute/export/evidence/gold-2/state/experiments/exp038/fi_uniform/ping_r60/metrics.json	523
.pingstore/runs/exp038-r001-compute/export/evidence/gold-2/state/experiments/exp038/fi_uniform/ping_r60/output.log	895
.pingstore/runs/exp038-r001-compute/export/evidence/gold-2/state/experiments/exp038/fi_uniform/ping_r60/run.jsonl	449
.pingstore/runs/exp038-r001-compute/export/evidence/gold-2/state/experiments/exp038/fi_uniform/ping_r7/config.json	2026
.pingstore/runs/exp038-r001-compute/export/evidence/gold-2/state/experiments/exp038/fi_uniform/ping_r7/metrics.json	522
.pingstore/runs/exp038-r001-compute/export/evidence/gold-2/state/experiments/exp038/fi_uniform/ping_r7/output.log	892
.pingstore/runs/exp038-r001-compute/export/evidence/gold-2/state/experiments/exp038/fi_uniform/ping_r7/run.jsonl	448
.pingstore/runs/exp038-r001-compute/export/evidence/gold-2/state/experiments/exp038/fi_uniform/ping_r70/config.json	2028
.pingstore/runs/exp038-r001-compute/export/evidence/gold-2/state/experiments/exp038/fi_uniform/ping_r70/metrics.json	509
.pingstore/runs/exp038-r001-compute/export/evidence/gold-2/state/experiments/exp038/fi_uniform/ping_r70/output.log	895
.pingstore/runs/exp038-r001-compute/export/evidence/gold-2/state/experiments/exp038/fi_uniform/ping_r70/run.jsonl	449
.pingstore/runs/exp038-r001-compute/export/evidence/gold-2/state/experiments/exp038/fi_uniform/ping_r8/config.json	2026
.pingstore/runs/exp038-r001-compute/export/evidence/gold-2/state/experiments/exp038/fi_uniform/ping_r8/metrics.json	522
.pingstore/runs/exp038-r001-compute/export/evidence/gold-2/state/experiments/exp038/fi_uniform/ping_r8/output.log	892
.pingstore/runs/exp038-r001-compute/export/evidence/gold-2/state/experiments/exp038/fi_uniform/ping_r8/run.jsonl	447
.pingstore/runs/exp038-r001-compute/export/evidence/gold-2/state/experiments/exp038/fi_uniform/ping_r80/config.json	2028
.pingstore/runs/exp038-r001-compute/export/evidence/gold-2/state/experiments/exp038/fi_uniform/ping_r80/metrics.json	519
.pingstore/runs/exp038-r001-compute/export/evidence/gold-2/state/experiments/exp038/fi_uniform/ping_r80/output.log	895
.pingstore/runs/exp038-r001-compute/export/evidence/gold-2/state/experiments/exp038/fi_uniform/ping_r80/run.jsonl	449
.pingstore/runs/exp038-r001-compute/export/evidence/gold-2/state/experiments/exp038/fi_uniform/ping_r9/config.json	2026
.pingstore/runs/exp038-r001-compute/export/evidence/gold-2/state/experiments/exp038/fi_uniform/ping_r9/metrics.json	518
.pingstore/runs/exp038-r001-compute/export/evidence/gold-2/state/experiments/exp038/fi_uniform/ping_r9/output.log	892
.pingstore/runs/exp038-r001-compute/export/evidence/gold-2/state/experiments/exp038/fi_uniform/ping_r9/run.jsonl	449
.pingstore/runs/exp038-r001-compute/export/evidence/gold-2/state/experiments/exp038/fi_uniform/ping_r90/config.json	2028
.pingstore/runs/exp038-r001-compute/export/evidence/gold-2/state/experiments/exp038/fi_uniform/ping_r90/metrics.json	521
.pingstore/runs/exp038-r001-compute/export/evidence/gold-2/state/experiments/exp038/fi_uniform/ping_r90/output.log	895
.pingstore/runs/exp038-r001-compute/export/evidence/gold-2/state/experiments/exp038/fi_uniform/ping_r90/run.jsonl	449
.pingstore/runs/exp038-r001-compute/export/evidence/gold-2/state/experiments/exp038/rate_raster/r0_s0/best_validation__6c7c0d72788c/config.json	2065
.pingstore/runs/exp038-r001-compute/export/evidence/gold-2/state/experiments/exp038/rate_raster/r0_s0/best_validation__6c7c0d72788c/output.log	804
.pingstore/runs/exp038-r001-compute/export/evidence/gold-2/state/experiments/exp038/rate_raster/r0_s0/best_validation__6c7c0d72788c/run.jsonl	617
.pingstore/runs/exp038-r001-compute/export/evidence/gold-2/state/experiments/exp038/rate_raster/r10.2564_s0/best_validation__6c7c0d72788c/config.json	2086
.pingstore/runs/exp038-r001-compute/export/evidence/gold-2/state/experiments/exp038/rate_raster/r10.2564_s0/best_validation__6c7c0d72788c/output.log	801
.pingstore/runs/exp038-r001-compute/export/evidence/gold-2/state/experiments/exp038/rate_raster/r10.2564_s0/best_validation__6c7c0d72788c/run.jsonl	617
.pingstore/runs/exp038-r001-compute/export/evidence/gold-2/state/experiments/exp038/rate_raster/r12.8205_s0/best_validation__6c7c0d72788c/config.json	2086
.pingstore/runs/exp038-r001-compute/export/evidence/gold-2/state/experiments/exp038/rate_raster/r12.8205_s0/best_validation__6c7c0d72788c/output.log	801
.pingstore/runs/exp038-r001-compute/export/evidence/gold-2/state/experiments/exp038/rate_raster/r12.8205_s0/best_validation__6c7c0d72788c/run.jsonl	618
.pingstore/runs/exp038-r001-compute/export/evidence/gold-2/state/experiments/exp038/rate_raster/r15.3846_s0/best_validation__6c7c0d72788c/config.json	2086
.pingstore/runs/exp038-r001-compute/export/evidence/gold-2/state/experiments/exp038/rate_raster/r15.3846_s0/best_validation__6c7c0d72788c/output.log	801
.pingstore/runs/exp038-r001-compute/export/evidence/gold-2/state/experiments/exp038/rate_raster/r15.3846_s0/best_validation__6c7c0d72788c/run.jsonl	617
.pingstore/runs/exp038-r001-compute/export/evidence/gold-2/state/experiments/exp038/rate_raster/r17.9487_s0/best_validation__6c7c0d72788c/config.json	2085
.pingstore/runs/exp038-r001-compute/export/evidence/gold-2/state/experiments/exp038/rate_raster/r17.9487_s0/best_validation__6c7c0d72788c/output.log	801
.pingstore/runs/exp038-r001-compute/export/evidence/gold-2/state/experiments/exp038/rate_raster/r17.9487_s0/best_validation__6c7c0d72788c/run.jsonl	617
.pingstore/runs/exp038-r001-compute/export/evidence/gold-2/state/experiments/exp038/rate_raster/r2.5641_s0/best_validation__6c7c0d72788c/config.json	2085
.pingstore/runs/exp038-r001-compute/export/evidence/gold-2/state/experiments/exp038/rate_raster/r2.5641_s0/best_validation__6c7c0d72788c/output.log	801
.pingstore/runs/exp038-r001-compute/export/evidence/gold-2/state/experiments/exp038/rate_raster/r2.5641_s0/best_validation__6c7c0d72788c/run.jsonl	616
.pingstore/runs/exp038-r001-compute/export/evidence/gold-2/state/experiments/exp038/rate_raster/r20.5128_s0/best_validation__6c7c0d72788c/config.json	2086
.pingstore/runs/exp038-r001-compute/export/evidence/gold-2/state/experiments/exp038/rate_raster/r20.5128_s0/best_validation__6c7c0d72788c/output.log	801
.pingstore/runs/exp038-r001-compute/export/evidence/gold-2/state/experiments/exp038/rate_raster/r20.5128_s0/best_validation__6c7c0d72788c/run.jsonl	617
.pingstore/runs/exp038-r001-compute/export/evidence/gold-2/state/experiments/exp038/rate_raster/r23.0769_s0/best_validation__6c7c0d72788c/config.json	2085
.pingstore/runs/exp038-r001-compute/export/evidence/gold-2/state/experiments/exp038/rate_raster/r23.0769_s0/best_validation__6c7c0d72788c/output.log	801
.pingstore/runs/exp038-r001-compute/export/evidence/gold-2/state/experiments/exp038/rate_raster/r23.0769_s0/best_validation__6c7c0d72788c/run.jsonl	617
.pingstore/runs/exp038-r001-compute/export/evidence/gold-2/state/experiments/exp038/rate_raster/r5.12821_s0/best_validation__6c7c0d72788c/config.json	2085
.pingstore/runs/exp038-r001-compute/export/evidence/gold-2/state/experiments/exp038/rate_raster/r5.12821_s0/best_validation__6c7c0d72788c/output.log	801
.pingstore/runs/exp038-r001-compute/export/evidence/gold-2/state/experiments/exp038/rate_raster/r5.12821_s0/best_validation__6c7c0d72788c/run.jsonl	617
.pingstore/runs/exp038-r001-compute/export/evidence/gold-2/state/experiments/exp038/rate_raster/r7.69231_s0/best_validation__6c7c0d72788c/config.json	2085
.pingstore/runs/exp038-r001-compute/export/evidence/gold-2/state/experiments/exp038/rate_raster/r7.69231_s0/best_validation__6c7c0d72788c/output.log	801
.pingstore/runs/exp038-r001-compute/export/evidence/gold-2/state/experiments/exp038/rate_raster/r7.69231_s0/best_validation__6c7c0d72788c/run.jsonl	618
.pingstore/runs/exp038-r001-compute/export/evidence/import-plan.json	802748
.pingstore/runs/exp038-r001-compute/export/evidence/import_gold2.py	14514
.pingstore/runs/exp038-r001-compute/export/evidence/simulations/ei_raster/coba__seed42__0.2/output.log	820
.pingstore/runs/exp038-r001-compute/export/evidence/simulations/ei_raster/coba__seed42__0.2/run.jsonl	643
.pingstore/runs/exp038-r001-compute/export/evidence/simulations/ei_raster/coba__seed42__0.4/output.log	820
.pingstore/runs/exp038-r001-compute/export/evidence/simulations/ei_raster/coba__seed42__0.4/run.jsonl	644
.pingstore/runs/exp038-r001-compute/export/evidence/simulations/ei_raster/coba__seed42__0.6/output.log	820
.pingstore/runs/exp038-r001-compute/export/evidence/simulations/ei_raster/coba__seed42__0.6/run.jsonl	643
.pingstore/runs/exp038-r001-compute/export/evidence/simulations/ei_raster/coba__seed42__0.8/output.log	820
.pingstore/runs/exp038-r001-compute/export/evidence/simulations/ei_raster/coba__seed42__0.8/run.jsonl	643
.pingstore/runs/exp038-r001-compute/export/evidence/simulations/ei_raster/coba__seed42__0/output.log	820
.pingstore/runs/exp038-r001-compute/export/evidence/simulations/ei_raster/coba__seed42__0/run.jsonl	642
.pingstore/runs/exp038-r001-compute/export/evidence/simulations/ei_raster/coba__seed42__1/output.log	820
.pingstore/runs/exp038-r001-compute/export/evidence/simulations/ei_raster/coba__seed42__1/run.jsonl	643
.pingstore/runs/exp038-r001-compute/export/evidence/simulations/ei_sweep/coba__seed42__0.1/output.log	1204
.pingstore/runs/exp038-r001-compute/export/evidence/simulations/ei_sweep/coba__seed42__0.1/run.jsonl	643
.pingstore/runs/exp038-r001-compute/export/evidence/simulations/ei_sweep/coba__seed42__0.2/output.log	1204
.pingstore/runs/exp038-r001-compute/export/evidence/simulations/ei_sweep/coba__seed42__0.2/run.jsonl	644
.pingstore/runs/exp038-r001-compute/export/evidence/simulations/ei_sweep/coba__seed42__0.3/output.log	1204
.pingstore/runs/exp038-r001-compute/export/evidence/simulations/ei_sweep/coba__seed42__0.3/run.jsonl	643
.pingstore/runs/exp038-r001-compute/export/evidence/simulations/ei_sweep/coba__seed42__0.4/output.log	1204
.pingstore/runs/exp038-r001-compute/export/evidence/simulations/ei_sweep/coba__seed42__0.4/run.jsonl	644
.pingstore/runs/exp038-r001-compute/export/evidence/simulations/ei_sweep/coba__seed42__0.5/output.log	1204
.pingstore/runs/exp038-r001-compute/export/evidence/simulations/ei_sweep/coba__seed42__0.5/run.jsonl	643
.pingstore/runs/exp038-r001-compute/export/evidence/simulations/ei_sweep/coba__seed42__0.6/output.log	1204
.pingstore/runs/exp038-r001-compute/export/evidence/simulations/ei_sweep/coba__seed42__0.6/run.jsonl	644
.pingstore/runs/exp038-r001-compute/export/evidence/simulations/ei_sweep/coba__seed42__0.7/output.log	1204
.pingstore/runs/exp038-r001-compute/export/evidence/simulations/ei_sweep/coba__seed42__0.7/run.jsonl	644
.pingstore/runs/exp038-r001-compute/export/evidence/simulations/ei_sweep/coba__seed42__0.8/output.log	1203
.pingstore/runs/exp038-r001-compute/export/evidence/simulations/ei_sweep/coba__seed42__0.8/run.jsonl	643
.pingstore/runs/exp038-r001-compute/export/evidence/simulations/ei_sweep/coba__seed42__0.9/output.log	1203
.pingstore/runs/exp038-r001-compute/export/evidence/simulations/ei_sweep/coba__seed42__0.9/run.jsonl	644
.pingstore/runs/exp038-r001-compute/export/evidence/simulations/ei_sweep/coba__seed42__0/output.log	1203
.pingstore/runs/exp038-r001-compute/export/evidence/simulations/ei_sweep/coba__seed42__0/run.jsonl	644
.pingstore/runs/exp038-r001-compute/export/evidence/simulations/ei_sweep/coba__seed42__1/output.log	1201
.pingstore/runs/exp038-r001-compute/export/evidence/simulations/ei_sweep/coba__seed42__1/run.jsonl	643
.pingstore/runs/exp038-r001-compute/export/evidence/simulations/ei_sweep/coba__seed43__0.1/output.log	1204
.pingstore/runs/exp038-r001-compute/export/evidence/simulations/ei_sweep/coba__seed43__0.1/run.jsonl	643
.pingstore/runs/exp038-r001-compute/export/evidence/simulations/ei_sweep/coba__seed43__0.2/output.log	1204
.pingstore/runs/exp038-r001-compute/export/evidence/simulations/ei_sweep/coba__seed43__0.2/run.jsonl	644
.pingstore/runs/exp038-r001-compute/export/evidence/simulations/ei_sweep/coba__seed43__0.3/output.log	1204
.pingstore/runs/exp038-r001-compute/export/evidence/simulations/ei_sweep/coba__seed43__0.3/run.jsonl	644
.pingstore/runs/exp038-r001-compute/export/evidence/simulations/ei_sweep/coba__seed43__0.4/output.log	1204
.pingstore/runs/exp038-r001-compute/export/evidence/simulations/ei_sweep/coba__seed43__0.4/run.jsonl	644
.pingstore/runs/exp038-r001-compute/export/evidence/simulations/ei_sweep/coba__seed43__0.5/output.log	1204
.pingstore/runs/exp038-r001-compute/export/evidence/simulations/ei_sweep/coba__seed43__0.5/run.jsonl	644
.pingstore/runs/exp038-r001-compute/export/evidence/simulations/ei_sweep/coba__seed43__0.6/output.log	1204
.pingstore/runs/exp038-r001-compute/export/evidence/simulations/ei_sweep/coba__seed43__0.6/run.jsonl	644
.pingstore/runs/exp038-r001-compute/export/evidence/simulations/ei_sweep/coba__seed43__0.7/output.log	1204
.pingstore/runs/exp038-r001-compute/export/evidence/simulations/ei_sweep/coba__seed43__0.7/run.jsonl	644
.pingstore/runs/exp038-r001-compute/export/evidence/simulations/ei_sweep/coba__seed43__0.8/output.log	1204
.pingstore/runs/exp038-r001-compute/export/evidence/simulations/ei_sweep/coba__seed43__0.8/run.jsonl	643
.pingstore/runs/exp038-r001-compute/export/evidence/simulations/ei_sweep/coba__seed43__0.9/output.log	1203
.pingstore/runs/exp038-r001-compute/export/evidence/simulations/ei_sweep/coba__seed43__0.9/run.jsonl	644
.pingstore/runs/exp038-r001-compute/export/evidence/simulations/ei_sweep/coba__seed43__0/output.log	1203
.pingstore/runs/exp038-r001-compute/export/evidence/simulations/ei_sweep/coba__seed43__0/run.jsonl	643
.pingstore/runs/exp038-r001-compute/export/evidence/simulations/ei_sweep/coba__seed43__1/output.log	1201
.pingstore/runs/exp038-r001-compute/export/evidence/simulations/ei_sweep/coba__seed43__1/run.jsonl	643
.pingstore/runs/exp038-r001-compute/export/evidence/simulations/ei_sweep/coba__seed44__0.1/output.log	1204
.pingstore/runs/exp038-r001-compute/export/evidence/simulations/ei_sweep/coba__seed44__0.1/run.jsonl	643
.pingstore/runs/exp038-r001-compute/export/evidence/simulations/ei_sweep/coba__seed44__0.2/output.log	1204
.pingstore/runs/exp038-r001-compute/export/evidence/simulations/ei_sweep/coba__seed44__0.2/run.jsonl	644
.pingstore/runs/exp038-r001-compute/export/evidence/simulations/ei_sweep/coba__seed44__0.3/output.log	1204
.pingstore/runs/exp038-r001-compute/export/evidence/simulations/ei_sweep/coba__seed44__0.3/run.jsonl	643
.pingstore/runs/exp038-r001-compute/export/evidence/simulations/ei_sweep/coba__seed44__0.4/output.log	1204
.pingstore/runs/exp038-r001-compute/export/evidence/simulations/ei_sweep/coba__seed44__0.4/run.jsonl	643
.pingstore/runs/exp038-r001-compute/export/evidence/simulations/ei_sweep/coba__seed44__0.5/output.log	1204
.pingstore/runs/exp038-r001-compute/export/evidence/simulations/ei_sweep/coba__seed44__0.5/run.jsonl	644
.pingstore/runs/exp038-r001-compute/export/evidence/simulations/ei_sweep/coba__seed44__0.6/output.log	1204
.pingstore/runs/exp038-r001-compute/export/evidence/simulations/ei_sweep/coba__seed44__0.6/run.jsonl	644
.pingstore/runs/exp038-r001-compute/export/evidence/simulations/ei_sweep/coba__seed44__0.7/output.log	1204
.pingstore/runs/exp038-r001-compute/export/evidence/simulations/ei_sweep/coba__seed44__0.7/run.jsonl	644
.pingstore/runs/exp038-r001-compute/export/evidence/simulations/ei_sweep/coba__seed44__0.8/output.log	1204
.pingstore/runs/exp038-r001-compute/export/evidence/simulations/ei_sweep/coba__seed44__0.8/run.jsonl	644
.pingstore/runs/exp038-r001-compute/export/evidence/simulations/ei_sweep/coba__seed44__0.9/output.log	1203
.pingstore/runs/exp038-r001-compute/export/evidence/simulations/ei_sweep/coba__seed44__0.9/run.jsonl	644
.pingstore/runs/exp038-r001-compute/export/evidence/simulations/ei_sweep/coba__seed44__0/output.log	1203
.pingstore/runs/exp038-r001-compute/export/evidence/simulations/ei_sweep/coba__seed44__0/run.jsonl	644
.pingstore/runs/exp038-r001-compute/export/evidence/simulations/ei_sweep/coba__seed44__1/output.log	1201
.pingstore/runs/exp038-r001-compute/export/evidence/simulations/ei_sweep/coba__seed44__1/run.jsonl	644
.pingstore/runs/exp038-r001-compute/export/evidence/simulations/fi_uniform/coba__seed42__0/output.log	889
.pingstore/runs/exp038-r001-compute/export/evidence/simulations/fi_uniform/coba__seed42__0/run.jsonl	448
.pingstore/runs/exp038-r001-compute/export/evidence/simulations/fi_uniform/coba__seed42__1/output.log	890
.pingstore/runs/exp038-r001-compute/export/evidence/simulations/fi_uniform/coba__seed42__1/run.jsonl	447
.pingstore/runs/exp038-r001-compute/export/evidence/simulations/fi_uniform/coba__seed42__10/output.log	894
.pingstore/runs/exp038-r001-compute/export/evidence/simulations/fi_uniform/coba__seed42__10/run.jsonl	449
.pingstore/runs/exp038-r001-compute/export/evidence/simulations/fi_uniform/coba__seed42__100/output.log	897
.pingstore/runs/exp038-r001-compute/export/evidence/simulations/fi_uniform/coba__seed42__100/run.jsonl	450
.pingstore/runs/exp038-r001-compute/export/evidence/simulations/fi_uniform/coba__seed42__12/output.log	894
.pingstore/runs/exp038-r001-compute/export/evidence/simulations/fi_uniform/coba__seed42__12/run.jsonl	449
.pingstore/runs/exp038-r001-compute/export/evidence/simulations/fi_uniform/coba__seed42__14/output.log	894
.pingstore/runs/exp038-r001-compute/export/evidence/simulations/fi_uniform/coba__seed42__14/run.jsonl	449
.pingstore/runs/exp038-r001-compute/export/evidence/simulations/fi_uniform/coba__seed42__16/output.log	894
.pingstore/runs/exp038-r001-compute/export/evidence/simulations/fi_uniform/coba__seed42__16/run.jsonl	449
.pingstore/runs/exp038-r001-compute/export/evidence/simulations/fi_uniform/coba__seed42__18/output.log	894
.pingstore/runs/exp038-r001-compute/export/evidence/simulations/fi_uniform/coba__seed42__18/run.jsonl	450
.pingstore/runs/exp038-r001-compute/export/evidence/simulations/fi_uniform/coba__seed42__2/output.log	890
.pingstore/runs/exp038-r001-compute/export/evidence/simulations/fi_uniform/coba__seed42__2/run.jsonl	447
.pingstore/runs/exp038-r001-compute/export/evidence/simulations/fi_uniform/coba__seed42__20/output.log	894
.pingstore/runs/exp038-r001-compute/export/evidence/simulations/fi_uniform/coba__seed42__20/run.jsonl	449
.pingstore/runs/exp038-r001-compute/export/evidence/simulations/fi_uniform/coba__seed42__25/output.log	894
.pingstore/runs/exp038-r001-compute/export/evidence/simulations/fi_uniform/coba__seed42__25/run.jsonl	449
.pingstore/runs/exp038-r001-compute/export/evidence/simulations/fi_uniform/coba__seed42__3/output.log	891
.pingstore/runs/exp038-r001-compute/export/evidence/simulations/fi_uniform/coba__seed42__3/run.jsonl	448
.pingstore/runs/exp038-r001-compute/export/evidence/simulations/fi_uniform/coba__seed42__30/output.log	894
.pingstore/runs/exp038-r001-compute/export/evidence/simulations/fi_uniform/coba__seed42__30/run.jsonl	449
.pingstore/runs/exp038-r001-compute/export/evidence/simulations/fi_uniform/coba__seed42__35/output.log	894
.pingstore/runs/exp038-r001-compute/export/evidence/simulations/fi_uniform/coba__seed42__35/run.jsonl	449
.pingstore/runs/exp038-r001-compute/export/evidence/simulations/fi_uniform/coba__seed42__4/output.log	891
.pingstore/runs/exp038-r001-compute/export/evidence/simulations/fi_uniform/coba__seed42__4/run.jsonl	448
.pingstore/runs/exp038-r001-compute/export/evidence/simulations/fi_uniform/coba__seed42__40/output.log	894
.pingstore/runs/exp038-r001-compute/export/evidence/simulations/fi_uniform/coba__seed42__40/run.jsonl	449
.pingstore/runs/exp038-r001-compute/export/evidence/simulations/fi_uniform/coba__seed42__5/output.log	891
.pingstore/runs/exp038-r001-compute/export/evidence/simulations/fi_uniform/coba__seed42__5/run.jsonl	448
.pingstore/runs/exp038-r001-compute/export/evidence/simulations/fi_uniform/coba__seed42__50/output.log	894
.pingstore/runs/exp038-r001-compute/export/evidence/simulations/fi_uniform/coba__seed42__50/run.jsonl	449
.pingstore/runs/exp038-r001-compute/export/evidence/simulations/fi_uniform/coba__seed42__6/output.log	891
.pingstore/runs/exp038-r001-compute/export/evidence/simulations/fi_uniform/coba__seed42__6/run.jsonl	448
.pingstore/runs/exp038-r001-compute/export/evidence/simulations/fi_uniform/coba__seed42__60/output.log	894
.pingstore/runs/exp038-r001-compute/export/evidence/simulations/fi_uniform/coba__seed42__60/run.jsonl	449
.pingstore/runs/exp038-r001-compute/export/evidence/simulations/fi_uniform/coba__seed42__7/output.log	891
.pingstore/runs/exp038-r001-compute/export/evidence/simulations/fi_uniform/coba__seed42__7/run.jsonl	447
.pingstore/runs/exp038-r001-compute/export/evidence/simulations/fi_uniform/coba__seed42__70/output.log	894
.pingstore/runs/exp038-r001-compute/export/evidence/simulations/fi_uniform/coba__seed42__70/run.jsonl	448
.pingstore/runs/exp038-r001-compute/export/evidence/simulations/fi_uniform/coba__seed42__8/output.log	891
.pingstore/runs/exp038-r001-compute/export/evidence/simulations/fi_uniform/coba__seed42__8/run.jsonl	448
.pingstore/runs/exp038-r001-compute/export/evidence/simulations/fi_uniform/coba__seed42__80/output.log	894
.pingstore/runs/exp038-r001-compute/export/evidence/simulations/fi_uniform/coba__seed42__80/run.jsonl	449
.pingstore/runs/exp038-r001-compute/export/evidence/simulations/fi_uniform/coba__seed42__9/output.log	891
.pingstore/runs/exp038-r001-compute/export/evidence/simulations/fi_uniform/coba__seed42__9/run.jsonl	448
.pingstore/runs/exp038-r001-compute/export/evidence/simulations/fi_uniform/coba__seed42__90/output.log	894
.pingstore/runs/exp038-r001-compute/export/evidence/simulations/fi_uniform/coba__seed42__90/run.jsonl	449
.pingstore/runs/exp038-r001-compute/export/evidence/simulations/fi_uniform/ping__seed42__0/output.log	889
.pingstore/runs/exp038-r001-compute/export/evidence/simulations/fi_uniform/ping__seed42__0/run.jsonl	448
.pingstore/runs/exp038-r001-compute/export/evidence/simulations/fi_uniform/ping__seed42__1/output.log	890
.pingstore/runs/exp038-r001-compute/export/evidence/simulations/fi_uniform/ping__seed42__1/run.jsonl	448
.pingstore/runs/exp038-r001-compute/export/evidence/simulations/fi_uniform/ping__seed42__10/output.log	895
.pingstore/runs/exp038-r001-compute/export/evidence/simulations/fi_uniform/ping__seed42__10/run.jsonl	449
.pingstore/runs/exp038-r001-compute/export/evidence/simulations/fi_uniform/ping__seed42__100/output.log	898
.pingstore/runs/exp038-r001-compute/export/evidence/simulations/fi_uniform/ping__seed42__100/run.jsonl	451
.pingstore/runs/exp038-r001-compute/export/evidence/simulations/fi_uniform/ping__seed42__12/output.log	895
.pingstore/runs/exp038-r001-compute/export/evidence/simulations/fi_uniform/ping__seed42__12/run.jsonl	449
.pingstore/runs/exp038-r001-compute/export/evidence/simulations/fi_uniform/ping__seed42__14/output.log	895
.pingstore/runs/exp038-r001-compute/export/evidence/simulations/fi_uniform/ping__seed42__14/run.jsonl	449
.pingstore/runs/exp038-r001-compute/export/evidence/simulations/fi_uniform/ping__seed42__16/output.log	895
.pingstore/runs/exp038-r001-compute/export/evidence/simulations/fi_uniform/ping__seed42__16/run.jsonl	449
.pingstore/runs/exp038-r001-compute/export/evidence/simulations/fi_uniform/ping__seed42__18/output.log	895
.pingstore/runs/exp038-r001-compute/export/evidence/simulations/fi_uniform/ping__seed42__18/run.jsonl	449
.pingstore/runs/exp038-r001-compute/export/evidence/simulations/fi_uniform/ping__seed42__2/output.log	891
.pingstore/runs/exp038-r001-compute/export/evidence/simulations/fi_uniform/ping__seed42__2/run.jsonl	448
.pingstore/runs/exp038-r001-compute/export/evidence/simulations/fi_uniform/ping__seed42__20/output.log	895
.pingstore/runs/exp038-r001-compute/export/evidence/simulations/fi_uniform/ping__seed42__20/run.jsonl	449
.pingstore/runs/exp038-r001-compute/export/evidence/simulations/fi_uniform/ping__seed42__25/output.log	895
.pingstore/runs/exp038-r001-compute/export/evidence/simulations/fi_uniform/ping__seed42__25/run.jsonl	449
.pingstore/runs/exp038-r001-compute/export/evidence/simulations/fi_uniform/ping__seed42__3/output.log	891
.pingstore/runs/exp038-r001-compute/export/evidence/simulations/fi_uniform/ping__seed42__3/run.jsonl	448
.pingstore/runs/exp038-r001-compute/export/evidence/simulations/fi_uniform/ping__seed42__30/output.log	895
.pingstore/runs/exp038-r001-compute/export/evidence/simulations/fi_uniform/ping__seed42__30/run.jsonl	449
.pingstore/runs/exp038-r001-compute/export/evidence/simulations/fi_uniform/ping__seed42__35/output.log	895
.pingstore/runs/exp038-r001-compute/export/evidence/simulations/fi_uniform/ping__seed42__35/run.jsonl	449
.pingstore/runs/exp038-r001-compute/export/evidence/simulations/fi_uniform/ping__seed42__4/output.log	891
.pingstore/runs/exp038-r001-compute/export/evidence/simulations/fi_uniform/ping__seed42__4/run.jsonl	448
.pingstore/runs/exp038-r001-compute/export/evidence/simulations/fi_uniform/ping__seed42__40/output.log	895
.pingstore/runs/exp038-r001-compute/export/evidence/simulations/fi_uniform/ping__seed42__40/run.jsonl	449
.pingstore/runs/exp038-r001-compute/export/evidence/simulations/fi_uniform/ping__seed42__5/output.log	892
.pingstore/runs/exp038-r001-compute/export/evidence/simulations/fi_uniform/ping__seed42__5/run.jsonl	448
.pingstore/runs/exp038-r001-compute/export/evidence/simulations/fi_uniform/ping__seed42__50/output.log	895
.pingstore/runs/exp038-r001-compute/export/evidence/simulations/fi_uniform/ping__seed42__50/run.jsonl	449
.pingstore/runs/exp038-r001-compute/export/evidence/simulations/fi_uniform/ping__seed42__6/output.log	892
.pingstore/runs/exp038-r001-compute/export/evidence/simulations/fi_uniform/ping__seed42__6/run.jsonl	447
.pingstore/runs/exp038-r001-compute/export/evidence/simulations/fi_uniform/ping__seed42__60/output.log	895
.pingstore/runs/exp038-r001-compute/export/evidence/simulations/fi_uniform/ping__seed42__60/run.jsonl	449
.pingstore/runs/exp038-r001-compute/export/evidence/simulations/fi_uniform/ping__seed42__7/output.log	892
.pingstore/runs/exp038-r001-compute/export/evidence/simulations/fi_uniform/ping__seed42__7/run.jsonl	448
.pingstore/runs/exp038-r001-compute/export/evidence/simulations/fi_uniform/ping__seed42__70/output.log	895
.pingstore/runs/exp038-r001-compute/export/evidence/simulations/fi_uniform/ping__seed42__70/run.jsonl	449
.pingstore/runs/exp038-r001-compute/export/evidence/simulations/fi_uniform/ping__seed42__8/output.log	892
.pingstore/runs/exp038-r001-compute/export/evidence/simulations/fi_uniform/ping__seed42__8/run.jsonl	447
.pingstore/runs/exp038-r001-compute/export/evidence/simulations/fi_uniform/ping__seed42__80/output.log	895
.pingstore/runs/exp038-r001-compute/export/evidence/simulations/fi_uniform/ping__seed42__80/run.jsonl	449
.pingstore/runs/exp038-r001-compute/export/evidence/simulations/fi_uniform/ping__seed42__9/output.log	892
.pingstore/runs/exp038-r001-compute/export/evidence/simulations/fi_uniform/ping__seed42__9/run.jsonl	449
.pingstore/runs/exp038-r001-compute/export/evidence/simulations/fi_uniform/ping__seed42__90/output.log	895
.pingstore/runs/exp038-r001-compute/export/evidence/simulations/fi_uniform/ping__seed42__90/run.jsonl	449
.pingstore/runs/exp038-r001-compute/export/evidence/simulations/rate_raster/ping__seed42__0/output.log	804
.pingstore/runs/exp038-r001-compute/export/evidence/simulations/rate_raster/ping__seed42__0/run.jsonl	617
.pingstore/runs/exp038-r001-compute/export/evidence/simulations/rate_raster/ping__seed42__10.2564/output.log	801
.pingstore/runs/exp038-r001-compute/export/evidence/simulations/rate_raster/ping__seed42__10.2564/run.jsonl	617
.pingstore/runs/exp038-r001-compute/export/evidence/simulations/rate_raster/ping__seed42__12.8205/output.log	801
.pingstore/runs/exp038-r001-compute/export/evidence/simulations/rate_raster/ping__seed42__12.8205/run.jsonl	618
.pingstore/runs/exp038-r001-compute/export/evidence/simulations/rate_raster/ping__seed42__15.3846/output.log	801
.pingstore/runs/exp038-r001-compute/export/evidence/simulations/rate_raster/ping__seed42__15.3846/run.jsonl	617
.pingstore/runs/exp038-r001-compute/export/evidence/simulations/rate_raster/ping__seed42__17.9487/output.log	801
.pingstore/runs/exp038-r001-compute/export/evidence/simulations/rate_raster/ping__seed42__17.9487/run.jsonl	617
.pingstore/runs/exp038-r001-compute/export/evidence/simulations/rate_raster/ping__seed42__2.5641/output.log	801
.pingstore/runs/exp038-r001-compute/export/evidence/simulations/rate_raster/ping__seed42__2.5641/run.jsonl	616
.pingstore/runs/exp038-r001-compute/export/evidence/simulations/rate_raster/ping__seed42__20.5128/output.log	801
.pingstore/runs/exp038-r001-compute/export/evidence/simulations/rate_raster/ping__seed42__20.5128/run.jsonl	617
.pingstore/runs/exp038-r001-compute/export/evidence/simulations/rate_raster/ping__seed42__23.0769/output.log	801
.pingstore/runs/exp038-r001-compute/export/evidence/simulations/rate_raster/ping__seed42__23.0769/run.jsonl	617
.pingstore/runs/exp038-r001-compute/export/evidence/simulations/rate_raster/ping__seed42__5.12821/output.log	801
.pingstore/runs/exp038-r001-compute/export/evidence/simulations/rate_raster/ping__seed42__5.12821/run.jsonl	617
.pingstore/runs/exp038-r001-compute/export/evidence/simulations/rate_raster/ping__seed42__7.69231/output.log	801
.pingstore/runs/exp038-r001-compute/export/evidence/simulations/rate_raster/ping__seed42__7.69231/run.jsonl	618
.pingstore/runs/exp041-r001-compute/export/evidence/file-mapping.json	30064
.pingstore/runs/exp041-r001-compute/export/evidence/gold-2/derived/artifacts/data/exp041/numbers.json	8534
.pingstore/runs/exp041-r001-compute/export/evidence/gold-2/inventory.json	2101788
.pingstore/runs/exp041-r001-compute/export/evidence/gold-2/lineage.json	1876
.pingstore/runs/exp041-r001-compute/export/evidence/gold-2/provenance/source-records/base/collection-plan.json	20225
.pingstore/runs/exp041-r001-compute/export/evidence/gold-2/provenance/source-records/base/collection-status/exp041.json	138
.pingstore/runs/exp041-r001-compute/export/evidence/gold-2/provenance/source-records/base/logs/collection/ggs-exp041_33913524.err	1919
.pingstore/runs/exp041-r001-compute/export/evidence/gold-2/provenance/source-records/base/logs/collection/ggs-exp041_33913524.out	49118
.pingstore/runs/exp041-r001-compute/export/evidence/gold-2/provenance/source-records/base/logs/exp041/exp041.jsonl	153
.pingstore/runs/exp041-r001-compute/export/evidence/gold-2/provenance/source-records/base/run.json	1373
.pingstore/runs/exp041-r001-compute/export/evidence/gold-2/provenance/source-records/base/submissions/collection-submission.json	36515
.pingstore/runs/exp041-r001-compute/export/evidence/gold-2/run.json	1103
.pingstore/runs/exp041-r001-compute/export/evidence/gold-2/state/experiments/exp041/cache/rows.json	908498
.pingstore/runs/exp041-r001-compute/export/evidence/gold-2/state/experiments/exp041/infer/ping__tg12__seed42__final_epoch__deb6518a1c77/config.json	2121
.pingstore/runs/exp041-r001-compute/export/evidence/gold-2/state/experiments/exp041/infer/ping__tg12__seed42__final_epoch__deb6518a1c77/metrics.json	837
.pingstore/runs/exp041-r001-compute/export/evidence/gold-2/state/experiments/exp041/infer/ping__tg12__seed42__final_epoch__deb6518a1c77/output.log	1334
.pingstore/runs/exp041-r001-compute/export/evidence/gold-2/state/experiments/exp041/infer/ping__tg12__seed42__final_epoch__deb6518a1c77/run.jsonl	644
.pingstore/runs/exp041-r001-compute/export/evidence/gold-2/state/experiments/exp041/infer/ping__tg12__seed43__final_epoch__9b333d7e9f92/config.json	2121
.pingstore/runs/exp041-r001-compute/export/evidence/gold-2/state/experiments/exp041/infer/ping__tg12__seed43__final_epoch__9b333d7e9f92/metrics.json	839
.pingstore/runs/exp041-r001-compute/export/evidence/gold-2/state/experiments/exp041/infer/ping__tg12__seed43__final_epoch__9b333d7e9f92/output.log	1334
.pingstore/runs/exp041-r001-compute/export/evidence/gold-2/state/experiments/exp041/infer/ping__tg12__seed43__final_epoch__9b333d7e9f92/run.jsonl	644
.pingstore/runs/exp041-r001-compute/export/evidence/gold-2/state/experiments/exp041/infer/ping__tg12__seed44__final_epoch__a0a91789ad15/config.json	2121
.pingstore/runs/exp041-r001-compute/export/evidence/gold-2/state/experiments/exp041/infer/ping__tg12__seed44__final_epoch__a0a91789ad15/metrics.json	837
.pingstore/runs/exp041-r001-compute/export/evidence/gold-2/state/experiments/exp041/infer/ping__tg12__seed44__final_epoch__a0a91789ad15/output.log	1334
.pingstore/runs/exp041-r001-compute/export/evidence/gold-2/state/experiments/exp041/infer/ping__tg12__seed44__final_epoch__a0a91789ad15/run.jsonl	644
.pingstore/runs/exp041-r001-compute/export/evidence/gold-2/state/experiments/exp041/infer/ping__tg18__seed42__final_epoch__7620b5ce1658/config.json	2121
.pingstore/runs/exp041-r001-compute/export/evidence/gold-2/state/experiments/exp041/infer/ping__tg18__seed42__final_epoch__7620b5ce1658/metrics.json	835
.pingstore/runs/exp041-r001-compute/export/evidence/gold-2/state/experiments/exp041/infer/ping__tg18__seed42__final_epoch__7620b5ce1658/output.log	1333
.pingstore/runs/exp041-r001-compute/export/evidence/gold-2/state/experiments/exp041/infer/ping__tg18__seed42__final_epoch__7620b5ce1658/run.jsonl	643
.pingstore/runs/exp041-r001-compute/export/evidence/gold-2/state/experiments/exp041/infer/ping__tg18__seed43__final_epoch__53fe74ef7a00/config.json	2121
.pingstore/runs/exp041-r001-compute/export/evidence/gold-2/state/experiments/exp041/infer/ping__tg18__seed43__final_epoch__53fe74ef7a00/metrics.json	826
.pingstore/runs/exp041-r001-compute/export/evidence/gold-2/state/experiments/exp041/infer/ping__tg18__seed43__final_epoch__53fe74ef7a00/output.log	1333
.pingstore/runs/exp041-r001-compute/export/evidence/gold-2/state/experiments/exp041/infer/ping__tg18__seed43__final_epoch__53fe74ef7a00/run.jsonl	643
.pingstore/runs/exp041-r001-compute/export/evidence/gold-2/state/experiments/exp041/infer/ping__tg18__seed44__final_epoch__8a618559c8b6/config.json	2121
.pingstore/runs/exp041-r001-compute/export/evidence/gold-2/state/experiments/exp041/infer/ping__tg18__seed44__final_epoch__8a618559c8b6/metrics.json	836
.pingstore/runs/exp041-r001-compute/export/evidence/gold-2/state/experiments/exp041/infer/ping__tg18__seed44__final_epoch__8a618559c8b6/output.log	1333
.pingstore/runs/exp041-r001-compute/export/evidence/gold-2/state/experiments/exp041/infer/ping__tg18__seed44__final_epoch__8a618559c8b6/run.jsonl	640
.pingstore/runs/exp041-r001-compute/export/evidence/gold-2/state/experiments/exp041/infer/ping__tg27__seed42__final_epoch__26c111f82b14/config.json	2121
.pingstore/runs/exp041-r001-compute/export/evidence/gold-2/state/experiments/exp041/infer/ping__tg27__seed42__final_epoch__26c111f82b14/metrics.json	828
.pingstore/runs/exp041-r001-compute/export/evidence/gold-2/state/experiments/exp041/infer/ping__tg27__seed42__final_epoch__26c111f82b14/output.log	1333
.pingstore/runs/exp041-r001-compute/export/evidence/gold-2/state/experiments/exp041/infer/ping__tg27__seed42__final_epoch__26c111f82b14/run.jsonl	643
.pingstore/runs/exp041-r001-compute/export/evidence/gold-2/state/experiments/exp041/infer/ping__tg27__seed43__final_epoch__7c319d3fbe1a/config.json	2121
.pingstore/runs/exp041-r001-compute/export/evidence/gold-2/state/experiments/exp041/infer/ping__tg27__seed43__final_epoch__7c319d3fbe1a/metrics.json	830
.pingstore/runs/exp041-r001-compute/export/evidence/gold-2/state/experiments/exp041/infer/ping__tg27__seed43__final_epoch__7c319d3fbe1a/output.log	1333
.pingstore/runs/exp041-r001-compute/export/evidence/gold-2/state/experiments/exp041/infer/ping__tg27__seed43__final_epoch__7c319d3fbe1a/run.jsonl	643
.pingstore/runs/exp041-r001-compute/export/evidence/gold-2/state/experiments/exp041/infer/ping__tg27__seed44__final_epoch__88088408030a/config.json	2121
.pingstore/runs/exp041-r001-compute/export/evidence/gold-2/state/experiments/exp041/infer/ping__tg27__seed44__final_epoch__88088408030a/metrics.json	836
.pingstore/runs/exp041-r001-compute/export/evidence/gold-2/state/experiments/exp041/infer/ping__tg27__seed44__final_epoch__88088408030a/output.log	1333
.pingstore/runs/exp041-r001-compute/export/evidence/gold-2/state/experiments/exp041/infer/ping__tg27__seed44__final_epoch__88088408030a/run.jsonl	644
.pingstore/runs/exp041-r001-compute/export/evidence/gold-2/state/experiments/exp041/infer/ping__tg4p5__seed42__final_epoch__0a5d7745912a/config.json	2123
.pingstore/runs/exp041-r001-compute/export/evidence/gold-2/state/experiments/exp041/infer/ping__tg4p5__seed42__final_epoch__0a5d7745912a/metrics.json	842
.pingstore/runs/exp041-r001-compute/export/evidence/gold-2/state/experiments/exp041/infer/ping__tg4p5__seed42__final_epoch__0a5d7745912a/output.log	1339
.pingstore/runs/exp041-r001-compute/export/evidence/gold-2/state/experiments/exp041/infer/ping__tg4p5__seed42__final_epoch__0a5d7745912a/run.jsonl	643
.pingstore/runs/exp041-r001-compute/export/evidence/gold-2/state/experiments/exp041/infer/ping__tg4p5__seed43__final_epoch__316a7dfa83bf/config.json	2123
.pingstore/runs/exp041-r001-compute/export/evidence/gold-2/state/experiments/exp041/infer/ping__tg4p5__seed43__final_epoch__316a7dfa83bf/metrics.json	841
.pingstore/runs/exp041-r001-compute/export/evidence/gold-2/state/experiments/exp041/infer/ping__tg4p5__seed43__final_epoch__316a7dfa83bf/output.log	1337
.pingstore/runs/exp041-r001-compute/export/evidence/gold-2/state/experiments/exp041/infer/ping__tg4p5__seed43__final_epoch__316a7dfa83bf/run.jsonl	644
.pingstore/runs/exp041-r001-compute/export/evidence/gold-2/state/experiments/exp041/infer/ping__tg4p5__seed44__final_epoch__6a30b7b87309/config.json	2123
.pingstore/runs/exp041-r001-compute/export/evidence/gold-2/state/experiments/exp041/infer/ping__tg4p5__seed44__final_epoch__6a30b7b87309/metrics.json	833
.pingstore/runs/exp041-r001-compute/export/evidence/gold-2/state/experiments/exp041/infer/ping__tg4p5__seed44__final_epoch__6a30b7b87309/output.log	1337
.pingstore/runs/exp041-r001-compute/export/evidence/gold-2/state/experiments/exp041/infer/ping__tg4p5__seed44__final_epoch__6a30b7b87309/run.jsonl	644
.pingstore/runs/exp041-r001-compute/export/evidence/gold-2/state/experiments/exp041/infer/ping__tg6__seed42__final_epoch__34a94d90e652/config.json	2117
.pingstore/runs/exp041-r001-compute/export/evidence/gold-2/state/experiments/exp041/infer/ping__tg6__seed42__final_epoch__34a94d90e652/metrics.json	839
.pingstore/runs/exp041-r001-compute/export/evidence/gold-2/state/experiments/exp041/infer/ping__tg6__seed42__final_epoch__34a94d90e652/output.log	1331
.pingstore/runs/exp041-r001-compute/export/evidence/gold-2/state/experiments/exp041/infer/ping__tg6__seed42__final_epoch__34a94d90e652/run.jsonl	643
.pingstore/runs/exp041-r001-compute/export/evidence/gold-2/state/experiments/exp041/infer/ping__tg6__seed43__final_epoch__7d1a390ab8bd/config.json	2117
.pingstore/runs/exp041-r001-compute/export/evidence/gold-2/state/experiments/exp041/infer/ping__tg6__seed43__final_epoch__7d1a390ab8bd/metrics.json	833
.pingstore/runs/exp041-r001-compute/export/evidence/gold-2/state/experiments/exp041/infer/ping__tg6__seed43__final_epoch__7d1a390ab8bd/output.log	1331
.pingstore/runs/exp041-r001-compute/export/evidence/gold-2/state/experiments/exp041/infer/ping__tg6__seed43__final_epoch__7d1a390ab8bd/run.jsonl	643
.pingstore/runs/exp041-r001-compute/export/evidence/gold-2/state/experiments/exp041/infer/ping__tg6__seed44__final_epoch__81df5593d295/config.json	2117
.pingstore/runs/exp041-r001-compute/export/evidence/gold-2/state/experiments/exp041/infer/ping__tg6__seed44__final_epoch__81df5593d295/metrics.json	841
.pingstore/runs/exp041-r001-compute/export/evidence/gold-2/state/experiments/exp041/infer/ping__tg6__seed44__final_epoch__81df5593d295/output.log	1331
.pingstore/runs/exp041-r001-compute/export/evidence/gold-2/state/experiments/exp041/infer/ping__tg6__seed44__final_epoch__81df5593d295/run.jsonl	643
.pingstore/runs/exp041-r001-compute/export/evidence/gold-2/state/experiments/exp041/infer/ping__tg9__seed42__final_epoch__50f10a1abca5/config.json	2117
.pingstore/runs/exp041-r001-compute/export/evidence/gold-2/state/experiments/exp041/infer/ping__tg9__seed42__final_epoch__50f10a1abca5/metrics.json	834
.pingstore/runs/exp041-r001-compute/export/evidence/gold-2/state/experiments/exp041/infer/ping__tg9__seed42__final_epoch__50f10a1abca5/output.log	1331
.pingstore/runs/exp041-r001-compute/export/evidence/gold-2/state/experiments/exp041/infer/ping__tg9__seed42__final_epoch__50f10a1abca5/run.jsonl	643
.pingstore/runs/exp041-r001-compute/export/evidence/gold-2/state/experiments/exp041/infer/ping__tg9__seed43__final_epoch__03bdde633a71/config.json	2117
.pingstore/runs/exp041-r001-compute/export/evidence/gold-2/state/experiments/exp041/infer/ping__tg9__seed43__final_epoch__03bdde633a71/metrics.json	837
.pingstore/runs/exp041-r001-compute/export/evidence/gold-2/state/experiments/exp041/infer/ping__tg9__seed43__final_epoch__03bdde633a71/output.log	1331
.pingstore/runs/exp041-r001-compute/export/evidence/gold-2/state/experiments/exp041/infer/ping__tg9__seed43__final_epoch__03bdde633a71/run.jsonl	643
.pingstore/runs/exp041-r001-compute/export/evidence/gold-2/state/experiments/exp041/infer/ping__tg9__seed44__final_epoch__3eb2b8968a34/config.json	2117
.pingstore/runs/exp041-r001-compute/export/evidence/gold-2/state/experiments/exp041/infer/ping__tg9__seed44__final_epoch__3eb2b8968a34/metrics.json	839
.pingstore/runs/exp041-r001-compute/export/evidence/gold-2/state/experiments/exp041/infer/ping__tg9__seed44__final_epoch__3eb2b8968a34/output.log	1331
.pingstore/runs/exp041-r001-compute/export/evidence/gold-2/state/experiments/exp041/infer/ping__tg9__seed44__final_epoch__3eb2b8968a34/run.jsonl	643
.pingstore/runs/exp041-r001-compute/export/evidence/gold-2/state/experiments/exp041/snapshot/ping__tg12__seed42__final_epoch__deb6518a1c77/config.json	2085
.pingstore/runs/exp041-r001-compute/export/evidence/gold-2/state/experiments/exp041/snapshot/ping__tg12__seed42__final_epoch__deb6518a1c77/output.log	801
.pingstore/runs/exp041-r001-compute/export/evidence/gold-2/state/experiments/exp041/snapshot/ping__tg12__seed42__final_epoch__deb6518a1c77/run.jsonl	617
.pingstore/runs/exp041-r001-compute/export/evidence/gold-2/state/experiments/exp041/snapshot/ping__tg18__seed42__final_epoch__7620b5ce1658/config.json	2085
.pingstore/runs/exp041-r001-compute/export/evidence/gold-2/state/experiments/exp041/snapshot/ping__tg18__seed42__final_epoch__7620b5ce1658/output.log	801
.pingstore/runs/exp041-r001-compute/export/evidence/gold-2/state/experiments/exp041/snapshot/ping__tg18__seed42__final_epoch__7620b5ce1658/run.jsonl	617
.pingstore/runs/exp041-r001-compute/export/evidence/gold-2/state/experiments/exp041/snapshot/ping__tg27__seed42__final_epoch__26c111f82b14/config.json	2085
.pingstore/runs/exp041-r001-compute/export/evidence/gold-2/state/experiments/exp041/snapshot/ping__tg27__seed42__final_epoch__26c111f82b14/output.log	801
.pingstore/runs/exp041-r001-compute/export/evidence/gold-2/state/experiments/exp041/snapshot/ping__tg27__seed42__final_epoch__26c111f82b14/run.jsonl	617
.pingstore/runs/exp041-r001-compute/export/evidence/gold-2/state/experiments/exp041/snapshot/ping__tg4p5__seed42__final_epoch__0a5d7745912a/config.json	2087
.pingstore/runs/exp041-r001-compute/export/evidence/gold-2/state/experiments/exp041/snapshot/ping__tg4p5__seed42__final_epoch__0a5d7745912a/output.log	801
.pingstore/runs/exp041-r001-compute/export/evidence/gold-2/state/experiments/exp041/snapshot/ping__tg4p5__seed42__final_epoch__0a5d7745912a/run.jsonl	616
.pingstore/runs/exp041-r001-compute/export/evidence/gold-2/state/experiments/exp041/snapshot/ping__tg6__seed42__final_epoch__34a94d90e652/config.json	2081
.pingstore/runs/exp041-r001-compute/export/evidence/gold-2/state/experiments/exp041/snapshot/ping__tg6__seed42__final_epoch__34a94d90e652/output.log	801
.pingstore/runs/exp041-r001-compute/export/evidence/gold-2/state/experiments/exp041/snapshot/ping__tg6__seed42__final_epoch__34a94d90e652/run.jsonl	617
.pingstore/runs/exp041-r001-compute/export/evidence/gold-2/state/experiments/exp041/snapshot/ping__tg9__seed42__final_epoch__50f10a1abca5/config.json	2081
.pingstore/runs/exp041-r001-compute/export/evidence/gold-2/state/experiments/exp041/snapshot/ping__tg9__seed42__final_epoch__50f10a1abca5/output.log	801
.pingstore/runs/exp041-r001-compute/export/evidence/gold-2/state/experiments/exp041/snapshot/ping__tg9__seed42__final_epoch__50f10a1abca5/run.jsonl	617
.pingstore/runs/exp041-r001-compute/export/evidence/import-plan.json	53968
.pingstore/runs/exp041-r001-compute/export/evidence/import_gold2.py	17963
.pingstore/runs/exp042-r001-compute/export/evidence/gold-2/derived/artifacts/data/exp042/_manifest.json	413
.pingstore/runs/exp042-r001-compute/export/evidence/gold-2/derived/artifacts/data/exp042/cell_jitter_sweep.pdf	13968
.pingstore/runs/exp042-r001-compute/export/evidence/gold-2/derived/artifacts/data/exp042/cell_jitter_sweep.svg	52408
.pingstore/runs/exp042-r001-compute/export/evidence/gold-2/derived/artifacts/data/exp042/jitter_sweep.pdf	14225
.pingstore/runs/exp042-r001-compute/export/evidence/gold-2/derived/artifacts/data/exp042/jitter_sweep.svg	54887
.pingstore/runs/exp042-r001-compute/export/evidence/gold-2/derived/artifacts/data/exp042/numbers.json	84553
.pingstore/runs/exp042-r001-compute/export/evidence/gold-2/derived/artifacts/data/exp042/rhythm_compound.pdf	34896
.pingstore/runs/exp042-r001-compute/export/evidence/gold-2/derived/artifacts/data/exp042/rhythm_compound.png	204356
.pingstore/runs/exp042-r001-compute/export/evidence/gold-2/inventory.json	2101788
.pingstore/runs/exp042-r001-compute/export/evidence/gold-2/provenance/source-records/base/collection-plan.json	20225
.pingstore/runs/exp042-r001-compute/export/evidence/gold-2/provenance/source-records/base/collection-status/exp042.json	138
.pingstore/runs/exp042-r001-compute/export/evidence/gold-2/provenance/source-records/base/inventory.json	1642528
.pingstore/runs/exp042-r001-compute/export/evidence/gold-2/provenance/source-records/base/logs/collection/exp042-shards/33913628_0.err	910
.pingstore/runs/exp042-r001-compute/export/evidence/gold-2/provenance/source-records/base/logs/collection/exp042-shards/33913628_0.out	102981
.pingstore/runs/exp042-r001-compute/export/evidence/gold-2/provenance/source-records/base/logs/collection/exp042-shards/33913628_1.err	910
.pingstore/runs/exp042-r001-compute/export/evidence/gold-2/provenance/source-records/base/logs/collection/exp042-shards/33913628_1.out	100823
.pingstore/runs/exp042-r001-compute/export/evidence/gold-2/provenance/source-records/base/logs/collection/exp042-shards/33913628_2.err	910
.pingstore/runs/exp042-r001-compute/export/evidence/gold-2/provenance/source-records/base/logs/collection/exp042-shards/33913628_2.out	102992
.pingstore/runs/exp042-r001-compute/export/evidence/gold-2/provenance/source-records/base/logs/collection/exp042-shards/33913628_3.err	573
.pingstore/runs/exp042-r001-compute/export/evidence/gold-2/provenance/source-records/base/logs/collection/exp042-shards/33913628_3.out	102911
.pingstore/runs/exp042-r001-compute/export/evidence/gold-2/provenance/source-records/base/logs/collection/exp042-shards/33913628_4.err	573
.pingstore/runs/exp042-r001-compute/export/evidence/gold-2/provenance/source-records/base/logs/collection/exp042-shards/33913628_4.out	100861
.pingstore/runs/exp042-r001-compute/export/evidence/gold-2/provenance/source-records/base/logs/collection/exp042-shards/33913628_5.err	910
.pingstore/runs/exp042-r001-compute/export/evidence/gold-2/provenance/source-records/base/logs/collection/exp042-shards/33913628_5.out	100792
.pingstore/runs/exp042-r001-compute/export/evidence/gold-2/provenance/source-records/base/logs/collection/exp042-shards/33913628_6.err	910
.pingstore/runs/exp042-r001-compute/export/evidence/gold-2/provenance/source-records/base/logs/collection/exp042-shards/33913628_6.out	98759
.pingstore/runs/exp042-r001-compute/export/evidence/gold-2/provenance/source-records/base/logs/collection/exp042-shards/33913628_7.err	573
.pingstore/runs/exp042-r001-compute/export/evidence/gold-2/provenance/source-records/base/logs/collection/exp042-shards/33913628_7.out	98713
.pingstore/runs/exp042-r001-compute/export/evidence/gold-2/provenance/source-records/base/logs/collection/ggs-exp042_33913629.err	1582
.pingstore/runs/exp042-r001-compute/export/evidence/gold-2/provenance/source-records/base/logs/collection/ggs-exp042_33913629.out	62427
.pingstore/runs/exp042-r001-compute/export/evidence/gold-2/provenance/source-records/base/logs/exp042/exp042.jsonl	128
.pingstore/runs/exp042-r001-compute/export/evidence/gold-2/provenance/source-records/base/run.json	1373
.pingstore/runs/exp042-r001-compute/export/evidence/gold-2/provenance/source-records/base/submissions/collection-submission.json	36515
.pingstore/runs/exp042-r001-compute/export/evidence/gold-2/run.json	1103
.pingstore/runs/exp042-r001-compute/export/evidence/gold-2/state/experiments/exp042/baseline/ping__off__seed42/final_epoch__de553afe678c/metrics.json	838
.pingstore/runs/exp042-r001-compute/export/evidence/gold-2/state/experiments/exp042/baseline/ping__off__seed43/final_epoch__8b56e5539ff4/metrics.json	838
.pingstore/runs/exp042-r001-compute/export/evidence/gold-2/state/experiments/exp042/baseline/ping__off__seed44/final_epoch__b690c6f53806/metrics.json	840
.pingstore/runs/exp042-r001-compute/export/evidence/gold-2/state/experiments/exp042/condraster/ping__off__seed42_cell_jitter_sigma_14_s0/final_epoch__de553afe678c/config.json	2276
.pingstore/runs/exp042-r001-compute/export/evidence/gold-2/state/experiments/exp042/condraster/ping__off__seed42_cell_jitter_sigma_14_s0/final_epoch__de553afe678c/output.log	801
.pingstore/runs/exp042-r001-compute/export/evidence/gold-2/state/experiments/exp042/condraster/ping__off__seed42_cell_jitter_sigma_14_s0/final_epoch__de553afe678c/run.jsonl	617
.pingstore/runs/exp042-r001-compute/export/evidence/gold-2/state/experiments/exp042/condraster/ping__off__seed42_cell_jitter_sigma_14_s0/final_epoch__de553afe678c/snapshot.npz	47315430
.pingstore/runs/exp042-r001-compute/export/evidence/gold-2/state/experiments/exp042/condraster/ping__off__seed42_jitter_sigma_14_s0/final_epoch__de553afe678c/config.json	2266
.pingstore/runs/exp042-r001-compute/export/evidence/gold-2/state/experiments/exp042/condraster/ping__off__seed42_jitter_sigma_14_s0/final_epoch__de553afe678c/output.log	801
.pingstore/runs/exp042-r001-compute/export/evidence/gold-2/state/experiments/exp042/condraster/ping__off__seed42_jitter_sigma_14_s0/final_epoch__de553afe678c/run.jsonl	617
.pingstore/runs/exp042-r001-compute/export/evidence/gold-2/state/experiments/exp042/condraster/ping__off__seed42_jitter_sigma_14_s0/final_epoch__de553afe678c/snapshot.npz	47315430
.pingstore/runs/exp042-r001-compute/export/evidence/gold-2/state/experiments/exp042/ovrun/ping__off__seed42__ping__off__seed42_cell_jitter_sigma_0.5_48/final_epoch__de553afe678c/config.json	2289
.pingstore/runs/exp042-r001-compute/export/evidence/gold-2/state/experiments/exp042/ovrun/ping__off__seed42__ping__off__seed42_cell_jitter_sigma_0.5_48/final_epoch__de553afe678c/metrics.json	832
.pingstore/runs/exp042-r001-compute/export/evidence/gold-2/state/experiments/exp042/ovrun/ping__off__seed42__ping__off__seed42_cell_jitter_sigma_0.5_48/final_epoch__de553afe678c/output.log	1365
.pingstore/runs/exp042-r001-compute/export/evidence/gold-2/state/experiments/exp042/ovrun/ping__off__seed42__ping__off__seed42_cell_jitter_sigma_0.5_48/final_epoch__de553afe678c/run.jsonl	642
.pingstore/runs/exp042-r001-compute/export/evidence/gold-2/state/experiments/exp042/ovrun/ping__off__seed42__ping__off__seed42_cell_jitter_sigma_0_42/final_epoch__de553afe678c/config.json	2285
.pingstore/runs/exp042-r001-compute/export/evidence/gold-2/state/experiments/exp042/ovrun/ping__off__seed42__ping__off__seed42_cell_jitter_sigma_0_42/final_epoch__de553afe678c/metrics.json	838
.pingstore/runs/exp042-r001-compute/export/evidence/gold-2/state/experiments/exp042/ovrun/ping__off__seed42__ping__off__seed42_cell_jitter_sigma_0_42/final_epoch__de553afe678c/output.log	1360
.pingstore/runs/exp042-r001-compute/export/evidence/gold-2/state/experiments/exp042/ovrun/ping__off__seed42__ping__off__seed42_cell_jitter_sigma_0_42/final_epoch__de553afe678c/run.jsonl	643
.pingstore/runs/exp042-r001-compute/export/evidence/gold-2/state/experiments/exp042/ovrun/ping__off__seed42__ping__off__seed42_cell_jitter_sigma_14_224/final_epoch__de553afe678c/config.json	2289
.pingstore/runs/exp042-r001-compute/export/evidence/gold-2/state/experiments/exp042/ovrun/ping__off__seed42__ping__off__seed42_cell_jitter_sigma_14_224/final_epoch__de553afe678c/metrics.json	832
.pingstore/runs/exp042-r001-compute/export/evidence/gold-2/state/experiments/exp042/ovrun/ping__off__seed42__ping__off__seed42_cell_jitter_sigma_14_224/final_epoch__de553afe678c/output.log	1365
.pingstore/runs/exp042-r001-compute/export/evidence/gold-2/state/experiments/exp042/ovrun/ping__off__seed42__ping__off__seed42_cell_jitter_sigma_14_224/final_epoch__de553afe678c/run.jsonl	643
.pingstore/runs/exp042-r001-compute/export/evidence/gold-2/state/experiments/exp042/ovrun/ping__off__seed42__ping__off__seed42_cell_jitter_sigma_1_55/final_epoch__de553afe678c/config.json	2285
.pingstore/runs/exp042-r001-compute/export/evidence/gold-2/state/experiments/exp042/ovrun/ping__off__seed42__ping__off__seed42_cell_jitter_sigma_1_55/final_epoch__de553afe678c/metrics.json	834
.pingstore/runs/exp042-r001-compute/export/evidence/gold-2/state/experiments/exp042/ovrun/ping__off__seed42__ping__off__seed42_cell_jitter_sigma_1_55/final_epoch__de553afe678c/output.log	1361
.pingstore/runs/exp042-r001-compute/export/evidence/gold-2/state/experiments/exp042/ovrun/ping__off__seed42__ping__off__seed42_cell_jitter_sigma_1_55/final_epoch__de553afe678c/run.jsonl	643
.pingstore/runs/exp042-r001-compute/export/evidence/gold-2/state/experiments/exp042/ovrun/ping__off__seed42__ping__off__seed42_cell_jitter_sigma_21_315/final_epoch__de553afe678c/config.json	2289
.pingstore/runs/exp042-r001-compute/export/evidence/gold-2/state/experiments/exp042/ovrun/ping__off__seed42__ping__off__seed42_cell_jitter_sigma_21_315/final_epoch__de553afe678c/metrics.json	835
.pingstore/runs/exp042-r001-compute/export/evidence/gold-2/state/experiments/exp042/ovrun/ping__off__seed42__ping__off__seed42_cell_jitter_sigma_21_315/final_epoch__de553afe678c/output.log	1365
.pingstore/runs/exp042-r001-compute/export/evidence/gold-2/state/experiments/exp042/ovrun/ping__off__seed42__ping__off__seed42_cell_jitter_sigma_21_315/final_epoch__de553afe678c/run.jsonl	643
.pingstore/runs/exp042-r001-compute/export/evidence/gold-2/state/experiments/exp042/ovrun/ping__off__seed42__ping__off__seed42_cell_jitter_sigma_2_68/final_epoch__de553afe678c/config.json	2285
.pingstore/runs/exp042-r001-compute/export/evidence/gold-2/state/experiments/exp042/ovrun/ping__off__seed42__ping__off__seed42_cell_jitter_sigma_2_68/final_epoch__de553afe678c/metrics.json	835
.pingstore/runs/exp042-r001-compute/export/evidence/gold-2/state/experiments/exp042/ovrun/ping__off__seed42__ping__off__seed42_cell_jitter_sigma_2_68/final_epoch__de553afe678c/output.log	1361
.pingstore/runs/exp042-r001-compute/export/evidence/gold-2/state/experiments/exp042/ovrun/ping__off__seed42__ping__off__seed42_cell_jitter_sigma_2_68/final_epoch__de553afe678c/run.jsonl	644
.pingstore/runs/exp042-r001-compute/export/evidence/gold-2/state/experiments/exp042/ovrun/ping__off__seed42__ping__off__seed42_cell_jitter_sigma_50_692/final_epoch__de553afe678c/config.json	2289
.pingstore/runs/exp042-r001-compute/export/evidence/gold-2/state/experiments/exp042/ovrun/ping__off__seed42__ping__off__seed42_cell_jitter_sigma_50_692/final_epoch__de553afe678c/metrics.json	830
.pingstore/runs/exp042-r001-compute/export/evidence/gold-2/state/experiments/exp042/ovrun/ping__off__seed42__ping__off__seed42_cell_jitter_sigma_50_692/final_epoch__de553afe678c/output.log	1365
.pingstore/runs/exp042-r001-compute/export/evidence/gold-2/state/experiments/exp042/ovrun/ping__off__seed42__ping__off__seed42_cell_jitter_sigma_50_692/final_epoch__de553afe678c/run.jsonl	643
.pingstore/runs/exp042-r001-compute/export/evidence/gold-2/state/experiments/exp042/ovrun/ping__off__seed42__ping__off__seed42_cell_jitter_sigma_5_107/final_epoch__de553afe678c/config.json	2287
.pingstore/runs/exp042-r001-compute/export/evidence/gold-2/state/experiments/exp042/ovrun/ping__off__seed42__ping__off__seed42_cell_jitter_sigma_5_107/final_epoch__de553afe678c/metrics.json	834
.pingstore/runs/exp042-r001-compute/export/evidence/gold-2/state/experiments/exp042/ovrun/ping__off__seed42__ping__off__seed42_cell_jitter_sigma_5_107/final_epoch__de553afe678c/output.log	1361
.pingstore/runs/exp042-r001-compute/export/evidence/gold-2/state/experiments/exp042/ovrun/ping__off__seed42__ping__off__seed42_cell_jitter_sigma_5_107/final_epoch__de553afe678c/run.jsonl	641
.pingstore/runs/exp042-r001-compute/export/evidence/gold-2/state/experiments/exp042/ovrun/ping__off__seed42__ping__off__seed42_cell_jitter_sigma_9_159/final_epoch__de553afe678c/config.json	2287
.pingstore/runs/exp042-r001-compute/export/evidence/gold-2/state/experiments/exp042/ovrun/ping__off__seed42__ping__off__seed42_cell_jitter_sigma_9_159/final_epoch__de553afe678c/metrics.json	830
.pingstore/runs/exp042-r001-compute/export/evidence/gold-2/state/experiments/exp042/ovrun/ping__off__seed42__ping__off__seed42_cell_jitter_sigma_9_159/final_epoch__de553afe678c/output.log	1363
.pingstore/runs/exp042-r001-compute/export/evidence/gold-2/state/experiments/exp042/ovrun/ping__off__seed42__ping__off__seed42_cell_jitter_sigma_9_159/final_epoch__de553afe678c/run.jsonl	644
.pingstore/runs/exp042-r001-compute/export/evidence/gold-2/state/experiments/exp042/ovrun/ping__off__seed42__ping__off__seed42_jitter_sigma_0_42/final_epoch__de553afe678c/config.json	2275
.pingstore/runs/exp042-r001-compute/export/evidence/gold-2/state/experiments/exp042/ovrun/ping__off__seed42__ping__off__seed42_jitter_sigma_0_42/final_epoch__de553afe678c/metrics.json	838
.pingstore/runs/exp042-r001-compute/export/evidence/gold-2/state/experiments/exp042/ovrun/ping__off__seed42__ping__off__seed42_jitter_sigma_0_42/final_epoch__de553afe678c/output.log	1352
.pingstore/runs/exp042-r001-compute/export/evidence/gold-2/state/experiments/exp042/ovrun/ping__off__seed42__ping__off__seed42_jitter_sigma_0_42/final_epoch__de553afe678c/run.jsonl	642
.pingstore/runs/exp042-r001-compute/export/evidence/gold-2/state/experiments/exp042/ovrun/ping__off__seed42__ping__off__seed42_jitter_sigma_100_142/final_epoch__de553afe678c/config.json	2281
.pingstore/runs/exp042-r001-compute/export/evidence/gold-2/state/experiments/exp042/ovrun/ping__off__seed42__ping__off__seed42_jitter_sigma_100_142/final_epoch__de553afe678c/metrics.json	840
.pingstore/runs/exp042-r001-compute/export/evidence/gold-2/state/experiments/exp042/ovrun/ping__off__seed42__ping__off__seed42_jitter_sigma_100_142/final_epoch__de553afe678c/output.log	1357
.pingstore/runs/exp042-r001-compute/export/evidence/gold-2/state/experiments/exp042/ovrun/ping__off__seed42__ping__off__seed42_jitter_sigma_100_142/final_epoch__de553afe678c/run.jsonl	644
.pingstore/runs/exp042-r001-compute/export/evidence/gold-2/state/experiments/exp042/ovrun/ping__off__seed42__ping__off__seed42_jitter_sigma_14_56/final_epoch__de553afe678c/config.json	2277
.pingstore/runs/exp042-r001-compute/export/evidence/gold-2/state/experiments/exp042/ovrun/ping__off__seed42__ping__off__seed42_jitter_sigma_14_56/final_epoch__de553afe678c/metrics.json	837
.pingstore/runs/exp042-r001-compute/export/evidence/gold-2/state/experiments/exp042/ovrun/ping__off__seed42__ping__off__seed42_jitter_sigma_14_56/final_epoch__de553afe678c/output.log	1354
.pingstore/runs/exp042-r001-compute/export/evidence/gold-2/state/experiments/exp042/ovrun/ping__off__seed42__ping__off__seed42_jitter_sigma_14_56/final_epoch__de553afe678c/run.jsonl	643
.pingstore/runs/exp042-r001-compute/export/evidence/gold-2/state/experiments/exp042/ovrun/ping__off__seed42__ping__off__seed42_jitter_sigma_1_43/final_epoch__de553afe678c/config.json	2275
.pingstore/runs/exp042-r001-compute/export/evidence/gold-2/state/experiments/exp042/ovrun/ping__off__seed42__ping__off__seed42_jitter_sigma_1_43/final_epoch__de553afe678c/metrics.json	839
.pingstore/runs/exp042-r001-compute/export/evidence/gold-2/state/experiments/exp042/ovrun/ping__off__seed42__ping__off__seed42_jitter_sigma_1_43/final_epoch__de553afe678c/output.log	1352
.pingstore/runs/exp042-r001-compute/export/evidence/gold-2/state/experiments/exp042/ovrun/ping__off__seed42__ping__off__seed42_jitter_sigma_1_43/final_epoch__de553afe678c/run.jsonl	643
.pingstore/runs/exp042-r001-compute/export/evidence/gold-2/state/experiments/exp042/ovrun/ping__off__seed42__ping__off__seed42_jitter_sigma_21_63/final_epoch__de553afe678c/config.json	2277
.pingstore/runs/exp042-r001-compute/export/evidence/gold-2/state/experiments/exp042/ovrun/ping__off__seed42__ping__off__seed42_jitter_sigma_21_63/final_epoch__de553afe678c/metrics.json	833
.pingstore/runs/exp042-r001-compute/export/evidence/gold-2/state/experiments/exp042/ovrun/ping__off__seed42__ping__off__seed42_jitter_sigma_21_63/final_epoch__de553afe678c/output.log	1354
.pingstore/runs/exp042-r001-compute/export/evidence/gold-2/state/experiments/exp042/ovrun/ping__off__seed42__ping__off__seed42_jitter_sigma_21_63/final_epoch__de553afe678c/run.jsonl	643
.pingstore/runs/exp042-r001-compute/export/evidence/gold-2/state/experiments/exp042/ovrun/ping__off__seed42__ping__off__seed42_jitter_sigma_28_70/final_epoch__de553afe678c/config.json	2277
.pingstore/runs/exp042-r001-compute/export/evidence/gold-2/state/experiments/exp042/ovrun/ping__off__seed42__ping__off__seed42_jitter_sigma_28_70/final_epoch__de553afe678c/metrics.json	837
.pingstore/runs/exp042-r001-compute/export/evidence/gold-2/state/experiments/exp042/ovrun/ping__off__seed42__ping__off__seed42_jitter_sigma_28_70/final_epoch__de553afe678c/output.log	1354
.pingstore/runs/exp042-r001-compute/export/evidence/gold-2/state/experiments/exp042/ovrun/ping__off__seed42__ping__off__seed42_jitter_sigma_28_70/final_epoch__de553afe678c/run.jsonl	644
.pingstore/runs/exp042-r001-compute/export/evidence/gold-2/state/experiments/exp042/ovrun/ping__off__seed42__ping__off__seed42_jitter_sigma_3_45/final_epoch__de553afe678c/config.json	2275
.pingstore/runs/exp042-r001-compute/export/evidence/gold-2/state/experiments/exp042/ovrun/ping__off__seed42__ping__off__seed42_jitter_sigma_3_45/final_epoch__de553afe678c/metrics.json	836
.pingstore/runs/exp042-r001-compute/export/evidence/gold-2/state/experiments/exp042/ovrun/ping__off__seed42__ping__off__seed42_jitter_sigma_3_45/final_epoch__de553afe678c/output.log	1350
.pingstore/runs/exp042-r001-compute/export/evidence/gold-2/state/experiments/exp042/ovrun/ping__off__seed42__ping__off__seed42_jitter_sigma_3_45/final_epoch__de553afe678c/run.jsonl	643
.pingstore/runs/exp042-r001-compute/export/evidence/gold-2/state/experiments/exp042/ovrun/ping__off__seed42__ping__off__seed42_jitter_sigma_42_84/final_epoch__de553afe678c/config.json	2277
.pingstore/runs/exp042-r001-compute/export/evidence/gold-2/state/experiments/exp042/ovrun/ping__off__seed42__ping__off__seed42_jitter_sigma_42_84/final_epoch__de553afe678c/metrics.json	841
.pingstore/runs/exp042-r001-compute/export/evidence/gold-2/state/experiments/exp042/ovrun/ping__off__seed42__ping__off__seed42_jitter_sigma_42_84/final_epoch__de553afe678c/output.log	1355
.pingstore/runs/exp042-r001-compute/export/evidence/gold-2/state/experiments/exp042/ovrun/ping__off__seed42__ping__off__seed42_jitter_sigma_42_84/final_epoch__de553afe678c/run.jsonl	643
.pingstore/runs/exp042-r001-compute/export/evidence/gold-2/state/experiments/exp042/ovrun/ping__off__seed42__ping__off__seed42_jitter_sigma_60_102/final_epoch__de553afe678c/config.json	2279
.pingstore/runs/exp042-r001-compute/export/evidence/gold-2/state/experiments/exp042/ovrun/ping__off__seed42__ping__off__seed42_jitter_sigma_60_102/final_epoch__de553afe678c/metrics.json	838
.pingstore/runs/exp042-r001-compute/export/evidence/gold-2/state/experiments/exp042/ovrun/ping__off__seed42__ping__off__seed42_jitter_sigma_60_102/final_epoch__de553afe678c/output.log	1357
.pingstore/runs/exp042-r001-compute/export/evidence/gold-2/state/experiments/exp042/ovrun/ping__off__seed42__ping__off__seed42_jitter_sigma_60_102/final_epoch__de553afe678c/run.jsonl	644
.pingstore/runs/exp042-r001-compute/export/evidence/gold-2/state/experiments/exp042/ovrun/ping__off__seed42__ping__off__seed42_jitter_sigma_7_49/final_epoch__de553afe678c/config.json	2275
.pingstore/runs/exp042-r001-compute/export/evidence/gold-2/state/experiments/exp042/ovrun/ping__off__seed42__ping__off__seed42_jitter_sigma_7_49/final_epoch__de553afe678c/metrics.json	830
.pingstore/runs/exp042-r001-compute/export/evidence/gold-2/state/experiments/exp042/ovrun/ping__off__seed42__ping__off__seed42_jitter_sigma_7_49/final_epoch__de553afe678c/output.log	1352
.pingstore/runs/exp042-r001-compute/export/evidence/gold-2/state/experiments/exp042/ovrun/ping__off__seed42__ping__off__seed42_jitter_sigma_7_49/final_epoch__de553afe678c/run.jsonl	641
.pingstore/runs/exp042-r001-compute/export/evidence/gold-2/state/experiments/exp042/ovrun/ping__off__seed42__ping__off__seed42_phase_shuffled_i_42/final_epoch__de553afe678c/config.json	2279
.pingstore/runs/exp042-r001-compute/export/evidence/gold-2/state/experiments/exp042/ovrun/ping__off__seed42__ping__off__seed42_phase_shuffled_i_42/final_epoch__de553afe678c/metrics.json	839
.pingstore/runs/exp042-r001-compute/export/evidence/gold-2/state/experiments/exp042/ovrun/ping__off__seed42__ping__off__seed42_phase_shuffled_i_42/final_epoch__de553afe678c/output.log	1354
.pingstore/runs/exp042-r001-compute/export/evidence/gold-2/state/experiments/exp042/ovrun/ping__off__seed42__ping__off__seed42_phase_shuffled_i_42/final_epoch__de553afe678c/run.jsonl	644
.pingstore/runs/exp042-r001-compute/export/evidence/gold-2/state/experiments/exp042/ovrun/ping__off__seed42__ping__off__seed42_poisson_matched_i_42/final_epoch__de553afe678c/config.json	2281
.pingstore/runs/exp042-r001-compute/export/evidence/gold-2/state/experiments/exp042/ovrun/ping__off__seed42__ping__off__seed42_poisson_matched_i_42/final_epoch__de553afe678c/metrics.json	833
.pingstore/runs/exp042-r001-compute/export/evidence/gold-2/state/experiments/exp042/ovrun/ping__off__seed42__ping__off__seed42_poisson_matched_i_42/final_epoch__de553afe678c/output.log	1357
.pingstore/runs/exp042-r001-compute/export/evidence/gold-2/state/experiments/exp042/ovrun/ping__off__seed42__ping__off__seed42_poisson_matched_i_42/final_epoch__de553afe678c/run.jsonl	643
.pingstore/runs/exp042-r001-compute/export/evidence/gold-2/state/experiments/exp042/ovrun/ping__off__seed43__ping__off__seed43_cell_jitter_sigma_0.5_49/final_epoch__8b56e5539ff4/config.json	2289
.pingstore/runs/exp042-r001-compute/export/evidence/gold-2/state/experiments/exp042/ovrun/ping__off__seed43__ping__off__seed43_cell_jitter_sigma_0.5_49/final_epoch__8b56e5539ff4/metrics.json	834
.pingstore/runs/exp042-r001-compute/export/evidence/gold-2/state/experiments/exp042/ovrun/ping__off__seed43__ping__off__seed43_cell_jitter_sigma_0.5_49/final_epoch__8b56e5539ff4/output.log	1365
.pingstore/runs/exp042-r001-compute/export/evidence/gold-2/state/experiments/exp042/ovrun/ping__off__seed43__ping__off__seed43_cell_jitter_sigma_0.5_49/final_epoch__8b56e5539ff4/run.jsonl	643
.pingstore/runs/exp042-r001-compute/export/evidence/gold-2/state/experiments/exp042/ovrun/ping__off__seed43__ping__off__seed43_cell_jitter_sigma_0_43/final_epoch__8b56e5539ff4/config.json	2285
.pingstore/runs/exp042-r001-compute/export/evidence/gold-2/state/experiments/exp042/ovrun/ping__off__seed43__ping__off__seed43_cell_jitter_sigma_0_43/final_epoch__8b56e5539ff4/metrics.json	838
.pingstore/runs/exp042-r001-compute/export/evidence/gold-2/state/experiments/exp042/ovrun/ping__off__seed43__ping__off__seed43_cell_jitter_sigma_0_43/final_epoch__8b56e5539ff4/output.log	1360
.pingstore/runs/exp042-r001-compute/export/evidence/gold-2/state/experiments/exp042/ovrun/ping__off__seed43__ping__off__seed43_cell_jitter_sigma_0_43/final_epoch__8b56e5539ff4/run.jsonl	644
.pingstore/runs/exp042-r001-compute/export/evidence/gold-2/state/experiments/exp042/ovrun/ping__off__seed43__ping__off__seed43_cell_jitter_sigma_14_225/final_epoch__8b56e5539ff4/config.json	2289
.pingstore/runs/exp042-r001-compute/export/evidence/gold-2/state/experiments/exp042/ovrun/ping__off__seed43__ping__off__seed43_cell_jitter_sigma_14_225/final_epoch__8b56e5539ff4/metrics.json	833
.pingstore/runs/exp042-r001-compute/export/evidence/gold-2/state/experiments/exp042/ovrun/ping__off__seed43__ping__off__seed43_cell_jitter_sigma_14_225/final_epoch__8b56e5539ff4/output.log	1363
.pingstore/runs/exp042-r001-compute/export/evidence/gold-2/state/experiments/exp042/ovrun/ping__off__seed43__ping__off__seed43_cell_jitter_sigma_14_225/final_epoch__8b56e5539ff4/run.jsonl	643
.pingstore/runs/exp042-r001-compute/export/evidence/gold-2/state/experiments/exp042/ovrun/ping__off__seed43__ping__off__seed43_cell_jitter_sigma_1_56/final_epoch__8b56e5539ff4/config.json	2285
.pingstore/runs/exp042-r001-compute/export/evidence/gold-2/state/experiments/exp042/ovrun/ping__off__seed43__ping__off__seed43_cell_jitter_sigma_1_56/final_epoch__8b56e5539ff4/metrics.json	830
.pingstore/runs/exp042-r001-compute/export/evidence/gold-2/state/experiments/exp042/ovrun/ping__off__seed43__ping__off__seed43_cell_jitter_sigma_1_56/final_epoch__8b56e5539ff4/output.log	1359
.pingstore/runs/exp042-r001-compute/export/evidence/gold-2/state/experiments/exp042/ovrun/ping__off__seed43__ping__off__seed43_cell_jitter_sigma_1_56/final_epoch__8b56e5539ff4/run.jsonl	643
.pingstore/runs/exp042-r001-compute/export/evidence/gold-2/state/experiments/exp042/ovrun/ping__off__seed43__ping__off__seed43_cell_jitter_sigma_21_316/final_epoch__8b56e5539ff4/config.json	2289
.pingstore/runs/exp042-r001-compute/export/evidence/gold-2/state/experiments/exp042/ovrun/ping__off__seed43__ping__off__seed43_cell_jitter_sigma_21_316/final_epoch__8b56e5539ff4/metrics.json	831
.pingstore/runs/exp042-r001-compute/export/evidence/gold-2/state/experiments/exp042/ovrun/ping__off__seed43__ping__off__seed43_cell_jitter_sigma_21_316/final_epoch__8b56e5539ff4/output.log	1365
.pingstore/runs/exp042-r001-compute/export/evidence/gold-2/state/experiments/exp042/ovrun/ping__off__seed43__ping__off__seed43_cell_jitter_sigma_21_316/final_epoch__8b56e5539ff4/run.jsonl	643
.pingstore/runs/exp042-r001-compute/export/evidence/gold-2/state/experiments/exp042/ovrun/ping__off__seed43__ping__off__seed43_cell_jitter_sigma_2_69/final_epoch__8b56e5539ff4/config.json	2285
.pingstore/runs/exp042-r001-compute/export/evidence/gold-2/state/experiments/exp042/ovrun/ping__off__seed43__ping__off__seed43_cell_jitter_sigma_2_69/final_epoch__8b56e5539ff4/metrics.json	828
.pingstore/runs/exp042-r001-compute/export/evidence/gold-2/state/experiments/exp042/ovrun/ping__off__seed43__ping__off__seed43_cell_jitter_sigma_2_69/final_epoch__8b56e5539ff4/output.log	1359
.pingstore/runs/exp042-r001-compute/export/evidence/gold-2/state/experiments/exp042/ovrun/ping__off__seed43__ping__off__seed43_cell_jitter_sigma_2_69/final_epoch__8b56e5539ff4/run.jsonl	643
.pingstore/runs/exp042-r001-compute/export/evidence/gold-2/state/experiments/exp042/ovrun/ping__off__seed43__ping__off__seed43_cell_jitter_sigma_50_693/final_epoch__8b56e5539ff4/config.json	2289
.pingstore/runs/exp042-r001-compute/export/evidence/gold-2/state/experiments/exp042/ovrun/ping__off__seed43__ping__off__seed43_cell_jitter_sigma_50_693/final_epoch__8b56e5539ff4/metrics.json	825
.pingstore/runs/exp042-r001-compute/export/evidence/gold-2/state/experiments/exp042/ovrun/ping__off__seed43__ping__off__seed43_cell_jitter_sigma_50_693/final_epoch__8b56e5539ff4/output.log	1363
.pingstore/runs/exp042-r001-compute/export/evidence/gold-2/state/experiments/exp042/ovrun/ping__off__seed43__ping__off__seed43_cell_jitter_sigma_50_693/final_epoch__8b56e5539ff4/run.jsonl	643
.pingstore/runs/exp042-r001-compute/export/evidence/gold-2/state/experiments/exp042/ovrun/ping__off__seed43__ping__off__seed43_cell_jitter_sigma_5_108/final_epoch__8b56e5539ff4/config.json	2287
.pingstore/runs/exp042-r001-compute/export/evidence/gold-2/state/experiments/exp042/ovrun/ping__off__seed43__ping__off__seed43_cell_jitter_sigma_5_108/final_epoch__8b56e5539ff4/metrics.json	835
.pingstore/runs/exp042-r001-compute/export/evidence/gold-2/state/experiments/exp042/ovrun/ping__off__seed43__ping__off__seed43_cell_jitter_sigma_5_108/final_epoch__8b56e5539ff4/output.log	1361
.pingstore/runs/exp042-r001-compute/export/evidence/gold-2/state/experiments/exp042/ovrun/ping__off__seed43__ping__off__seed43_cell_jitter_sigma_5_108/final_epoch__8b56e5539ff4/run.jsonl	643
.pingstore/runs/exp042-r001-compute/export/evidence/gold-2/state/experiments/exp042/ovrun/ping__off__seed43__ping__off__seed43_cell_jitter_sigma_9_160/final_epoch__8b56e5539ff4/config.json	2287
.pingstore/runs/exp042-r001-compute/export/evidence/gold-2/state/experiments/exp042/ovrun/ping__off__seed43__ping__off__seed43_cell_jitter_sigma_9_160/final_epoch__8b56e5539ff4/metrics.json	833
.pingstore/runs/exp042-r001-compute/export/evidence/gold-2/state/experiments/exp042/ovrun/ping__off__seed43__ping__off__seed43_cell_jitter_sigma_9_160/final_epoch__8b56e5539ff4/output.log	1363
.pingstore/runs/exp042-r001-compute/export/evidence/gold-2/state/experiments/exp042/ovrun/ping__off__seed43__ping__off__seed43_cell_jitter_sigma_9_160/final_epoch__8b56e5539ff4/run.jsonl	642
.pingstore/runs/exp042-r001-compute/export/evidence/gold-2/state/experiments/exp042/ovrun/ping__off__seed43__ping__off__seed43_jitter_sigma_0_43/final_epoch__8b56e5539ff4/config.json	2275
.pingstore/runs/exp042-r001-compute/export/evidence/gold-2/state/experiments/exp042/ovrun/ping__off__seed43__ping__off__seed43_jitter_sigma_0_43/final_epoch__8b56e5539ff4/metrics.json	838
.pingstore/runs/exp042-r001-compute/export/evidence/gold-2/state/experiments/exp042/ovrun/ping__off__seed43__ping__off__seed43_jitter_sigma_0_43/final_epoch__8b56e5539ff4/output.log	1350
.pingstore/runs/exp042-r001-compute/export/evidence/gold-2/state/experiments/exp042/ovrun/ping__off__seed43__ping__off__seed43_jitter_sigma_0_43/final_epoch__8b56e5539ff4/run.jsonl	643
.pingstore/runs/exp042-r001-compute/export/evidence/gold-2/state/experiments/exp042/ovrun/ping__off__seed43__ping__off__seed43_jitter_sigma_100_143/final_epoch__8b56e5539ff4/config.json	2281
.pingstore/runs/exp042-r001-compute/export/evidence/gold-2/state/experiments/exp042/ovrun/ping__off__seed43__ping__off__seed43_jitter_sigma_100_143/final_epoch__8b56e5539ff4/metrics.json	841
.pingstore/runs/exp042-r001-compute/export/evidence/gold-2/state/experiments/exp042/ovrun/ping__off__seed43__ping__off__seed43_jitter_sigma_100_143/final_epoch__8b56e5539ff4/output.log	1359
.pingstore/runs/exp042-r001-compute/export/evidence/gold-2/state/experiments/exp042/ovrun/ping__off__seed43__ping__off__seed43_jitter_sigma_100_143/final_epoch__8b56e5539ff4/run.jsonl	643
.pingstore/runs/exp042-r001-compute/export/evidence/gold-2/state/experiments/exp042/ovrun/ping__off__seed43__ping__off__seed43_jitter_sigma_14_57/final_epoch__8b56e5539ff4/config.json	2277
.pingstore/runs/exp042-r001-compute/export/evidence/gold-2/state/experiments/exp042/ovrun/ping__off__seed43__ping__off__seed43_jitter_sigma_14_57/final_epoch__8b56e5539ff4/metrics.json	838
.pingstore/runs/exp042-r001-compute/export/evidence/gold-2/state/experiments/exp042/ovrun/ping__off__seed43__ping__off__seed43_jitter_sigma_14_57/final_epoch__8b56e5539ff4/output.log	1352
.pingstore/runs/exp042-r001-compute/export/evidence/gold-2/state/experiments/exp042/ovrun/ping__off__seed43__ping__off__seed43_jitter_sigma_14_57/final_epoch__8b56e5539ff4/run.jsonl	644
.pingstore/runs/exp042-r001-compute/export/evidence/gold-2/state/experiments/exp042/ovrun/ping__off__seed43__ping__off__seed43_jitter_sigma_1_44/final_epoch__8b56e5539ff4/config.json	2275
.pingstore/runs/exp042-r001-compute/export/evidence/gold-2/state/experiments/exp042/ovrun/ping__off__seed43__ping__off__seed43_jitter_sigma_1_44/final_epoch__8b56e5539ff4/metrics.json	838
.pingstore/runs/exp042-r001-compute/export/evidence/gold-2/state/experiments/exp042/ovrun/ping__off__seed43__ping__off__seed43_jitter_sigma_1_44/final_epoch__8b56e5539ff4/output.log	1352
.pingstore/runs/exp042-r001-compute/export/evidence/gold-2/state/experiments/exp042/ovrun/ping__off__seed43__ping__off__seed43_jitter_sigma_1_44/final_epoch__8b56e5539ff4/run.jsonl	643
.pingstore/runs/exp042-r001-compute/export/evidence/gold-2/state/experiments/exp042/ovrun/ping__off__seed43__ping__off__seed43_jitter_sigma_21_64/final_epoch__8b56e5539ff4/config.json	2277
.pingstore/runs/exp042-r001-compute/export/evidence/gold-2/state/experiments/exp042/ovrun/ping__off__seed43__ping__off__seed43_jitter_sigma_21_64/final_epoch__8b56e5539ff4/metrics.json	831
.pingstore/runs/exp042-r001-compute/export/evidence/gold-2/state/experiments/exp042/ovrun/ping__off__seed43__ping__off__seed43_jitter_sigma_21_64/final_epoch__8b56e5539ff4/output.log	1352
.pingstore/runs/exp042-r001-compute/export/evidence/gold-2/state/experiments/exp042/ovrun/ping__off__seed43__ping__off__seed43_jitter_sigma_21_64/final_epoch__8b56e5539ff4/run.jsonl	643
.pingstore/runs/exp042-r001-compute/export/evidence/gold-2/state/experiments/exp042/ovrun/ping__off__seed43__ping__off__seed43_jitter_sigma_28_71/final_epoch__8b56e5539ff4/config.json	2277
.pingstore/runs/exp042-r001-compute/export/evidence/gold-2/state/experiments/exp042/ovrun/ping__off__seed43__ping__off__seed43_jitter_sigma_28_71/final_epoch__8b56e5539ff4/metrics.json	839
.pingstore/runs/exp042-r001-compute/export/evidence/gold-2/state/experiments/exp042/ovrun/ping__off__seed43__ping__off__seed43_jitter_sigma_28_71/final_epoch__8b56e5539ff4/output.log	1354
.pingstore/runs/exp042-r001-compute/export/evidence/gold-2/state/experiments/exp042/ovrun/ping__off__seed43__ping__off__seed43_jitter_sigma_28_71/final_epoch__8b56e5539ff4/run.jsonl	643
.pingstore/runs/exp042-r001-compute/export/evidence/gold-2/state/experiments/exp042/ovrun/ping__off__seed43__ping__off__seed43_jitter_sigma_3_46/final_epoch__8b56e5539ff4/config.json	2275
.pingstore/runs/exp042-r001-compute/export/evidence/gold-2/state/experiments/exp042/ovrun/ping__off__seed43__ping__off__seed43_jitter_sigma_3_46/final_epoch__8b56e5539ff4/metrics.json	840
.pingstore/runs/exp042-r001-compute/export/evidence/gold-2/state/experiments/exp042/ovrun/ping__off__seed43__ping__off__seed43_jitter_sigma_3_46/final_epoch__8b56e5539ff4/output.log	1352
.pingstore/runs/exp042-r001-compute/export/evidence/gold-2/state/experiments/exp042/ovrun/ping__off__seed43__ping__off__seed43_jitter_sigma_3_46/final_epoch__8b56e5539ff4/run.jsonl	644
.pingstore/runs/exp042-r001-compute/export/evidence/gold-2/state/experiments/exp042/ovrun/ping__off__seed43__ping__off__seed43_jitter_sigma_42_85/final_epoch__8b56e5539ff4/config.json	2277
.pingstore/runs/exp042-r001-compute/export/evidence/gold-2/state/experiments/exp042/ovrun/ping__off__seed43__ping__off__seed43_jitter_sigma_42_85/final_epoch__8b56e5539ff4/metrics.json	837
.pingstore/runs/exp042-r001-compute/export/evidence/gold-2/state/experiments/exp042/ovrun/ping__off__seed43__ping__off__seed43_jitter_sigma_42_85/final_epoch__8b56e5539ff4/output.log	1355
.pingstore/runs/exp042-r001-compute/export/evidence/gold-2/state/experiments/exp042/ovrun/ping__off__seed43__ping__off__seed43_jitter_sigma_42_85/final_epoch__8b56e5539ff4/run.jsonl	643
.pingstore/runs/exp042-r001-compute/export/evidence/gold-2/state/experiments/exp042/ovrun/ping__off__seed43__ping__off__seed43_jitter_sigma_60_103/final_epoch__8b56e5539ff4/config.json	2279
.pingstore/runs/exp042-r001-compute/export/evidence/gold-2/state/experiments/exp042/ovrun/ping__off__seed43__ping__off__seed43_jitter_sigma_60_103/final_epoch__8b56e5539ff4/metrics.json	840
.pingstore/runs/exp042-r001-compute/export/evidence/gold-2/state/experiments/exp042/ovrun/ping__off__seed43__ping__off__seed43_jitter_sigma_60_103/final_epoch__8b56e5539ff4/output.log	1355
.pingstore/runs/exp042-r001-compute/export/evidence/gold-2/state/experiments/exp042/ovrun/ping__off__seed43__ping__off__seed43_jitter_sigma_60_103/final_epoch__8b56e5539ff4/run.jsonl	643
.pingstore/runs/exp042-r001-compute/export/evidence/gold-2/state/experiments/exp042/ovrun/ping__off__seed43__ping__off__seed43_jitter_sigma_7_50/final_epoch__8b56e5539ff4/config.json	2275
.pingstore/runs/exp042-r001-compute/export/evidence/gold-2/state/experiments/exp042/ovrun/ping__off__seed43__ping__off__seed43_jitter_sigma_7_50/final_epoch__8b56e5539ff4/metrics.json	836
.pingstore/runs/exp042-r001-compute/export/evidence/gold-2/state/experiments/exp042/ovrun/ping__off__seed43__ping__off__seed43_jitter_sigma_7_50/final_epoch__8b56e5539ff4/output.log	1352
.pingstore/runs/exp042-r001-compute/export/evidence/gold-2/state/experiments/exp042/ovrun/ping__off__seed43__ping__off__seed43_jitter_sigma_7_50/final_epoch__8b56e5539ff4/run.jsonl	644
.pingstore/runs/exp042-r001-compute/export/evidence/gold-2/state/experiments/exp042/ovrun/ping__off__seed43__ping__off__seed43_phase_shuffled_i_43/final_epoch__8b56e5539ff4/config.json	2279
.pingstore/runs/exp042-r001-compute/export/evidence/gold-2/state/experiments/exp042/ovrun/ping__off__seed43__ping__off__seed43_phase_shuffled_i_43/final_epoch__8b56e5539ff4/metrics.json	838
.pingstore/runs/exp042-r001-compute/export/evidence/gold-2/state/experiments/exp042/ovrun/ping__off__seed43__ping__off__seed43_phase_shuffled_i_43/final_epoch__8b56e5539ff4/output.log	1354
.pingstore/runs/exp042-r001-compute/export/evidence/gold-2/state/experiments/exp042/ovrun/ping__off__seed43__ping__off__seed43_phase_shuffled_i_43/final_epoch__8b56e5539ff4/run.jsonl	643
.pingstore/runs/exp042-r001-compute/export/evidence/gold-2/state/experiments/exp042/ovrun/ping__off__seed43__ping__off__seed43_poisson_matched_i_43/final_epoch__8b56e5539ff4/config.json	2281
.pingstore/runs/exp042-r001-compute/export/evidence/gold-2/state/experiments/exp042/ovrun/ping__off__seed43__ping__off__seed43_poisson_matched_i_43/final_epoch__8b56e5539ff4/metrics.json	829
.pingstore/runs/exp042-r001-compute/export/evidence/gold-2/state/experiments/exp042/ovrun/ping__off__seed43__ping__off__seed43_poisson_matched_i_43/final_epoch__8b56e5539ff4/output.log	1357
.pingstore/runs/exp042-r001-compute/export/evidence/gold-2/state/experiments/exp042/ovrun/ping__off__seed43__ping__off__seed43_poisson_matched_i_43/final_epoch__8b56e5539ff4/run.jsonl	643
.pingstore/runs/exp042-r001-compute/export/evidence/gold-2/state/experiments/exp042/ovrun/ping__off__seed44__ping__off__seed44_cell_jitter_sigma_0.5_50/final_epoch__b690c6f53806/config.json	2289
.pingstore/runs/exp042-r001-compute/export/evidence/gold-2/state/experiments/exp042/ovrun/ping__off__seed44__ping__off__seed44_cell_jitter_sigma_0.5_50/final_epoch__b690c6f53806/metrics.json	837
.pingstore/runs/exp042-r001-compute/export/evidence/gold-2/state/experiments/exp042/ovrun/ping__off__seed44__ping__off__seed44_cell_jitter_sigma_0.5_50/final_epoch__b690c6f53806/output.log	1365
.pingstore/runs/exp042-r001-compute/export/evidence/gold-2/state/experiments/exp042/ovrun/ping__off__seed44__ping__off__seed44_cell_jitter_sigma_0.5_50/final_epoch__b690c6f53806/run.jsonl	643
.pingstore/runs/exp042-r001-compute/export/evidence/gold-2/state/experiments/exp042/ovrun/ping__off__seed44__ping__off__seed44_cell_jitter_sigma_0_44/final_epoch__b690c6f53806/config.json	2285
.pingstore/runs/exp042-r001-compute/export/evidence/gold-2/state/experiments/exp042/ovrun/ping__off__seed44__ping__off__seed44_cell_jitter_sigma_0_44/final_epoch__b690c6f53806/metrics.json	838
.pingstore/runs/exp042-r001-compute/export/evidence/gold-2/state/experiments/exp042/ovrun/ping__off__seed44__ping__off__seed44_cell_jitter_sigma_0_44/final_epoch__b690c6f53806/output.log	1362
.pingstore/runs/exp042-r001-compute/export/evidence/gold-2/state/experiments/exp042/ovrun/ping__off__seed44__ping__off__seed44_cell_jitter_sigma_0_44/final_epoch__b690c6f53806/run.jsonl	643
.pingstore/runs/exp042-r001-compute/export/evidence/gold-2/state/experiments/exp042/ovrun/ping__off__seed44__ping__off__seed44_cell_jitter_sigma_14_226/final_epoch__b690c6f53806/config.json	2289
.pingstore/runs/exp042-r001-compute/export/evidence/gold-2/state/experiments/exp042/ovrun/ping__off__seed44__ping__off__seed44_cell_jitter_sigma_14_226/final_epoch__b690c6f53806/metrics.json	822
.pingstore/runs/exp042-r001-compute/export/evidence/gold-2/state/experiments/exp042/ovrun/ping__off__seed44__ping__off__seed44_cell_jitter_sigma_14_226/final_epoch__b690c6f53806/output.log	1365
.pingstore/runs/exp042-r001-compute/export/evidence/gold-2/state/experiments/exp042/ovrun/ping__off__seed44__ping__off__seed44_cell_jitter_sigma_14_226/final_epoch__b690c6f53806/run.jsonl	644
.pingstore/runs/exp042-r001-compute/export/evidence/gold-2/state/experiments/exp042/ovrun/ping__off__seed44__ping__off__seed44_cell_jitter_sigma_1_57/final_epoch__b690c6f53806/config.json	2285
.pingstore/runs/exp042-r001-compute/export/evidence/gold-2/state/experiments/exp042/ovrun/ping__off__seed44__ping__off__seed44_cell_jitter_sigma_1_57/final_epoch__b690c6f53806/metrics.json	834
.pingstore/runs/exp042-r001-compute/export/evidence/gold-2/state/experiments/exp042/ovrun/ping__off__seed44__ping__off__seed44_cell_jitter_sigma_1_57/final_epoch__b690c6f53806/output.log	1359
.pingstore/runs/exp042-r001-compute/export/evidence/gold-2/state/experiments/exp042/ovrun/ping__off__seed44__ping__off__seed44_cell_jitter_sigma_1_57/final_epoch__b690c6f53806/run.jsonl	643
.pingstore/runs/exp042-r001-compute/export/evidence/gold-2/state/experiments/exp042/ovrun/ping__off__seed44__ping__off__seed44_cell_jitter_sigma_21_317/final_epoch__b690c6f53806/config.json	2289
.pingstore/runs/exp042-r001-compute/export/evidence/gold-2/state/experiments/exp042/ovrun/ping__off__seed44__ping__off__seed44_cell_jitter_sigma_21_317/final_epoch__b690c6f53806/metrics.json	829
.pingstore/runs/exp042-r001-compute/export/evidence/gold-2/state/experiments/exp042/ovrun/ping__off__seed44__ping__off__seed44_cell_jitter_sigma_21_317/final_epoch__b690c6f53806/output.log	1363
.pingstore/runs/exp042-r001-compute/export/evidence/gold-2/state/experiments/exp042/ovrun/ping__off__seed44__ping__off__seed44_cell_jitter_sigma_21_317/final_epoch__b690c6f53806/run.jsonl	644
.pingstore/runs/exp042-r001-compute/export/evidence/gold-2/state/experiments/exp042/ovrun/ping__off__seed44__ping__off__seed44_cell_jitter_sigma_2_70/final_epoch__b690c6f53806/config.json	2285
.pingstore/runs/exp042-r001-compute/export/evidence/gold-2/state/experiments/exp042/ovrun/ping__off__seed44__ping__off__seed44_cell_jitter_sigma_2_70/final_epoch__b690c6f53806/metrics.json	831
.pingstore/runs/exp042-r001-compute/export/evidence/gold-2/state/experiments/exp042/ovrun/ping__off__seed44__ping__off__seed44_cell_jitter_sigma_2_70/final_epoch__b690c6f53806/output.log	1359
.pingstore/runs/exp042-r001-compute/export/evidence/gold-2/state/experiments/exp042/ovrun/ping__off__seed44__ping__off__seed44_cell_jitter_sigma_2_70/final_epoch__b690c6f53806/run.jsonl	644
.pingstore/runs/exp042-r001-compute/export/evidence/gold-2/state/experiments/exp042/ovrun/ping__off__seed44__ping__off__seed44_cell_jitter_sigma_50_694/final_epoch__b690c6f53806/config.json	2289
.pingstore/runs/exp042-r001-compute/export/evidence/gold-2/state/experiments/exp042/ovrun/ping__off__seed44__ping__off__seed44_cell_jitter_sigma_50_694/final_epoch__b690c6f53806/metrics.json	832
.pingstore/runs/exp042-r001-compute/export/evidence/gold-2/state/experiments/exp042/ovrun/ping__off__seed44__ping__off__seed44_cell_jitter_sigma_50_694/final_epoch__b690c6f53806/output.log	1365
.pingstore/runs/exp042-r001-compute/export/evidence/gold-2/state/experiments/exp042/ovrun/ping__off__seed44__ping__off__seed44_cell_jitter_sigma_50_694/final_epoch__b690c6f53806/run.jsonl	644
.pingstore/runs/exp042-r001-compute/export/evidence/gold-2/state/experiments/exp042/ovrun/ping__off__seed44__ping__off__seed44_cell_jitter_sigma_5_109/final_epoch__b690c6f53806/config.json	2287
.pingstore/runs/exp042-r001-compute/export/evidence/gold-2/state/experiments/exp042/ovrun/ping__off__seed44__ping__off__seed44_cell_jitter_sigma_5_109/final_epoch__b690c6f53806/metrics.json	823
.pingstore/runs/exp042-r001-compute/export/evidence/gold-2/state/experiments/exp042/ovrun/ping__off__seed44__ping__off__seed44_cell_jitter_sigma_5_109/final_epoch__b690c6f53806/output.log	1363
.pingstore/runs/exp042-r001-compute/export/evidence/gold-2/state/experiments/exp042/ovrun/ping__off__seed44__ping__off__seed44_cell_jitter_sigma_5_109/final_epoch__b690c6f53806/run.jsonl	643
.pingstore/runs/exp042-r001-compute/export/evidence/gold-2/state/experiments/exp042/ovrun/ping__off__seed44__ping__off__seed44_cell_jitter_sigma_9_161/final_epoch__b690c6f53806/config.json	2287
.pingstore/runs/exp042-r001-compute/export/evidence/gold-2/state/experiments/exp042/ovrun/ping__off__seed44__ping__off__seed44_cell_jitter_sigma_9_161/final_epoch__b690c6f53806/metrics.json	833
.pingstore/runs/exp042-r001-compute/export/evidence/gold-2/state/experiments/exp042/ovrun/ping__off__seed44__ping__off__seed44_cell_jitter_sigma_9_161/final_epoch__b690c6f53806/output.log	1363
.pingstore/runs/exp042-r001-compute/export/evidence/gold-2/state/experiments/exp042/ovrun/ping__off__seed44__ping__off__seed44_cell_jitter_sigma_9_161/final_epoch__b690c6f53806/run.jsonl	643
.pingstore/runs/exp042-r001-compute/export/evidence/gold-2/state/experiments/exp042/ovrun/ping__off__seed44__ping__off__seed44_jitter_sigma_0_44/final_epoch__b690c6f53806/config.json	2275
.pingstore/runs/exp042-r001-compute/export/evidence/gold-2/state/experiments/exp042/ovrun/ping__off__seed44__ping__off__seed44_jitter_sigma_0_44/final_epoch__b690c6f53806/metrics.json	838
.pingstore/runs/exp042-r001-compute/export/evidence/gold-2/state/experiments/exp042/ovrun/ping__off__seed44__ping__off__seed44_jitter_sigma_0_44/final_epoch__b690c6f53806/output.log	1352
.pingstore/runs/exp042-r001-compute/export/evidence/gold-2/state/experiments/exp042/ovrun/ping__off__seed44__ping__off__seed44_jitter_sigma_0_44/final_epoch__b690c6f53806/run.jsonl	644
.pingstore/runs/exp042-r001-compute/export/evidence/gold-2/state/experiments/exp042/ovrun/ping__off__seed44__ping__off__seed44_jitter_sigma_100_144/final_epoch__b690c6f53806/config.json	2281
.pingstore/runs/exp042-r001-compute/export/evidence/gold-2/state/experiments/exp042/ovrun/ping__off__seed44__ping__off__seed44_jitter_sigma_100_144/final_epoch__b690c6f53806/metrics.json	835
.pingstore/runs/exp042-r001-compute/export/evidence/gold-2/state/experiments/exp042/ovrun/ping__off__seed44__ping__off__seed44_jitter_sigma_100_144/final_epoch__b690c6f53806/output.log	1357
.pingstore/runs/exp042-r001-compute/export/evidence/gold-2/state/experiments/exp042/ovrun/ping__off__seed44__ping__off__seed44_jitter_sigma_100_144/final_epoch__b690c6f53806/run.jsonl	644
.pingstore/runs/exp042-r001-compute/export/evidence/gold-2/state/experiments/exp042/ovrun/ping__off__seed44__ping__off__seed44_jitter_sigma_14_58/final_epoch__b690c6f53806/config.json	2277
.pingstore/runs/exp042-r001-compute/export/evidence/gold-2/state/experiments/exp042/ovrun/ping__off__seed44__ping__off__seed44_jitter_sigma_14_58/final_epoch__b690c6f53806/metrics.json	839
.pingstore/runs/exp042-r001-compute/export/evidence/gold-2/state/experiments/exp042/ovrun/ping__off__seed44__ping__off__seed44_jitter_sigma_14_58/final_epoch__b690c6f53806/output.log	1354
.pingstore/runs/exp042-r001-compute/export/evidence/gold-2/state/experiments/exp042/ovrun/ping__off__seed44__ping__off__seed44_jitter_sigma_14_58/final_epoch__b690c6f53806/run.jsonl	643
.pingstore/runs/exp042-r001-compute/export/evidence/gold-2/state/experiments/exp042/ovrun/ping__off__seed44__ping__off__seed44_jitter_sigma_1_45/final_epoch__b690c6f53806/config.json	2275
.pingstore/runs/exp042-r001-compute/export/evidence/gold-2/state/experiments/exp042/ovrun/ping__off__seed44__ping__off__seed44_jitter_sigma_1_45/final_epoch__b690c6f53806/metrics.json	837
.pingstore/runs/exp042-r001-compute/export/evidence/gold-2/state/experiments/exp042/ovrun/ping__off__seed44__ping__off__seed44_jitter_sigma_1_45/final_epoch__b690c6f53806/output.log	1350
.pingstore/runs/exp042-r001-compute/export/evidence/gold-2/state/experiments/exp042/ovrun/ping__off__seed44__ping__off__seed44_jitter_sigma_1_45/final_epoch__b690c6f53806/run.jsonl	644
.pingstore/runs/exp042-r001-compute/export/evidence/gold-2/state/experiments/exp042/ovrun/ping__off__seed44__ping__off__seed44_jitter_sigma_21_65/final_epoch__b690c6f53806/config.json	2277
.pingstore/runs/exp042-r001-compute/export/evidence/gold-2/state/experiments/exp042/ovrun/ping__off__seed44__ping__off__seed44_jitter_sigma_21_65/final_epoch__b690c6f53806/metrics.json	834
.pingstore/runs/exp042-r001-compute/export/evidence/gold-2/state/experiments/exp042/ovrun/ping__off__seed44__ping__off__seed44_jitter_sigma_21_65/final_epoch__b690c6f53806/output.log	1354
.pingstore/runs/exp042-r001-compute/export/evidence/gold-2/state/experiments/exp042/ovrun/ping__off__seed44__ping__off__seed44_jitter_sigma_21_65/final_epoch__b690c6f53806/run.jsonl	644
.pingstore/runs/exp042-r001-compute/export/evidence/gold-2/state/experiments/exp042/ovrun/ping__off__seed44__ping__off__seed44_jitter_sigma_28_72/final_epoch__b690c6f53806/config.json	2277
.pingstore/runs/exp042-r001-compute/export/evidence/gold-2/state/experiments/exp042/ovrun/ping__off__seed44__ping__off__seed44_jitter_sigma_28_72/final_epoch__b690c6f53806/metrics.json	834
.pingstore/runs/exp042-r001-compute/export/evidence/gold-2/state/experiments/exp042/ovrun/ping__off__seed44__ping__off__seed44_jitter_sigma_28_72/final_epoch__b690c6f53806/output.log	1354
.pingstore/runs/exp042-r001-compute/export/evidence/gold-2/state/experiments/exp042/ovrun/ping__off__seed44__ping__off__seed44_jitter_sigma_28_72/final_epoch__b690c6f53806/run.jsonl	644
.pingstore/runs/exp042-r001-compute/export/evidence/gold-2/state/experiments/exp042/ovrun/ping__off__seed44__ping__off__seed44_jitter_sigma_3_47/final_epoch__b690c6f53806/config.json	2275
.pingstore/runs/exp042-r001-compute/export/evidence/gold-2/state/experiments/exp042/ovrun/ping__off__seed44__ping__off__seed44_jitter_sigma_3_47/final_epoch__b690c6f53806/metrics.json	835
.pingstore/runs/exp042-r001-compute/export/evidence/gold-2/state/experiments/exp042/ovrun/ping__off__seed44__ping__off__seed44_jitter_sigma_3_47/final_epoch__b690c6f53806/output.log	1352
.pingstore/runs/exp042-r001-compute/export/evidence/gold-2/state/experiments/exp042/ovrun/ping__off__seed44__ping__off__seed44_jitter_sigma_3_47/final_epoch__b690c6f53806/run.jsonl	643
.pingstore/runs/exp042-r001-compute/export/evidence/gold-2/state/experiments/exp042/ovrun/ping__off__seed44__ping__off__seed44_jitter_sigma_42_86/final_epoch__b690c6f53806/config.json	2277
.pingstore/runs/exp042-r001-compute/export/evidence/gold-2/state/experiments/exp042/ovrun/ping__off__seed44__ping__off__seed44_jitter_sigma_42_86/final_epoch__b690c6f53806/metrics.json	833
.pingstore/runs/exp042-r001-compute/export/evidence/gold-2/state/experiments/exp042/ovrun/ping__off__seed44__ping__off__seed44_jitter_sigma_42_86/final_epoch__b690c6f53806/output.log	1355
.pingstore/runs/exp042-r001-compute/export/evidence/gold-2/state/experiments/exp042/ovrun/ping__off__seed44__ping__off__seed44_jitter_sigma_42_86/final_epoch__b690c6f53806/run.jsonl	642
.pingstore/runs/exp042-r001-compute/export/evidence/gold-2/state/experiments/exp042/ovrun/ping__off__seed44__ping__off__seed44_jitter_sigma_60_104/final_epoch__b690c6f53806/config.json	2279
.pingstore/runs/exp042-r001-compute/export/evidence/gold-2/state/experiments/exp042/ovrun/ping__off__seed44__ping__off__seed44_jitter_sigma_60_104/final_epoch__b690c6f53806/metrics.json	837
.pingstore/runs/exp042-r001-compute/export/evidence/gold-2/state/experiments/exp042/ovrun/ping__off__seed44__ping__off__seed44_jitter_sigma_60_104/final_epoch__b690c6f53806/output.log	1355
.pingstore/runs/exp042-r001-compute/export/evidence/gold-2/state/experiments/exp042/ovrun/ping__off__seed44__ping__off__seed44_jitter_sigma_60_104/final_epoch__b690c6f53806/run.jsonl	644
.pingstore/runs/exp042-r001-compute/export/evidence/gold-2/state/experiments/exp042/ovrun/ping__off__seed44__ping__off__seed44_jitter_sigma_7_51/final_epoch__b690c6f53806/config.json	2275
.pingstore/runs/exp042-r001-compute/export/evidence/gold-2/state/experiments/exp042/ovrun/ping__off__seed44__ping__off__seed44_jitter_sigma_7_51/final_epoch__b690c6f53806/metrics.json	841
.pingstore/runs/exp042-r001-compute/export/evidence/gold-2/state/experiments/exp042/ovrun/ping__off__seed44__ping__off__seed44_jitter_sigma_7_51/final_epoch__b690c6f53806/output.log	1352
.pingstore/runs/exp042-r001-compute/export/evidence/gold-2/state/experiments/exp042/ovrun/ping__off__seed44__ping__off__seed44_jitter_sigma_7_51/final_epoch__b690c6f53806/run.jsonl	642
.pingstore/runs/exp042-r001-compute/export/evidence/gold-2/state/experiments/exp042/ovrun/ping__off__seed44__ping__off__seed44_phase_shuffled_i_44/final_epoch__b690c6f53806/config.json	2279
.pingstore/runs/exp042-r001-compute/export/evidence/gold-2/state/experiments/exp042/ovrun/ping__off__seed44__ping__off__seed44_phase_shuffled_i_44/final_epoch__b690c6f53806/metrics.json	832
.pingstore/runs/exp042-r001-compute/export/evidence/gold-2/state/experiments/exp042/ovrun/ping__off__seed44__ping__off__seed44_phase_shuffled_i_44/final_epoch__b690c6f53806/output.log	1354
.pingstore/runs/exp042-r001-compute/export/evidence/gold-2/state/experiments/exp042/ovrun/ping__off__seed44__ping__off__seed44_phase_shuffled_i_44/final_epoch__b690c6f53806/run.jsonl	644
.pingstore/runs/exp042-r001-compute/export/evidence/gold-2/state/experiments/exp042/ovrun/ping__off__seed44__ping__off__seed44_poisson_matched_i_44/final_epoch__b690c6f53806/config.json	2281
.pingstore/runs/exp042-r001-compute/export/evidence/gold-2/state/experiments/exp042/ovrun/ping__off__seed44__ping__off__seed44_poisson_matched_i_44/final_epoch__b690c6f53806/metrics.json	828
.pingstore/runs/exp042-r001-compute/export/evidence/gold-2/state/experiments/exp042/ovrun/ping__off__seed44__ping__off__seed44_poisson_matched_i_44/final_epoch__b690c6f53806/output.log	1355
.pingstore/runs/exp042-r001-compute/export/evidence/gold-2/state/experiments/exp042/ovrun/ping__off__seed44__ping__off__seed44_poisson_matched_i_44/final_epoch__b690c6f53806/run.jsonl	643
.pingstore/runs/exp042-r001-compute/export/evidence/import-plan.json	185984
.pingstore/runs/exp044-r002-compute/export/evidence/simulations.json	12783
.pingstore/runs/exp044-r002-compute/export/evidence/simulations/infer/ping__dt0p05__seed42/config.json	2041
.pingstore/runs/exp044-r002-compute/export/evidence/simulations/infer/ping__dt0p05__seed42/output.log	1121
.pingstore/runs/exp044-r002-compute/export/evidence/simulations/infer/ping__dt0p05__seed42/run.jsonl	653
.pingstore/runs/exp044-r002-compute/export/evidence/simulations/infer/ping__dt0p05__seed42/stderr.log	0
.pingstore/runs/exp044-r002-compute/export/evidence/simulations/infer/ping__dt0p05__seed42/stdout.log	1860
.pingstore/runs/exp044-r002-compute/export/evidence/simulations/infer/ping__dt0p05__seed43/config.json	2041
.pingstore/runs/exp044-r002-compute/export/evidence/simulations/infer/ping__dt0p05__seed43/output.log	1121
.pingstore/runs/exp044-r002-compute/export/evidence/simulations/infer/ping__dt0p05__seed43/run.jsonl	653
.pingstore/runs/exp044-r002-compute/export/evidence/simulations/infer/ping__dt0p05__seed43/stderr.log	0
.pingstore/runs/exp044-r002-compute/export/evidence/simulations/infer/ping__dt0p05__seed43/stdout.log	1860
.pingstore/runs/exp044-r002-compute/export/evidence/simulations/infer/ping__dt0p05__seed44/config.json	2041
.pingstore/runs/exp044-r002-compute/export/evidence/simulations/infer/ping__dt0p05__seed44/output.log	1121
.pingstore/runs/exp044-r002-compute/export/evidence/simulations/infer/ping__dt0p05__seed44/run.jsonl	653
.pingstore/runs/exp044-r002-compute/export/evidence/simulations/infer/ping__dt0p05__seed44/stderr.log	0
.pingstore/runs/exp044-r002-compute/export/evidence/simulations/infer/ping__dt0p05__seed44/stdout.log	1860
.pingstore/runs/exp044-r002-compute/export/evidence/simulations/infer/ping__dt0p1__seed42/config.json	2037
.pingstore/runs/exp044-r002-compute/export/evidence/simulations/infer/ping__dt0p1__seed42/output.log	1118
.pingstore/runs/exp044-r002-compute/export/evidence/simulations/infer/ping__dt0p1__seed42/run.jsonl	652
.pingstore/runs/exp044-r002-compute/export/evidence/simulations/infer/ping__dt0p1__seed42/stderr.log	0
.pingstore/runs/exp044-r002-compute/export/evidence/simulations/infer/ping__dt0p1__seed42/stdout.log	1856
.pingstore/runs/exp044-r002-compute/export/evidence/simulations/infer/ping__dt0p1__seed43/config.json	2037
.pingstore/runs/exp044-r002-compute/export/evidence/simulations/infer/ping__dt0p1__seed43/output.log	1117
.pingstore/runs/exp044-r002-compute/export/evidence/simulations/infer/ping__dt0p1__seed43/run.jsonl	651
.pingstore/runs/exp044-r002-compute/export/evidence/simulations/infer/ping__dt0p1__seed43/stderr.log	0
.pingstore/runs/exp044-r002-compute/export/evidence/simulations/infer/ping__dt0p1__seed43/stdout.log	1855
.pingstore/runs/exp044-r002-compute/export/evidence/simulations/infer/ping__dt0p1__seed44/config.json	2037
.pingstore/runs/exp044-r002-compute/export/evidence/simulations/infer/ping__dt0p1__seed44/output.log	1118
.pingstore/runs/exp044-r002-compute/export/evidence/simulations/infer/ping__dt0p1__seed44/run.jsonl	652
.pingstore/runs/exp044-r002-compute/export/evidence/simulations/infer/ping__dt0p1__seed44/stderr.log	0
.pingstore/runs/exp044-r002-compute/export/evidence/simulations/infer/ping__dt0p1__seed44/stdout.log	1856
.pingstore/runs/exp044-r002-compute/export/evidence/simulations/infer/ping__dt0p25__seed42/config.json	2041
.pingstore/runs/exp044-r002-compute/export/evidence/simulations/infer/ping__dt0p25__seed42/output.log	1120
.pingstore/runs/exp044-r002-compute/export/evidence/simulations/infer/ping__dt0p25__seed42/run.jsonl	652
.pingstore/runs/exp044-r002-compute/export/evidence/simulations/infer/ping__dt0p25__seed42/stderr.log	0
.pingstore/runs/exp044-r002-compute/export/evidence/simulations/infer/ping__dt0p25__seed42/stdout.log	1859
.pingstore/runs/exp044-r002-compute/export/evidence/simulations/infer/ping__dt0p25__seed43/config.json	2041
.pingstore/runs/exp044-r002-compute/export/evidence/simulations/infer/ping__dt0p25__seed43/output.log	1120
.pingstore/runs/exp044-r002-compute/export/evidence/simulations/infer/ping__dt0p25__seed43/run.jsonl	652
.pingstore/runs/exp044-r002-compute/export/evidence/simulations/infer/ping__dt0p25__seed43/stderr.log	0
.pingstore/runs/exp044-r002-compute/export/evidence/simulations/infer/ping__dt0p25__seed43/stdout.log	1859
.pingstore/runs/exp044-r002-compute/export/evidence/simulations/infer/ping__dt0p25__seed44/config.json	2041
.pingstore/runs/exp044-r002-compute/export/evidence/simulations/infer/ping__dt0p25__seed44/output.log	1120
.pingstore/runs/exp044-r002-compute/export/evidence/simulations/infer/ping__dt0p25__seed44/run.jsonl	652
.pingstore/runs/exp044-r002-compute/export/evidence/simulations/infer/ping__dt0p25__seed44/stderr.log	0
.pingstore/runs/exp044-r002-compute/export/evidence/simulations/infer/ping__dt0p25__seed44/stdout.log	1859
.pingstore/runs/exp044-r002-compute/export/evidence/simulations/infer/ping__dt0p5__seed42/config.json	2037
.pingstore/runs/exp044-r002-compute/export/evidence/simulations/infer/ping__dt0p5__seed42/output.log	1117
.pingstore/runs/exp044-r002-compute/export/evidence/simulations/infer/ping__dt0p5__seed42/run.jsonl	651
.pingstore/runs/exp044-r002-compute/export/evidence/simulations/infer/ping__dt0p5__seed42/stderr.log	0
.pingstore/runs/exp044-r002-compute/export/evidence/simulations/infer/ping__dt0p5__seed42/stdout.log	1855
.pingstore/runs/exp044-r002-compute/export/evidence/simulations/infer/ping__dt0p5__seed43/config.json	2037
.pingstore/runs/exp044-r002-compute/export/evidence/simulations/infer/ping__dt0p5__seed43/output.log	1117
.pingstore/runs/exp044-r002-compute/export/evidence/simulations/infer/ping__dt0p5__seed43/run.jsonl	652
.pingstore/runs/exp044-r002-compute/export/evidence/simulations/infer/ping__dt0p5__seed43/stderr.log	0
.pingstore/runs/exp044-r002-compute/export/evidence/simulations/infer/ping__dt0p5__seed43/stdout.log	1855
.pingstore/runs/exp044-r002-compute/export/evidence/simulations/infer/ping__dt0p5__seed44/config.json	2037
.pingstore/runs/exp044-r002-compute/export/evidence/simulations/infer/ping__dt0p5__seed44/output.log	1117
.pingstore/runs/exp044-r002-compute/export/evidence/simulations/infer/ping__dt0p5__seed44/run.jsonl	651
.pingstore/runs/exp044-r002-compute/export/evidence/simulations/infer/ping__dt0p5__seed44/stderr.log	0
.pingstore/runs/exp044-r002-compute/export/evidence/simulations/infer/ping__dt0p5__seed44/stdout.log	1855
.pingstore/runs/exp044-r002-compute/export/evidence/simulations/infer/ping__dt1__seed42/config.json	2031
.pingstore/runs/exp044-r002-compute/export/evidence/simulations/infer/ping__dt1__seed42/output.log	1113
.pingstore/runs/exp044-r002-compute/export/evidence/simulations/infer/ping__dt1__seed42/run.jsonl	651
.pingstore/runs/exp044-r002-compute/export/evidence/simulations/infer/ping__dt1__seed42/stderr.log	0
.pingstore/runs/exp044-r002-compute/export/evidence/simulations/infer/ping__dt1__seed42/stdout.log	1851
.pingstore/runs/exp044-r002-compute/export/evidence/simulations/infer/ping__dt1__seed43/config.json	2031
.pingstore/runs/exp044-r002-compute/export/evidence/simulations/infer/ping__dt1__seed43/output.log	1113
.pingstore/runs/exp044-r002-compute/export/evidence/simulations/infer/ping__dt1__seed43/run.jsonl	652
.pingstore/runs/exp044-r002-compute/export/evidence/simulations/infer/ping__dt1__seed43/stderr.log	0
.pingstore/runs/exp044-r002-compute/export/evidence/simulations/infer/ping__dt1__seed43/stdout.log	1851
.pingstore/runs/exp044-r002-compute/export/evidence/simulations/infer/ping__dt1__seed44/config.json	2031
.pingstore/runs/exp044-r002-compute/export/evidence/simulations/infer/ping__dt1__seed44/output.log	1113
.pingstore/runs/exp044-r002-compute/export/evidence/simulations/infer/ping__dt1__seed44/run.jsonl	651
.pingstore/runs/exp044-r002-compute/export/evidence/simulations/infer/ping__dt1__seed44/stderr.log	0
.pingstore/runs/exp044-r002-compute/export/evidence/simulations/infer/ping__dt1__seed44/stdout.log	1851
.pingstore/runs/exp044-r002-compute/export/evidence/simulations/snapshot/ping__dt0p05__seed42/config.json	2042
.pingstore/runs/exp044-r002-compute/export/evidence/simulations/snapshot/ping__dt0p05__seed42/output.log	810
.pingstore/runs/exp044-r002-compute/export/evidence/simulations/snapshot/ping__dt0p05__seed42/run.jsonl	627
.pingstore/runs/exp044-r002-compute/export/evidence/simulations/snapshot/ping__dt0p05__seed42/stderr.log	0
.pingstore/runs/exp044-r002-compute/export/evidence/simulations/snapshot/ping__dt0p05__seed42/stdout.log	1549
.pingstore/runs/exp044-r002-compute/export/evidence/simulations/snapshot/ping__dt0p1__seed42/config.json	2038
.pingstore/runs/exp044-r002-compute/export/evidence/simulations/snapshot/ping__dt0p1__seed42/output.log	809
.pingstore/runs/exp044-r002-compute/export/evidence/simulations/snapshot/ping__dt0p1__seed42/run.jsonl	626
.pingstore/runs/exp044-r002-compute/export/evidence/simulations/snapshot/ping__dt0p1__seed42/stderr.log	0
.pingstore/runs/exp044-r002-compute/export/evidence/simulations/snapshot/ping__dt0p1__seed42/stdout.log	1547
.pingstore/runs/exp044-r002-compute/export/evidence/simulations/snapshot/ping__dt0p25__seed42/config.json	2042
.pingstore/runs/exp044-r002-compute/export/evidence/simulations/snapshot/ping__dt0p25__seed42/output.log	810
.pingstore/runs/exp044-r002-compute/export/evidence/simulations/snapshot/ping__dt0p25__seed42/run.jsonl	626
.pingstore/runs/exp044-r002-compute/export/evidence/simulations/snapshot/ping__dt0p25__seed42/stderr.log	0
.pingstore/runs/exp044-r002-compute/export/evidence/simulations/snapshot/ping__dt0p25__seed42/stdout.log	1549
.pingstore/runs/exp044-r002-compute/export/evidence/simulations/snapshot/ping__dt0p5__seed42/config.json	2038
.pingstore/runs/exp044-r002-compute/export/evidence/simulations/snapshot/ping__dt0p5__seed42/output.log	809
.pingstore/runs/exp044-r002-compute/export/evidence/simulations/snapshot/ping__dt0p5__seed42/run.jsonl	626
.pingstore/runs/exp044-r002-compute/export/evidence/simulations/snapshot/ping__dt0p5__seed42/stderr.log	0
.pingstore/runs/exp044-r002-compute/export/evidence/simulations/snapshot/ping__dt0p5__seed42/stdout.log	1547
.pingstore/runs/exp044-r002-compute/export/evidence/simulations/snapshot/ping__dt1__seed42/config.json	2032
.pingstore/runs/exp044-r002-compute/export/evidence/simulations/snapshot/ping__dt1__seed42/output.log	809
.pingstore/runs/exp044-r002-compute/export/evidence/simulations/snapshot/ping__dt1__seed42/run.jsonl	626
.pingstore/runs/exp044-r002-compute/export/evidence/simulations/snapshot/ping__dt1__seed42/stderr.log	0
.pingstore/runs/exp044-r002-compute/export/evidence/simulations/snapshot/ping__dt1__seed42/stdout.log	1547
.pingstore/runs/exp044-r002-compute/export/evidence/training/ping__dt0p05__seed42/config.json	14808
.pingstore/runs/exp044-r002-compute/export/evidence/training/ping__dt0p05__seed43/config.json	14829
.pingstore/runs/exp044-r002-compute/export/evidence/training/ping__dt0p05__seed44/config.json	14833
.pingstore/runs/exp044-r002-compute/export/evidence/training/ping__dt0p1__seed42/config.json	14803
.pingstore/runs/exp044-r002-compute/export/evidence/training/ping__dt0p1__seed43/config.json	14824
.pingstore/runs/exp044-r002-compute/export/evidence/training/ping__dt0p1__seed44/config.json	14828
.pingstore/runs/exp044-r002-compute/export/evidence/training/ping__dt0p25__seed42/config.json	14809
.pingstore/runs/exp044-r002-compute/export/evidence/training/ping__dt0p25__seed43/config.json	14830
.pingstore/runs/exp044-r002-compute/export/evidence/training/ping__dt0p25__seed44/config.json	14834
.pingstore/runs/exp044-r002-compute/export/evidence/training/ping__dt0p5__seed42/config.json	14803
.pingstore/runs/exp044-r002-compute/export/evidence/training/ping__dt0p5__seed43/config.json	14824
.pingstore/runs/exp044-r002-compute/export/evidence/training/ping__dt0p5__seed44/config.json	14828
.pingstore/runs/exp044-r002-compute/export/evidence/training/ping__dt1__seed42/config.json	14797
.pingstore/runs/exp044-r002-compute/export/evidence/training/ping__dt1__seed43/config.json	14818
.pingstore/runs/exp044-r002-compute/export/evidence/training/ping__dt1__seed44/config.json	14822
.pingstore/runs/exp046-r001-compute/export/evidence/exp041-import-helpers.py	17963
.pingstore/runs/exp046-r001-compute/export/evidence/file-mapping.json	52647
.pingstore/runs/exp046-r001-compute/export/evidence/gold-2/derived/artifacts/data/exp046/numbers.json	460162
.pingstore/runs/exp046-r001-compute/export/evidence/gold-2/inventory.json	2101788
.pingstore/runs/exp046-r001-compute/export/evidence/gold-2/lineage.json	1876
.pingstore/runs/exp046-r001-compute/export/evidence/gold-2/provenance/source-records/base/collection-plan.json	20225
.pingstore/runs/exp046-r001-compute/export/evidence/gold-2/provenance/source-records/base/collection-status/exp046.json	138
.pingstore/runs/exp046-r001-compute/export/evidence/gold-2/provenance/source-records/base/logs/collection/ggs-exp046_33913630.err	910
.pingstore/runs/exp046-r001-compute/export/evidence/gold-2/provenance/source-records/base/logs/collection/ggs-exp046_33913630.out	42989
.pingstore/runs/exp046-r001-compute/export/evidence/gold-2/provenance/source-records/base/logs/exp046/exp046.jsonl	128
.pingstore/runs/exp046-r001-compute/export/evidence/gold-2/provenance/source-records/base/run.json	1373
.pingstore/runs/exp046-r001-compute/export/evidence/gold-2/provenance/source-records/base/submissions/collection-submission.json	36515
.pingstore/runs/exp046-r001-compute/export/evidence/gold-2/run.json	1103
.pingstore/runs/exp046-r001-compute/export/evidence/gold-2/state/experiments/exp046/infer/ping__tg12__seed42/final_epoch__deb6518a1c77/config.json	2139
.pingstore/runs/exp046-r001-compute/export/evidence/gold-2/state/experiments/exp046/infer/ping__tg12__seed42/final_epoch__deb6518a1c77/metrics.json	837
.pingstore/runs/exp046-r001-compute/export/evidence/gold-2/state/experiments/exp046/infer/ping__tg12__seed42/final_epoch__deb6518a1c77/output.log	1521
.pingstore/runs/exp046-r001-compute/export/evidence/gold-2/state/experiments/exp046/infer/ping__tg12__seed42/final_epoch__deb6518a1c77/run.jsonl	644
.pingstore/runs/exp046-r001-compute/export/evidence/gold-2/state/experiments/exp046/infer/ping__tg12__seed43/final_epoch__9b333d7e9f92/config.json	2139
.pingstore/runs/exp046-r001-compute/export/evidence/gold-2/state/experiments/exp046/infer/ping__tg12__seed43/final_epoch__9b333d7e9f92/metrics.json	839
.pingstore/runs/exp046-r001-compute/export/evidence/gold-2/state/experiments/exp046/infer/ping__tg12__seed43/final_epoch__9b333d7e9f92/output.log	1521
.pingstore/runs/exp046-r001-compute/export/evidence/gold-2/state/experiments/exp046/infer/ping__tg12__seed43/final_epoch__9b333d7e9f92/run.jsonl	643
.pingstore/runs/exp046-r001-compute/export/evidence/gold-2/state/experiments/exp046/infer/ping__tg12__seed44/final_epoch__a0a91789ad15/config.json	2139
.pingstore/runs/exp046-r001-compute/export/evidence/gold-2/state/experiments/exp046/infer/ping__tg12__seed44/final_epoch__a0a91789ad15/metrics.json	837
.pingstore/runs/exp046-r001-compute/export/evidence/gold-2/state/experiments/exp046/infer/ping__tg12__seed44/final_epoch__a0a91789ad15/output.log	1521
.pingstore/runs/exp046-r001-compute/export/evidence/gold-2/state/experiments/exp046/infer/ping__tg12__seed44/final_epoch__a0a91789ad15/run.jsonl	644
.pingstore/runs/exp046-r001-compute/export/evidence/gold-2/state/experiments/exp046/infer/ping__tg18__seed42/final_epoch__7620b5ce1658/config.json	2139
.pingstore/runs/exp046-r001-compute/export/evidence/gold-2/state/experiments/exp046/infer/ping__tg18__seed42/final_epoch__7620b5ce1658/metrics.json	835
.pingstore/runs/exp046-r001-compute/export/evidence/gold-2/state/experiments/exp046/infer/ping__tg18__seed42/final_epoch__7620b5ce1658/output.log	1520
.pingstore/runs/exp046-r001-compute/export/evidence/gold-2/state/experiments/exp046/infer/ping__tg18__seed42/final_epoch__7620b5ce1658/run.jsonl	644
.pingstore/runs/exp046-r001-compute/export/evidence/gold-2/state/experiments/exp046/infer/ping__tg18__seed43/final_epoch__53fe74ef7a00/config.json	2139
.pingstore/runs/exp046-r001-compute/export/evidence/gold-2/state/experiments/exp046/infer/ping__tg18__seed43/final_epoch__53fe74ef7a00/metrics.json	826
.pingstore/runs/exp046-r001-compute/export/evidence/gold-2/state/experiments/exp046/infer/ping__tg18__seed43/final_epoch__53fe74ef7a00/output.log	1520
.pingstore/runs/exp046-r001-compute/export/evidence/gold-2/state/experiments/exp046/infer/ping__tg18__seed43/final_epoch__53fe74ef7a00/run.jsonl	643
.pingstore/runs/exp046-r001-compute/export/evidence/gold-2/state/experiments/exp046/infer/ping__tg18__seed44/final_epoch__8a618559c8b6/config.json	2139
.pingstore/runs/exp046-r001-compute/export/evidence/gold-2/state/experiments/exp046/infer/ping__tg18__seed44/final_epoch__8a618559c8b6/metrics.json	836
.pingstore/runs/exp046-r001-compute/export/evidence/gold-2/state/experiments/exp046/infer/ping__tg18__seed44/final_epoch__8a618559c8b6/output.log	1520
.pingstore/runs/exp046-r001-compute/export/evidence/gold-2/state/experiments/exp046/infer/ping__tg18__seed44/final_epoch__8a618559c8b6/run.jsonl	642
.pingstore/runs/exp046-r001-compute/export/evidence/gold-2/state/experiments/exp046/infer/ping__tg27__seed42/final_epoch__26c111f82b14/config.json	2139
.pingstore/runs/exp046-r001-compute/export/evidence/gold-2/state/experiments/exp046/infer/ping__tg27__seed42/final_epoch__26c111f82b14/metrics.json	828
.pingstore/runs/exp046-r001-compute/export/evidence/gold-2/state/experiments/exp046/infer/ping__tg27__seed42/final_epoch__26c111f82b14/output.log	1520
.pingstore/runs/exp046-r001-compute/export/evidence/gold-2/state/experiments/exp046/infer/ping__tg27__seed42/final_epoch__26c111f82b14/run.jsonl	643
.pingstore/runs/exp046-r001-compute/export/evidence/gold-2/state/experiments/exp046/infer/ping__tg27__seed43/final_epoch__7c319d3fbe1a/config.json	2139
.pingstore/runs/exp046-r001-compute/export/evidence/gold-2/state/experiments/exp046/infer/ping__tg27__seed43/final_epoch__7c319d3fbe1a/metrics.json	830
.pingstore/runs/exp046-r001-compute/export/evidence/gold-2/state/experiments/exp046/infer/ping__tg27__seed43/final_epoch__7c319d3fbe1a/output.log	1519
.pingstore/runs/exp046-r001-compute/export/evidence/gold-2/state/experiments/exp046/infer/ping__tg27__seed43/final_epoch__7c319d3fbe1a/run.jsonl	643
.pingstore/runs/exp046-r001-compute/export/evidence/gold-2/state/experiments/exp046/infer/ping__tg27__seed44/final_epoch__88088408030a/config.json	2139
.pingstore/runs/exp046-r001-compute/export/evidence/gold-2/state/experiments/exp046/infer/ping__tg27__seed44/final_epoch__88088408030a/metrics.json	836
.pingstore/runs/exp046-r001-compute/export/evidence/gold-2/state/experiments/exp046/infer/ping__tg27__seed44/final_epoch__88088408030a/output.log	1520
.pingstore/runs/exp046-r001-compute/export/evidence/gold-2/state/experiments/exp046/infer/ping__tg27__seed44/final_epoch__88088408030a/run.jsonl	643
.pingstore/runs/exp046-r001-compute/export/evidence/gold-2/state/experiments/exp046/infer/ping__tg4p5__seed42/final_epoch__0a5d7745912a/config.json	2141
.pingstore/runs/exp046-r001-compute/export/evidence/gold-2/state/experiments/exp046/infer/ping__tg4p5__seed42/final_epoch__0a5d7745912a/metrics.json	842
.pingstore/runs/exp046-r001-compute/export/evidence/gold-2/state/experiments/exp046/infer/ping__tg4p5__seed42/final_epoch__0a5d7745912a/output.log	1528
.pingstore/runs/exp046-r001-compute/export/evidence/gold-2/state/experiments/exp046/infer/ping__tg4p5__seed42/final_epoch__0a5d7745912a/run.jsonl	642
.pingstore/runs/exp046-r001-compute/export/evidence/gold-2/state/experiments/exp046/infer/ping__tg4p5__seed43/final_epoch__316a7dfa83bf/config.json	2141
.pingstore/runs/exp046-r001-compute/export/evidence/gold-2/state/experiments/exp046/infer/ping__tg4p5__seed43/final_epoch__316a7dfa83bf/metrics.json	841
.pingstore/runs/exp046-r001-compute/export/evidence/gold-2/state/experiments/exp046/infer/ping__tg4p5__seed43/final_epoch__316a7dfa83bf/output.log	1527
.pingstore/runs/exp046-r001-compute/export/evidence/gold-2/state/experiments/exp046/infer/ping__tg4p5__seed43/final_epoch__316a7dfa83bf/run.jsonl	644
.pingstore/runs/exp046-r001-compute/export/evidence/gold-2/state/experiments/exp046/infer/ping__tg4p5__seed44/final_epoch__6a30b7b87309/config.json	2141
.pingstore/runs/exp046-r001-compute/export/evidence/gold-2/state/experiments/exp046/infer/ping__tg4p5__seed44/final_epoch__6a30b7b87309/metrics.json	833
.pingstore/runs/exp046-r001-compute/export/evidence/gold-2/state/experiments/exp046/infer/ping__tg4p5__seed44/final_epoch__6a30b7b87309/output.log	1527
.pingstore/runs/exp046-r001-compute/export/evidence/gold-2/state/experiments/exp046/infer/ping__tg4p5__seed44/final_epoch__6a30b7b87309/run.jsonl	643
.pingstore/runs/exp046-r001-compute/export/evidence/gold-2/state/experiments/exp046/infer/ping__tg6__seed42/final_epoch__34a94d90e652/config.json	2135
.pingstore/runs/exp046-r001-compute/export/evidence/gold-2/state/experiments/exp046/infer/ping__tg6__seed42/final_epoch__34a94d90e652/metrics.json	839
.pingstore/runs/exp046-r001-compute/export/evidence/gold-2/state/experiments/exp046/infer/ping__tg6__seed42/final_epoch__34a94d90e652/output.log	1518
.pingstore/runs/exp046-r001-compute/export/evidence/gold-2/state/experiments/exp046/infer/ping__tg6__seed42/final_epoch__34a94d90e652/run.jsonl	644
.pingstore/runs/exp046-r001-compute/export/evidence/gold-2/state/experiments/exp046/infer/ping__tg6__seed43/final_epoch__7d1a390ab8bd/config.json	2135
.pingstore/runs/exp046-r001-compute/export/evidence/gold-2/state/experiments/exp046/infer/ping__tg6__seed43/final_epoch__7d1a390ab8bd/metrics.json	833
.pingstore/runs/exp046-r001-compute/export/evidence/gold-2/state/experiments/exp046/infer/ping__tg6__seed43/final_epoch__7d1a390ab8bd/output.log	1518
.pingstore/runs/exp046-r001-compute/export/evidence/gold-2/state/experiments/exp046/infer/ping__tg6__seed43/final_epoch__7d1a390ab8bd/run.jsonl	643
.pingstore/runs/exp046-r001-compute/export/evidence/gold-2/state/experiments/exp046/infer/ping__tg6__seed44/final_epoch__81df5593d295/config.json	2135
.pingstore/runs/exp046-r001-compute/export/evidence/gold-2/state/experiments/exp046/infer/ping__tg6__seed44/final_epoch__81df5593d295/metrics.json	835
.pingstore/runs/exp046-r001-compute/export/evidence/gold-2/state/experiments/exp046/infer/ping__tg6__seed44/final_epoch__81df5593d295/output.log	1518
.pingstore/runs/exp046-r001-compute/export/evidence/gold-2/state/experiments/exp046/infer/ping__tg6__seed44/final_epoch__81df5593d295/run.jsonl	644
.pingstore/runs/exp046-r001-compute/export/evidence/gold-2/state/experiments/exp046/infer/ping__tg9__seed42/final_epoch__50f10a1abca5/config.json	2135
.pingstore/runs/exp046-r001-compute/export/evidence/gold-2/state/experiments/exp046/infer/ping__tg9__seed42/final_epoch__50f10a1abca5/metrics.json	834
.pingstore/runs/exp046-r001-compute/export/evidence/gold-2/state/experiments/exp046/infer/ping__tg9__seed42/final_epoch__50f10a1abca5/output.log	1517
.pingstore/runs/exp046-r001-compute/export/evidence/gold-2/state/experiments/exp046/infer/ping__tg9__seed42/final_epoch__50f10a1abca5/run.jsonl	643
.pingstore/runs/exp046-r001-compute/export/evidence/gold-2/state/experiments/exp046/infer/ping__tg9__seed43/final_epoch__03bdde633a71/config.json	2135
.pingstore/runs/exp046-r001-compute/export/evidence/gold-2/state/experiments/exp046/infer/ping__tg9__seed43/final_epoch__03bdde633a71/metrics.json	837
.pingstore/runs/exp046-r001-compute/export/evidence/gold-2/state/experiments/exp046/infer/ping__tg9__seed43/final_epoch__03bdde633a71/output.log	1517
.pingstore/runs/exp046-r001-compute/export/evidence/gold-2/state/experiments/exp046/infer/ping__tg9__seed43/final_epoch__03bdde633a71/run.jsonl	643
.pingstore/runs/exp046-r001-compute/export/evidence/gold-2/state/experiments/exp046/infer/ping__tg9__seed44/final_epoch__3eb2b8968a34/config.json	2135
.pingstore/runs/exp046-r001-compute/export/evidence/gold-2/state/experiments/exp046/infer/ping__tg9__seed44/final_epoch__3eb2b8968a34/metrics.json	839
.pingstore/runs/exp046-r001-compute/export/evidence/gold-2/state/experiments/exp046/infer/ping__tg9__seed44/final_epoch__3eb2b8968a34/output.log	1517
.pingstore/runs/exp046-r001-compute/export/evidence/gold-2/state/experiments/exp046/infer/ping__tg9__seed44/final_epoch__3eb2b8968a34/run.jsonl	643
.pingstore/runs/exp046-r001-compute/export/evidence/import-plan.json	47734
.pingstore/runs/exp046-r001-compute/export/evidence/import_gold2.py	13343
.pingstore/runs/exp047-r001-compute/export/evidence/archive/derived/artifacts/data/exp047/numbers.json	16943
.pingstore/runs/exp047-r001-compute/export/evidence/archive/inventory.json.gz	383696
.pingstore/runs/exp047-r001-compute/export/evidence/archive/lineage.json	1876
.pingstore/runs/exp047-r001-compute/export/evidence/archive/provenance/source-records/base/collection-plan.json	20225
.pingstore/runs/exp047-r001-compute/export/evidence/archive/provenance/source-records/base/collection-status/exp047.json	138
.pingstore/runs/exp047-r001-compute/export/evidence/archive/provenance/source-records/base/logs/collection/ggs-exp047_33913459.err	1584
.pingstore/runs/exp047-r001-compute/export/evidence/archive/provenance/source-records/base/logs/collection/ggs-exp047_33913459.out	39274
.pingstore/runs/exp047-r001-compute/export/evidence/archive/provenance/source-records/base/run.json	1373
.pingstore/runs/exp047-r001-compute/export/evidence/archive/run.json	1103
.pingstore/runs/exp047-r001-compute/export/evidence/file-mapping.json	94674
.pingstore/runs/exp047-r001-compute/export/evidence/historical.py	9354
.pingstore/runs/exp047-r001-compute/export/evidence/import-plan.json	78075
.pingstore/runs/exp047-r001-compute/export/evidence/import_gold2.py	6217
.pingstore/runs/exp047-r001-compute/export/evidence/simulations/nI16_g0.0625_s40/output.log	901
.pingstore/runs/exp047-r001-compute/export/evidence/simulations/nI16_g0.0625_s40/run.jsonl	452
.pingstore/runs/exp047-r001-compute/export/evidence/simulations/nI16_g0.0625_s41/output.log	901
.pingstore/runs/exp047-r001-compute/export/evidence/simulations/nI16_g0.0625_s41/run.jsonl	452
.pingstore/runs/exp047-r001-compute/export/evidence/simulations/nI16_g0.0625_s42/output.log	901
.pingstore/runs/exp047-r001-compute/export/evidence/simulations/nI16_g0.0625_s42/run.jsonl	452
.pingstore/runs/exp047-r001-compute/export/evidence/simulations/nI16_g0.125_s40/output.log	899
.pingstore/runs/exp047-r001-compute/export/evidence/simulations/nI16_g0.125_s40/run.jsonl	450
.pingstore/runs/exp047-r001-compute/export/evidence/simulations/nI16_g0.125_s41/output.log	899
.pingstore/runs/exp047-r001-compute/export/evidence/simulations/nI16_g0.125_s41/run.jsonl	451
.pingstore/runs/exp047-r001-compute/export/evidence/simulations/nI16_g0.125_s42/output.log	899
.pingstore/runs/exp047-r001-compute/export/evidence/simulations/nI16_g0.125_s42/run.jsonl	451
.pingstore/runs/exp047-r001-compute/export/evidence/simulations/nI16_g0.25_s40/output.log	896
.pingstore/runs/exp047-r001-compute/export/evidence/simulations/nI16_g0.25_s40/run.jsonl	450
.pingstore/runs/exp047-r001-compute/export/evidence/simulations/nI16_g0.25_s41/output.log	896
.pingstore/runs/exp047-r001-compute/export/evidence/simulations/nI16_g0.25_s41/run.jsonl	450
.pingstore/runs/exp047-r001-compute/export/evidence/simulations/nI16_g0.25_s42/output.log	896
.pingstore/runs/exp047-r001-compute/export/evidence/simulations/nI16_g0.25_s42/run.jsonl	450
.pingstore/runs/exp047-r001-compute/export/evidence/simulations/nI16_g1_s40/output.log	892
.pingstore/runs/exp047-r001-compute/export/evidence/simulations/nI16_g1_s40/run.jsonl	450
.pingstore/runs/exp047-r001-compute/export/evidence/simulations/nI16_g1_s41/output.log	891
.pingstore/runs/exp047-r001-compute/export/evidence/simulations/nI16_g1_s41/run.jsonl	449
.pingstore/runs/exp047-r001-compute/export/evidence/simulations/nI16_g1_s42/output.log	891
.pingstore/runs/exp047-r001-compute/export/evidence/simulations/nI16_g1_s42/run.jsonl	449
.pingstore/runs/exp047-r001-compute/export/evidence/simulations/nI16_g2_s40/output.log	891
.pingstore/runs/exp047-r001-compute/export/evidence/simulations/nI16_g2_s40/run.jsonl	450
.pingstore/runs/exp047-r001-compute/export/evidence/simulations/nI16_g2_s41/output.log	891
.pingstore/runs/exp047-r001-compute/export/evidence/simulations/nI16_g2_s41/run.jsonl	449
.pingstore/runs/exp047-r001-compute/export/evidence/simulations/nI16_g2_s42/output.log	891
.pingstore/runs/exp047-r001-compute/export/evidence/simulations/nI16_g2_s42/run.jsonl	449
.pingstore/runs/exp047-r001-compute/export/evidence/simulations/nI16_g4_s40/output.log	891
.pingstore/runs/exp047-r001-compute/export/evidence/simulations/nI16_g4_s40/run.jsonl	449
.pingstore/runs/exp047-r001-compute/export/evidence/simulations/nI16_g4_s41/output.log	891
.pingstore/runs/exp047-r001-compute/export/evidence/simulations/nI16_g4_s41/run.jsonl	449
.pingstore/runs/exp047-r001-compute/export/evidence/simulations/nI16_g4_s42/output.log	891
.pingstore/runs/exp047-r001-compute/export/evidence/simulations/nI16_g4_s42/run.jsonl	449
.pingstore/runs/exp047-r001-compute/export/evidence/simulations/nI256_g1_s40/output.log	892
.pingstore/runs/exp047-r001-compute/export/evidence/simulations/nI256_g1_s40/run.jsonl	449
.pingstore/runs/exp047-r001-compute/export/evidence/simulations/nI256_g1_s41/output.log	892
.pingstore/runs/exp047-r001-compute/export/evidence/simulations/nI256_g1_s41/run.jsonl	450
.pingstore/runs/exp047-r001-compute/export/evidence/simulations/nI256_g1_s42/output.log	892
.pingstore/runs/exp047-r001-compute/export/evidence/simulations/nI256_g1_s42/run.jsonl	449
.pingstore/runs/exp047-r001-compute/export/evidence/simulations/nI256_g2_s40/output.log	892
.pingstore/runs/exp047-r001-compute/export/evidence/simulations/nI256_g2_s40/run.jsonl	449
.pingstore/runs/exp047-r001-compute/export/evidence/simulations/nI256_g2_s41/output.log	892
.pingstore/runs/exp047-r001-compute/export/evidence/simulations/nI256_g2_s41/run.jsonl	449
.pingstore/runs/exp047-r001-compute/export/evidence/simulations/nI256_g2_s42/output.log	892
.pingstore/runs/exp047-r001-compute/export/evidence/simulations/nI256_g2_s42/run.jsonl	449
.pingstore/runs/exp047-r001-compute/export/evidence/simulations/nI256_g4_s40/output.log	892
.pingstore/runs/exp047-r001-compute/export/evidence/simulations/nI256_g4_s40/run.jsonl	449
.pingstore/runs/exp047-r001-compute/export/evidence/simulations/nI256_g4_s41/output.log	892
.pingstore/runs/exp047-r001-compute/export/evidence/simulations/nI256_g4_s41/run.jsonl	450
.pingstore/runs/exp047-r001-compute/export/evidence/simulations/nI256_g4_s42/output.log	892
.pingstore/runs/exp047-r001-compute/export/evidence/simulations/nI256_g4_s42/run.jsonl	449
.pingstore/runs/exp047-r001-compute/export/evidence/simulations/nI64_g0.25_s40/output.log	896
.pingstore/runs/exp047-r001-compute/export/evidence/simulations/nI64_g0.25_s40/run.jsonl	450
.pingstore/runs/exp047-r001-compute/export/evidence/simulations/nI64_g0.25_s41/output.log	896
.pingstore/runs/exp047-r001-compute/export/evidence/simulations/nI64_g0.25_s41/run.jsonl	450
.pingstore/runs/exp047-r001-compute/export/evidence/simulations/nI64_g0.25_s42/output.log	896
.pingstore/runs/exp047-r001-compute/export/evidence/simulations/nI64_g0.25_s42/run.jsonl	450
.pingstore/runs/exp047-r001-compute/export/evidence/simulations/nI64_g0.5_s40/output.log	893
.pingstore/runs/exp047-r001-compute/export/evidence/simulations/nI64_g0.5_s40/run.jsonl	449
.pingstore/runs/exp047-r001-compute/export/evidence/simulations/nI64_g0.5_s41/output.log	893
.pingstore/runs/exp047-r001-compute/export/evidence/simulations/nI64_g0.5_s41/run.jsonl	449
.pingstore/runs/exp047-r001-compute/export/evidence/simulations/nI64_g0.5_s42/output.log	893
.pingstore/runs/exp047-r001-compute/export/evidence/simulations/nI64_g0.5_s42/run.jsonl	449
.pingstore/runs/exp047-r001-compute/export/evidence/simulations/nI64_g1_s40/output.log	891
.pingstore/runs/exp047-r001-compute/export/evidence/simulations/nI64_g1_s40/run.jsonl	449
.pingstore/runs/exp047-r001-compute/export/evidence/simulations/nI64_g1_s41/output.log	891
.pingstore/runs/exp047-r001-compute/export/evidence/simulations/nI64_g1_s41/run.jsonl	449
.pingstore/runs/exp047-r001-compute/export/evidence/simulations/nI64_g1_s42/output.log	891
.pingstore/runs/exp047-r001-compute/export/evidence/simulations/nI64_g1_s42/run.jsonl	450
.pingstore/runs/exp047-r001-compute/export/evidence/simulations/nI64_g2_s40/output.log	891
.pingstore/runs/exp047-r001-compute/export/evidence/simulations/nI64_g2_s40/run.jsonl	449
.pingstore/runs/exp047-r001-compute/export/evidence/simulations/nI64_g2_s41/output.log	891
.pingstore/runs/exp047-r001-compute/export/evidence/simulations/nI64_g2_s41/run.jsonl	450
.pingstore/runs/exp047-r001-compute/export/evidence/simulations/nI64_g2_s42/output.log	891
.pingstore/runs/exp047-r001-compute/export/evidence/simulations/nI64_g2_s42/run.jsonl	450
.pingstore/runs/exp047-r001-compute/export/evidence/simulations/nI64_g4_s40/output.log	891
.pingstore/runs/exp047-r001-compute/export/evidence/simulations/nI64_g4_s40/run.jsonl	450
.pingstore/runs/exp047-r001-compute/export/evidence/simulations/nI64_g4_s41/output.log	891
.pingstore/runs/exp047-r001-compute/export/evidence/simulations/nI64_g4_s41/run.jsonl	450
.pingstore/runs/exp047-r001-compute/export/evidence/simulations/nI64_g4_s42/output.log	891
.pingstore/runs/exp047-r001-compute/export/evidence/simulations/nI64_g4_s42/run.jsonl	449
.pingstore/runs/exp048-r002-analyse/export/evidence/verification.json	155
.pingstore/runs/exp049-r001-compute/export/evidence/exp041-import-helpers.py	17963
.pingstore/runs/exp049-r001-compute/export/evidence/file-mapping.json	147305
.pingstore/runs/exp049-r001-compute/export/evidence/gold-2/derived/artifacts/data/exp049/numbers.json	14551
.pingstore/runs/exp049-r001-compute/export/evidence/gold-2/inventory.json	2101788
.pingstore/runs/exp049-r001-compute/export/evidence/gold-2/lineage.json	1876
.pingstore/runs/exp049-r001-compute/export/evidence/gold-2/provenance/source-records/base/collection-plan.json	20225
.pingstore/runs/exp049-r001-compute/export/evidence/gold-2/provenance/source-records/base/collection-status/exp049.json	138
.pingstore/runs/exp049-r001-compute/export/evidence/gold-2/provenance/source-records/base/logs/collection/ggs-exp049_33913526.err	573
.pingstore/runs/exp049-r001-compute/export/evidence/gold-2/provenance/source-records/base/logs/collection/ggs-exp049_33913526.out	76635
.pingstore/runs/exp049-r001-compute/export/evidence/gold-2/provenance/source-records/base/logs/exp049/exp049.jsonl	153
.pingstore/runs/exp049-r001-compute/export/evidence/gold-2/provenance/source-records/base/run.json	1373
.pingstore/runs/exp049-r001-compute/export/evidence/gold-2/provenance/source-records/base/submissions/collection-submission.json	36515
.pingstore/runs/exp049-r001-compute/export/evidence/gold-2/run.json	1103
.pingstore/runs/exp049-r001-compute/export/evidence/gold-2/state/experiments/exp049/infer/frozen_ping__seed42__final_epoch__6e39bd4670c8/config.json	2123
.pingstore/runs/exp049-r001-compute/export/evidence/gold-2/state/experiments/exp049/infer/frozen_ping__seed42__final_epoch__6e39bd4670c8/metrics.json	838
.pingstore/runs/exp049-r001-compute/export/evidence/gold-2/state/experiments/exp049/infer/frozen_ping__seed42__final_epoch__6e39bd4670c8/output.log	1337
.pingstore/runs/exp049-r001-compute/export/evidence/gold-2/state/experiments/exp049/infer/frozen_ping__seed42__final_epoch__6e39bd4670c8/run.jsonl	644
.pingstore/runs/exp049-r001-compute/export/evidence/gold-2/state/experiments/exp049/infer/frozen_ping__seed43__final_epoch__302a1065adbf/config.json	2123
.pingstore/runs/exp049-r001-compute/export/evidence/gold-2/state/experiments/exp049/infer/frozen_ping__seed43__final_epoch__302a1065adbf/metrics.json	836
.pingstore/runs/exp049-r001-compute/export/evidence/gold-2/state/experiments/exp049/infer/frozen_ping__seed43__final_epoch__302a1065adbf/output.log	1337
.pingstore/runs/exp049-r001-compute/export/evidence/gold-2/state/experiments/exp049/infer/frozen_ping__seed43__final_epoch__302a1065adbf/run.jsonl	644
.pingstore/runs/exp049-r001-compute/export/evidence/gold-2/state/experiments/exp049/infer/frozen_ping__seed44__final_epoch__1b90f3ce4e31/config.json	2123
.pingstore/runs/exp049-r001-compute/export/evidence/gold-2/state/experiments/exp049/infer/frozen_ping__seed44__final_epoch__1b90f3ce4e31/metrics.json	839
.pingstore/runs/exp049-r001-compute/export/evidence/gold-2/state/experiments/exp049/infer/frozen_ping__seed44__final_epoch__1b90f3ce4e31/output.log	1337
.pingstore/runs/exp049-r001-compute/export/evidence/gold-2/state/experiments/exp049/infer/frozen_ping__seed44__final_epoch__1b90f3ce4e31/run.jsonl	643
.pingstore/runs/exp049-r001-compute/export/evidence/gold-2/state/experiments/exp049/infer/trainable_ping_init__seed42__final_epoch__98bbe9361324/config.json	2145
.pingstore/runs/exp049-r001-compute/export/evidence/gold-2/state/experiments/exp049/infer/trainable_ping_init__seed42__final_epoch__98bbe9361324/metrics.json	846
.pingstore/runs/exp049-r001-compute/export/evidence/gold-2/state/experiments/exp049/infer/trainable_ping_init__seed42__final_epoch__98bbe9361324/output.log	1361
.pingstore/runs/exp049-r001-compute/export/evidence/gold-2/state/experiments/exp049/infer/trainable_ping_init__seed42__final_epoch__98bbe9361324/run.jsonl	644
.pingstore/runs/exp049-r001-compute/export/evidence/gold-2/state/experiments/exp049/infer/trainable_ping_init__seed43__final_epoch__b7eb2a05d2cb/config.json	2145
.pingstore/runs/exp049-r001-compute/export/evidence/gold-2/state/experiments/exp049/infer/trainable_ping_init__seed43__final_epoch__b7eb2a05d2cb/metrics.json	849
.pingstore/runs/exp049-r001-compute/export/evidence/gold-2/state/experiments/exp049/infer/trainable_ping_init__seed43__final_epoch__b7eb2a05d2cb/output.log	1361
.pingstore/runs/exp049-r001-compute/export/evidence/gold-2/state/experiments/exp049/infer/trainable_ping_init__seed43__final_epoch__b7eb2a05d2cb/run.jsonl	643
.pingstore/runs/exp049-r001-compute/export/evidence/gold-2/state/experiments/exp049/infer/trainable_ping_init__seed44__final_epoch__4a15feab4770/config.json	2145
.pingstore/runs/exp049-r001-compute/export/evidence/gold-2/state/experiments/exp049/infer/trainable_ping_init__seed44__final_epoch__4a15feab4770/metrics.json	840
.pingstore/runs/exp049-r001-compute/export/evidence/gold-2/state/experiments/exp049/infer/trainable_ping_init__seed44__final_epoch__4a15feab4770/output.log	1361
.pingstore/runs/exp049-r001-compute/export/evidence/gold-2/state/experiments/exp049/infer/trainable_ping_init__seed44__final_epoch__4a15feab4770/run.jsonl	642
.pingstore/runs/exp049-r001-compute/export/evidence/gold-2/state/experiments/exp049/infer/trainable_small_init__seed42__final_epoch__b1e5e8215f45/config.json	2148
.pingstore/runs/exp049-r001-compute/export/evidence/gold-2/state/experiments/exp049/infer/trainable_small_init__seed42__final_epoch__b1e5e8215f45/metrics.json	849
.pingstore/runs/exp049-r001-compute/export/evidence/gold-2/state/experiments/exp049/infer/trainable_small_init__seed42__final_epoch__b1e5e8215f45/output.log	1364
.pingstore/runs/exp049-r001-compute/export/evidence/gold-2/state/experiments/exp049/infer/trainable_small_init__seed42__final_epoch__b1e5e8215f45/run.jsonl	643
.pingstore/runs/exp049-r001-compute/export/evidence/gold-2/state/experiments/exp049/infer/trainable_small_init__seed43__final_epoch__32e67b661c2d/config.json	2148
.pingstore/runs/exp049-r001-compute/export/evidence/gold-2/state/experiments/exp049/infer/trainable_small_init__seed43__final_epoch__32e67b661c2d/metrics.json	846
.pingstore/runs/exp049-r001-compute/export/evidence/gold-2/state/experiments/exp049/infer/trainable_small_init__seed43__final_epoch__32e67b661c2d/output.log	1364
.pingstore/runs/exp049-r001-compute/export/evidence/gold-2/state/experiments/exp049/infer/trainable_small_init__seed43__final_epoch__32e67b661c2d/run.jsonl	643
.pingstore/runs/exp049-r001-compute/export/evidence/gold-2/state/experiments/exp049/infer/trainable_small_init__seed44__final_epoch__fbc936b87843/config.json	2148
.pingstore/runs/exp049-r001-compute/export/evidence/gold-2/state/experiments/exp049/infer/trainable_small_init__seed44__final_epoch__fbc936b87843/metrics.json	846
.pingstore/runs/exp049-r001-compute/export/evidence/gold-2/state/experiments/exp049/infer/trainable_small_init__seed44__final_epoch__fbc936b87843/output.log	1364
.pingstore/runs/exp049-r001-compute/export/evidence/gold-2/state/experiments/exp049/infer/trainable_small_init__seed44__final_epoch__fbc936b87843/run.jsonl	643
.pingstore/runs/exp049-r001-compute/export/evidence/gold-2/state/experiments/exp049/infer/trainable_zero_init__seed42__final_epoch__69a22dc744d4/config.json	2145
.pingstore/runs/exp049-r001-compute/export/evidence/gold-2/state/experiments/exp049/infer/trainable_zero_init__seed42__final_epoch__69a22dc744d4/metrics.json	838
.pingstore/runs/exp049-r001-compute/export/evidence/gold-2/state/experiments/exp049/infer/trainable_zero_init__seed42__final_epoch__69a22dc744d4/output.log	1361
.pingstore/runs/exp049-r001-compute/export/evidence/gold-2/state/experiments/exp049/infer/trainable_zero_init__seed42__final_epoch__69a22dc744d4/run.jsonl	644
.pingstore/runs/exp049-r001-compute/export/evidence/gold-2/state/experiments/exp049/infer/trainable_zero_init__seed43__final_epoch__e056b6668ce4/config.json	2145
.pingstore/runs/exp049-r001-compute/export/evidence/gold-2/state/experiments/exp049/infer/trainable_zero_init__seed43__final_epoch__e056b6668ce4/metrics.json	838
.pingstore/runs/exp049-r001-compute/export/evidence/gold-2/state/experiments/exp049/infer/trainable_zero_init__seed43__final_epoch__e056b6668ce4/output.log	1361
.pingstore/runs/exp049-r001-compute/export/evidence/gold-2/state/experiments/exp049/infer/trainable_zero_init__seed43__final_epoch__e056b6668ce4/run.jsonl	644
.pingstore/runs/exp049-r001-compute/export/evidence/gold-2/state/experiments/exp049/infer/trainable_zero_init__seed44__final_epoch__8b3205174b08/config.json	2145
.pingstore/runs/exp049-r001-compute/export/evidence/gold-2/state/experiments/exp049/infer/trainable_zero_init__seed44__final_epoch__8b3205174b08/metrics.json	834
.pingstore/runs/exp049-r001-compute/export/evidence/gold-2/state/experiments/exp049/infer/trainable_zero_init__seed44__final_epoch__8b3205174b08/output.log	1361
.pingstore/runs/exp049-r001-compute/export/evidence/gold-2/state/experiments/exp049/infer/trainable_zero_init__seed44__final_epoch__8b3205174b08/run.jsonl	643
.pingstore/runs/exp049-r001-compute/export/evidence/gold-2/state/experiments/exp049/snapshot/frozen_ping__seed42__final_epoch__6e39bd4670c8/config.json	2087
.pingstore/runs/exp049-r001-compute/export/evidence/gold-2/state/experiments/exp049/snapshot/frozen_ping__seed42__final_epoch__6e39bd4670c8/output.log	801
.pingstore/runs/exp049-r001-compute/export/evidence/gold-2/state/experiments/exp049/snapshot/frozen_ping__seed42__final_epoch__6e39bd4670c8/run.jsonl	617
.pingstore/runs/exp049-r001-compute/export/evidence/gold-2/state/experiments/exp049/snapshot/trainable_ping_init__seed42__final_epoch__98bbe9361324/config.json	2109
.pingstore/runs/exp049-r001-compute/export/evidence/gold-2/state/experiments/exp049/snapshot/trainable_ping_init__seed42__final_epoch__98bbe9361324/output.log	801
.pingstore/runs/exp049-r001-compute/export/evidence/gold-2/state/experiments/exp049/snapshot/trainable_ping_init__seed42__final_epoch__98bbe9361324/run.jsonl	617
.pingstore/runs/exp049-r001-compute/export/evidence/gold-2/state/experiments/exp049/snapshot/trainable_small_init__seed42__final_epoch__b1e5e8215f45/config.json	2112
.pingstore/runs/exp049-r001-compute/export/evidence/gold-2/state/experiments/exp049/snapshot/trainable_small_init__seed42__final_epoch__b1e5e8215f45/output.log	801
.pingstore/runs/exp049-r001-compute/export/evidence/gold-2/state/experiments/exp049/snapshot/trainable_small_init__seed42__final_epoch__b1e5e8215f45/run.jsonl	616
.pingstore/runs/exp049-r001-compute/export/evidence/gold-2/state/experiments/exp049/snapshot/trainable_zero_init__seed42__final_epoch__69a22dc744d4/config.json	2109
.pingstore/runs/exp049-r001-compute/export/evidence/gold-2/state/experiments/exp049/snapshot/trainable_zero_init__seed42__final_epoch__69a22dc744d4/output.log	801
.pingstore/runs/exp049-r001-compute/export/evidence/gold-2/state/experiments/exp049/snapshot/trainable_zero_init__seed42__final_epoch__69a22dc744d4/run.jsonl	618
.pingstore/runs/exp049-r001-compute/export/evidence/gold-2/state/experiments/exp049/weights_dump/frozen_ping__seed42__final_epoch__6e39bd4670c8/config.json	1824
.pingstore/runs/exp049-r001-compute/export/evidence/gold-2/state/experiments/exp049/weights_dump/frozen_ping__seed42__final_epoch__6e39bd4670c8/output.log	983
.pingstore/runs/exp049-r001-compute/export/evidence/gold-2/state/experiments/exp049/weights_dump/frozen_ping__seed42__final_epoch__6e39bd4670c8/run.jsonl	627
.pingstore/runs/exp049-r001-compute/export/evidence/gold-2/state/experiments/exp049/weights_dump/frozen_ping__seed43__final_epoch__302a1065adbf/config.json	1824
.pingstore/runs/exp049-r001-compute/export/evidence/gold-2/state/experiments/exp049/weights_dump/frozen_ping__seed43__final_epoch__302a1065adbf/output.log	983
.pingstore/runs/exp049-r001-compute/export/evidence/gold-2/state/experiments/exp049/weights_dump/frozen_ping__seed43__final_epoch__302a1065adbf/run.jsonl	627
.pingstore/runs/exp049-r001-compute/export/evidence/gold-2/state/experiments/exp049/weights_dump/frozen_ping__seed44__final_epoch__1b90f3ce4e31/config.json	1824
.pingstore/runs/exp049-r001-compute/export/evidence/gold-2/state/experiments/exp049/weights_dump/frozen_ping__seed44__final_epoch__1b90f3ce4e31/output.log	983
.pingstore/runs/exp049-r001-compute/export/evidence/gold-2/state/experiments/exp049/weights_dump/frozen_ping__seed44__final_epoch__1b90f3ce4e31/run.jsonl	627
.pingstore/runs/exp049-r001-compute/export/evidence/gold-2/state/experiments/exp049/weights_dump/trainable_ping_init__seed42__final_epoch__98bbe9361324/config.json	1846
.pingstore/runs/exp049-r001-compute/export/evidence/gold-2/state/experiments/exp049/weights_dump/trainable_ping_init__seed42__final_epoch__98bbe9361324/output.log	991
.pingstore/runs/exp049-r001-compute/export/evidence/gold-2/state/experiments/exp049/weights_dump/trainable_ping_init__seed42__final_epoch__98bbe9361324/run.jsonl	627
.pingstore/runs/exp049-r001-compute/export/evidence/gold-2/state/experiments/exp049/weights_dump/trainable_ping_init__seed43__final_epoch__b7eb2a05d2cb/config.json	1846
.pingstore/runs/exp049-r001-compute/export/evidence/gold-2/state/experiments/exp049/weights_dump/trainable_ping_init__seed43__final_epoch__b7eb2a05d2cb/output.log	991
.pingstore/runs/exp049-r001-compute/export/evidence/gold-2/state/experiments/exp049/weights_dump/trainable_ping_init__seed43__final_epoch__b7eb2a05d2cb/run.jsonl	627
.pingstore/runs/exp049-r001-compute/export/evidence/gold-2/state/experiments/exp049/weights_dump/trainable_ping_init__seed44__final_epoch__4a15feab4770/config.json	1846
.pingstore/runs/exp049-r001-compute/export/evidence/gold-2/state/experiments/exp049/weights_dump/trainable_ping_init__seed44__final_epoch__4a15feab4770/output.log	991
.pingstore/runs/exp049-r001-compute/export/evidence/gold-2/state/experiments/exp049/weights_dump/trainable_ping_init__seed44__final_epoch__4a15feab4770/run.jsonl	627
.pingstore/runs/exp049-r001-compute/export/evidence/gold-2/state/experiments/exp049/weights_dump/trainable_small_init__seed42__final_epoch__b1e5e8215f45/config.json	1849
.pingstore/runs/exp049-r001-compute/export/evidence/gold-2/state/experiments/exp049/weights_dump/trainable_small_init__seed42__final_epoch__b1e5e8215f45/output.log	992
.pingstore/runs/exp049-r001-compute/export/evidence/gold-2/state/experiments/exp049/weights_dump/trainable_small_init__seed42__final_epoch__b1e5e8215f45/run.jsonl	626
.pingstore/runs/exp049-r001-compute/export/evidence/gold-2/state/experiments/exp049/weights_dump/trainable_small_init__seed43__final_epoch__32e67b661c2d/config.json	1849
.pingstore/runs/exp049-r001-compute/export/evidence/gold-2/state/experiments/exp049/weights_dump/trainable_small_init__seed43__final_epoch__32e67b661c2d/output.log	992
.pingstore/runs/exp049-r001-compute/export/evidence/gold-2/state/experiments/exp049/weights_dump/trainable_small_init__seed43__final_epoch__32e67b661c2d/run.jsonl	627
.pingstore/runs/exp049-r001-compute/export/evidence/gold-2/state/experiments/exp049/weights_dump/trainable_small_init__seed44__final_epoch__fbc936b87843/config.json	1849
.pingstore/runs/exp049-r001-compute/export/evidence/gold-2/state/experiments/exp049/weights_dump/trainable_small_init__seed44__final_epoch__fbc936b87843/output.log	992
.pingstore/runs/exp049-r001-compute/export/evidence/gold-2/state/experiments/exp049/weights_dump/trainable_small_init__seed44__final_epoch__fbc936b87843/run.jsonl	627
.pingstore/runs/exp049-r001-compute/export/evidence/gold-2/state/experiments/exp049/weights_dump/trainable_zero_init__seed42__final_epoch__69a22dc744d4/config.json	1846
.pingstore/runs/exp049-r001-compute/export/evidence/gold-2/state/experiments/exp049/weights_dump/trainable_zero_init__seed42__final_epoch__69a22dc744d4/output.log	991
.pingstore/runs/exp049-r001-compute/export/evidence/gold-2/state/experiments/exp049/weights_dump/trainable_zero_init__seed42__final_epoch__69a22dc744d4/run.jsonl	626
.pingstore/runs/exp049-r001-compute/export/evidence/gold-2/state/experiments/exp049/weights_dump/trainable_zero_init__seed43__final_epoch__e056b6668ce4/config.json	1846
.pingstore/runs/exp049-r001-compute/export/evidence/gold-2/state/experiments/exp049/weights_dump/trainable_zero_init__seed43__final_epoch__e056b6668ce4/output.log	991
.pingstore/runs/exp049-r001-compute/export/evidence/gold-2/state/experiments/exp049/weights_dump/trainable_zero_init__seed43__final_epoch__e056b6668ce4/run.jsonl	627
.pingstore/runs/exp049-r001-compute/export/evidence/gold-2/state/experiments/exp049/weights_dump/trainable_zero_init__seed44__final_epoch__8b3205174b08/config.json	1846
.pingstore/runs/exp049-r001-compute/export/evidence/gold-2/state/experiments/exp049/weights_dump/trainable_zero_init__seed44__final_epoch__8b3205174b08/output.log	991
.pingstore/runs/exp049-r001-compute/export/evidence/gold-2/state/experiments/exp049/weights_dump/trainable_zero_init__seed44__final_epoch__8b3205174b08/run.jsonl	627
.pingstore/runs/exp049-r001-compute/export/evidence/import-plan.json	274622
.pingstore/runs/exp049-r001-compute/export/evidence/import_gold2.py	18028
.pingstore/runs/exp049-r001-compute/export/evidence/simulations/infer/frozen_ping__seed42/output.log	1337
.pingstore/runs/exp049-r001-compute/export/evidence/simulations/infer/frozen_ping__seed42/run.jsonl	644
.pingstore/runs/exp049-r001-compute/export/evidence/simulations/infer/frozen_ping__seed43/output.log	1337
.pingstore/runs/exp049-r001-compute/export/evidence/simulations/infer/frozen_ping__seed43/run.jsonl	644
.pingstore/runs/exp049-r001-compute/export/evidence/simulations/infer/frozen_ping__seed44/output.log	1337
.pingstore/runs/exp049-r001-compute/export/evidence/simulations/infer/frozen_ping__seed44/run.jsonl	643
.pingstore/runs/exp049-r001-compute/export/evidence/simulations/infer/trainable_ping_init__seed42/output.log	1361
.pingstore/runs/exp049-r001-compute/export/evidence/simulations/infer/trainable_ping_init__seed42/run.jsonl	644
.pingstore/runs/exp049-r001-compute/export/evidence/simulations/infer/trainable_ping_init__seed43/output.log	1361
.pingstore/runs/exp049-r001-compute/export/evidence/simulations/infer/trainable_ping_init__seed43/run.jsonl	643
.pingstore/runs/exp049-r001-compute/export/evidence/simulations/infer/trainable_ping_init__seed44/output.log	1361
.pingstore/runs/exp049-r001-compute/export/evidence/simulations/infer/trainable_ping_init__seed44/run.jsonl	642
.pingstore/runs/exp049-r001-compute/export/evidence/simulations/infer/trainable_small_init__seed42/output.log	1364
.pingstore/runs/exp049-r001-compute/export/evidence/simulations/infer/trainable_small_init__seed42/run.jsonl	643
.pingstore/runs/exp049-r001-compute/export/evidence/simulations/infer/trainable_small_init__seed43/output.log	1364
.pingstore/runs/exp049-r001-compute/export/evidence/simulations/infer/trainable_small_init__seed43/run.jsonl	643
.pingstore/runs/exp049-r001-compute/export/evidence/simulations/infer/trainable_small_init__seed44/output.log	1364
.pingstore/runs/exp049-r001-compute/export/evidence/simulations/infer/trainable_small_init__seed44/run.jsonl	643
.pingstore/runs/exp049-r001-compute/export/evidence/simulations/infer/trainable_zero_init__seed42/output.log	1361
.pingstore/runs/exp049-r001-compute/export/evidence/simulations/infer/trainable_zero_init__seed42/run.jsonl	644
.pingstore/runs/exp049-r001-compute/export/evidence/simulations/infer/trainable_zero_init__seed43/output.log	1361
.pingstore/runs/exp049-r001-compute/export/evidence/simulations/infer/trainable_zero_init__seed43/run.jsonl	644
.pingstore/runs/exp049-r001-compute/export/evidence/simulations/infer/trainable_zero_init__seed44/output.log	1361
.pingstore/runs/exp049-r001-compute/export/evidence/simulations/infer/trainable_zero_init__seed44/run.jsonl	643
.pingstore/runs/exp049-r001-compute/export/evidence/simulations/snapshot/frozen_ping__seed42/output.log	801
.pingstore/runs/exp049-r001-compute/export/evidence/simulations/snapshot/frozen_ping__seed42/run.jsonl	617
.pingstore/runs/exp049-r001-compute/export/evidence/simulations/snapshot/trainable_ping_init__seed42/output.log	801
.pingstore/runs/exp049-r001-compute/export/evidence/simulations/snapshot/trainable_ping_init__seed42/run.jsonl	617
.pingstore/runs/exp049-r001-compute/export/evidence/simulations/snapshot/trainable_small_init__seed42/output.log	801
.pingstore/runs/exp049-r001-compute/export/evidence/simulations/snapshot/trainable_small_init__seed42/run.jsonl	616
.pingstore/runs/exp049-r001-compute/export/evidence/simulations/snapshot/trainable_zero_init__seed42/output.log	801
.pingstore/runs/exp049-r001-compute/export/evidence/simulations/snapshot/trainable_zero_init__seed42/run.jsonl	618
.pingstore/runs/exp049-r001-compute/export/evidence/simulations/weights_dump/frozen_ping__seed42/output.log	983
.pingstore/runs/exp049-r001-compute/export/evidence/simulations/weights_dump/frozen_ping__seed42/run.jsonl	627
.pingstore/runs/exp049-r001-compute/export/evidence/simulations/weights_dump/frozen_ping__seed43/output.log	983
.pingstore/runs/exp049-r001-compute/export/evidence/simulations/weights_dump/frozen_ping__seed43/run.jsonl	627
.pingstore/runs/exp049-r001-compute/export/evidence/simulations/weights_dump/frozen_ping__seed44/output.log	983
.pingstore/runs/exp049-r001-compute/export/evidence/simulations/weights_dump/frozen_ping__seed44/run.jsonl	627
.pingstore/runs/exp049-r001-compute/export/evidence/simulations/weights_dump/trainable_ping_init__seed42/output.log	991
.pingstore/runs/exp049-r001-compute/export/evidence/simulations/weights_dump/trainable_ping_init__seed42/run.jsonl	627
.pingstore/runs/exp049-r001-compute/export/evidence/simulations/weights_dump/trainable_ping_init__seed43/output.log	991
.pingstore/runs/exp049-r001-compute/export/evidence/simulations/weights_dump/trainable_ping_init__seed43/run.jsonl	627
.pingstore/runs/exp049-r001-compute/export/evidence/simulations/weights_dump/trainable_ping_init__seed44/output.log	991
.pingstore/runs/exp049-r001-compute/export/evidence/simulations/weights_dump/trainable_ping_init__seed44/run.jsonl	627
.pingstore/runs/exp049-r001-compute/export/evidence/simulations/weights_dump/trainable_small_init__seed42/output.log	992
.pingstore/runs/exp049-r001-compute/export/evidence/simulations/weights_dump/trainable_small_init__seed42/run.jsonl	626
.pingstore/runs/exp049-r001-compute/export/evidence/simulations/weights_dump/trainable_small_init__seed43/output.log	992
.pingstore/runs/exp049-r001-compute/export/evidence/simulations/weights_dump/trainable_small_init__seed43/run.jsonl	627
.pingstore/runs/exp049-r001-compute/export/evidence/simulations/weights_dump/trainable_small_init__seed44/output.log	992
.pingstore/runs/exp049-r001-compute/export/evidence/simulations/weights_dump/trainable_small_init__seed44/run.jsonl	627
.pingstore/runs/exp049-r001-compute/export/evidence/simulations/weights_dump/trainable_zero_init__seed42/output.log	991
.pingstore/runs/exp049-r001-compute/export/evidence/simulations/weights_dump/trainable_zero_init__seed42/run.jsonl	626
.pingstore/runs/exp049-r001-compute/export/evidence/simulations/weights_dump/trainable_zero_init__seed43/output.log	991
.pingstore/runs/exp049-r001-compute/export/evidence/simulations/weights_dump/trainable_zero_init__seed43/run.jsonl	627
.pingstore/runs/exp049-r001-compute/export/evidence/simulations/weights_dump/trainable_zero_init__seed44/output.log	991
.pingstore/runs/exp049-r001-compute/export/evidence/simulations/weights_dump/trainable_zero_init__seed44/run.jsonl	627
.pingstore/runs/exp049-r001-compute/export/evidence/verification.json	535
.pingstore/runs/exp054-r001-compute/export/evidence/file-mapping.json	401891
.pingstore/runs/exp054-r001-compute/export/evidence/gold-2/derived/artifacts/data/exp054/_manifest.json	362
.pingstore/runs/exp054-r001-compute/export/evidence/gold-2/inventory.json	2101788
.pingstore/runs/exp054-r001-compute/export/evidence/gold-2/lineage.json	1876
.pingstore/runs/exp054-r001-compute/export/evidence/gold-2/provenance/source-records/base/collection-plan.json	20225
.pingstore/runs/exp054-r001-compute/export/evidence/gold-2/provenance/source-records/base/collection-status/exp054.json	138
.pingstore/runs/exp054-r001-compute/export/evidence/gold-2/provenance/source-records/base/logs/collection/ggs-exp054_33913631.err	1669
.pingstore/runs/exp054-r001-compute/export/evidence/gold-2/provenance/source-records/base/logs/collection/ggs-exp054_33913631.out	146899
.pingstore/runs/exp054-r001-compute/export/evidence/gold-2/provenance/source-records/base/run.json	1373
.pingstore/runs/exp054-r001-compute/export/evidence/gold-2/provenance/source-records/base/submissions/collection-submission.json	36515
.pingstore/runs/exp054-r001-compute/export/evidence/gold-2/run.json	1103
.pingstore/runs/exp054-r001-compute/export/evidence/gold-2/state/experiments/exp054/probe/priv_wei0.3_wie0.6_r100_T1000/config.json	1503
.pingstore/runs/exp054-r001-compute/export/evidence/gold-2/state/experiments/exp054/probe/priv_wei0.3_wie0.6_r100_T1000/metrics.json	391
.pingstore/runs/exp054-r001-compute/export/evidence/gold-2/state/experiments/exp054/probe/priv_wei0.3_wie0.6_r100_T1000/output.log	1069
.pingstore/runs/exp054-r001-compute/export/evidence/gold-2/state/experiments/exp054/probe/priv_wei0.3_wie0.6_r100_T1000/run.jsonl	451
.pingstore/runs/exp054-r001-compute/export/evidence/gold-2/state/experiments/exp054/probe/priv_wei0.3_wie0_r100_T1000/config.json	1501
.pingstore/runs/exp054-r001-compute/export/evidence/gold-2/state/experiments/exp054/probe/priv_wei0.3_wie0_r100_T1000/metrics.json	389
.pingstore/runs/exp054-r001-compute/export/evidence/gold-2/state/experiments/exp054/probe/priv_wei0.3_wie0_r100_T1000/output.log	1067
.pingstore/runs/exp054-r001-compute/export/evidence/gold-2/state/experiments/exp054/probe/priv_wei0.3_wie0_r100_T1000/run.jsonl	452
.pingstore/runs/exp054-r001-compute/export/evidence/gold-2/state/experiments/exp054/probe/priv_wei0.3_wie1.2_r100_T1000/config.json	1503
.pingstore/runs/exp054-r001-compute/export/evidence/gold-2/state/experiments/exp054/probe/priv_wei0.3_wie1.2_r100_T1000/metrics.json	375
.pingstore/runs/exp054-r001-compute/export/evidence/gold-2/state/experiments/exp054/probe/priv_wei0.3_wie1.2_r100_T1000/output.log	1069
.pingstore/runs/exp054-r001-compute/export/evidence/gold-2/state/experiments/exp054/probe/priv_wei0.3_wie1.2_r100_T1000/run.jsonl	450
.pingstore/runs/exp054-r001-compute/export/evidence/gold-2/state/experiments/exp054/probe/priv_wei0.3_wie1.8_r100_T1000/config.json	1503
.pingstore/runs/exp054-r001-compute/export/evidence/gold-2/state/experiments/exp054/probe/priv_wei0.3_wie1.8_r100_T1000/metrics.json	381
.pingstore/runs/exp054-r001-compute/export/evidence/gold-2/state/experiments/exp054/probe/priv_wei0.3_wie1.8_r100_T1000/output.log	1069
.pingstore/runs/exp054-r001-compute/export/evidence/gold-2/state/experiments/exp054/probe/priv_wei0.3_wie1.8_r100_T1000/run.jsonl	451
.pingstore/runs/exp054-r001-compute/export/evidence/gold-2/state/experiments/exp054/probe/priv_wei0.3_wie2.4_r100_T1000/config.json	1503
.pingstore/runs/exp054-r001-compute/export/evidence/gold-2/state/experiments/exp054/probe/priv_wei0.3_wie2.4_r100_T1000/metrics.json	377
.pingstore/runs/exp054-r001-compute/export/evidence/gold-2/state/experiments/exp054/probe/priv_wei0.3_wie2.4_r100_T1000/output.log	1069
.pingstore/runs/exp054-r001-compute/export/evidence/gold-2/state/experiments/exp054/probe/priv_wei0.3_wie2.4_r100_T1000/run.jsonl	451
.pingstore/runs/exp054-r001-compute/export/evidence/gold-2/state/experiments/exp054/probe/priv_wei0.3_wie3.6_r100_T1000/config.json	1503
.pingstore/runs/exp054-r001-compute/export/evidence/gold-2/state/experiments/exp054/probe/priv_wei0.3_wie3.6_r100_T1000/metrics.json	391
.pingstore/runs/exp054-r001-compute/export/evidence/gold-2/state/experiments/exp054/probe/priv_wei0.3_wie3.6_r100_T1000/output.log	1069
.pingstore/runs/exp054-r001-compute/export/evidence/gold-2/state/experiments/exp054/probe/priv_wei0.3_wie3.6_r100_T1000/run.jsonl	451
.pingstore/runs/exp054-r001-compute/export/evidence/gold-2/state/experiments/exp054/probe/priv_wei0.3_wie3_r100_T1000/config.json	1501
.pingstore/runs/exp054-r001-compute/export/evidence/gold-2/state/experiments/exp054/probe/priv_wei0.3_wie3_r100_T1000/metrics.json	375
.pingstore/runs/exp054-r001-compute/export/evidence/gold-2/state/experiments/exp054/probe/priv_wei0.3_wie3_r100_T1000/output.log	1065
.pingstore/runs/exp054-r001-compute/export/evidence/gold-2/state/experiments/exp054/probe/priv_wei0.3_wie3_r100_T1000/run.jsonl	451
.pingstore/runs/exp054-r001-compute/export/evidence/gold-2/state/experiments/exp054/probe/priv_wei0.3_wie4.2_r100_T1000/config.json	1503
.pingstore/runs/exp054-r001-compute/export/evidence/gold-2/state/experiments/exp054/probe/priv_wei0.3_wie4.2_r100_T1000/metrics.json	373
.pingstore/runs/exp054-r001-compute/export/evidence/gold-2/state/experiments/exp054/probe/priv_wei0.3_wie4.2_r100_T1000/output.log	1069
.pingstore/runs/exp054-r001-compute/export/evidence/gold-2/state/experiments/exp054/probe/priv_wei0.3_wie4.2_r100_T1000/run.jsonl	451
.pingstore/runs/exp054-r001-compute/export/evidence/gold-2/state/experiments/exp054/probe/priv_wei0.3_wie4.8_r100_T1000/config.json	1503
.pingstore/runs/exp054-r001-compute/export/evidence/gold-2/state/experiments/exp054/probe/priv_wei0.3_wie4.8_r100_T1000/metrics.json	375
.pingstore/runs/exp054-r001-compute/export/evidence/gold-2/state/experiments/exp054/probe/priv_wei0.3_wie4.8_r100_T1000/output.log	1069
.pingstore/runs/exp054-r001-compute/export/evidence/gold-2/state/experiments/exp054/probe/priv_wei0.3_wie4.8_r100_T1000/run.jsonl	451
.pingstore/runs/exp054-r001-compute/export/evidence/gold-2/state/experiments/exp054/probe/priv_wei0.3_wie5.4_r100_T1000/config.json	1503
.pingstore/runs/exp054-r001-compute/export/evidence/gold-2/state/experiments/exp054/probe/priv_wei0.3_wie5.4_r100_T1000/metrics.json	377
.pingstore/runs/exp054-r001-compute/export/evidence/gold-2/state/experiments/exp054/probe/priv_wei0.3_wie5.4_r100_T1000/output.log	1069
.pingstore/runs/exp054-r001-compute/export/evidence/gold-2/state/experiments/exp054/probe/priv_wei0.3_wie5.4_r100_T1000/run.jsonl	451
.pingstore/runs/exp054-r001-compute/export/evidence/gold-2/state/experiments/exp054/probe/priv_wei0.3_wie6_r100_T1000/config.json	1501
.pingstore/runs/exp054-r001-compute/export/evidence/gold-2/state/experiments/exp054/probe/priv_wei0.3_wie6_r100_T1000/metrics.json	373
.pingstore/runs/exp054-r001-compute/export/evidence/gold-2/state/experiments/exp054/probe/priv_wei0.3_wie6_r100_T1000/output.log	1065
.pingstore/runs/exp054-r001-compute/export/evidence/gold-2/state/experiments/exp054/probe/priv_wei0.3_wie6_r100_T1000/run.jsonl	451
.pingstore/runs/exp054-r001-compute/export/evidence/gold-2/state/experiments/exp054/probe/priv_wei0.6_wie0.6_r100_T1000/config.json	1503
.pingstore/runs/exp054-r001-compute/export/evidence/gold-2/state/experiments/exp054/probe/priv_wei0.6_wie0.6_r100_T1000/metrics.json	383
.pingstore/runs/exp054-r001-compute/export/evidence/gold-2/state/experiments/exp054/probe/priv_wei0.6_wie0.6_r100_T1000/output.log	1070
.pingstore/runs/exp054-r001-compute/export/evidence/gold-2/state/experiments/exp054/probe/priv_wei0.6_wie0.6_r100_T1000/run.jsonl	451
.pingstore/runs/exp054-r001-compute/export/evidence/gold-2/state/experiments/exp054/probe/priv_wei0.6_wie0_r100_T1000/config.json	1501
.pingstore/runs/exp054-r001-compute/export/evidence/gold-2/state/experiments/exp054/probe/priv_wei0.6_wie0_r100_T1000/metrics.json	389
.pingstore/runs/exp054-r001-compute/export/evidence/gold-2/state/experiments/exp054/probe/priv_wei0.6_wie0_r100_T1000/output.log	1068
.pingstore/runs/exp054-r001-compute/export/evidence/gold-2/state/experiments/exp054/probe/priv_wei0.6_wie0_r100_T1000/run.jsonl	452
.pingstore/runs/exp054-r001-compute/export/evidence/gold-2/state/experiments/exp054/probe/priv_wei0.6_wie1.2_r100_T1000/config.json	1503
.pingstore/runs/exp054-r001-compute/export/evidence/gold-2/state/experiments/exp054/probe/priv_wei0.6_wie1.2_r100_T1000/metrics.json	389
.pingstore/runs/exp054-r001-compute/export/evidence/gold-2/state/experiments/exp054/probe/priv_wei0.6_wie1.2_r100_T1000/output.log	1069
.pingstore/runs/exp054-r001-compute/export/evidence/gold-2/state/experiments/exp054/probe/priv_wei0.6_wie1.2_r100_T1000/run.jsonl	451
.pingstore/runs/exp054-r001-compute/export/evidence/gold-2/state/experiments/exp054/probe/priv_wei0.6_wie1.8_r100_T1000/config.json	1503
.pingstore/runs/exp054-r001-compute/export/evidence/gold-2/state/experiments/exp054/probe/priv_wei0.6_wie1.8_r100_T1000/metrics.json	387
.pingstore/runs/exp054-r001-compute/export/evidence/gold-2/state/experiments/exp054/probe/priv_wei0.6_wie1.8_r100_T1000/output.log	1069
.pingstore/runs/exp054-r001-compute/export/evidence/gold-2/state/experiments/exp054/probe/priv_wei0.6_wie1.8_r100_T1000/run.jsonl	450
.pingstore/runs/exp054-r001-compute/export/evidence/gold-2/state/experiments/exp054/probe/priv_wei0.6_wie2.4_r100_T1000/config.json	1503
.pingstore/runs/exp054-r001-compute/export/evidence/gold-2/state/experiments/exp054/probe/priv_wei0.6_wie2.4_r100_T1000/metrics.json	387
.pingstore/runs/exp054-r001-compute/export/evidence/gold-2/state/experiments/exp054/probe/priv_wei0.6_wie2.4_r100_T1000/output.log	1069
.pingstore/runs/exp054-r001-compute/export/evidence/gold-2/state/experiments/exp054/probe/priv_wei0.6_wie2.4_r100_T1000/run.jsonl	451
.pingstore/runs/exp054-r001-compute/export/evidence/gold-2/state/experiments/exp054/probe/priv_wei0.6_wie3.6_r100_T1000/config.json	1503
.pingstore/runs/exp054-r001-compute/export/evidence/gold-2/state/experiments/exp054/probe/priv_wei0.6_wie3.6_r100_T1000/metrics.json	391
.pingstore/runs/exp054-r001-compute/export/evidence/gold-2/state/experiments/exp054/probe/priv_wei0.6_wie3.6_r100_T1000/output.log	1069
.pingstore/runs/exp054-r001-compute/export/evidence/gold-2/state/experiments/exp054/probe/priv_wei0.6_wie3.6_r100_T1000/run.jsonl	451
.pingstore/runs/exp054-r001-compute/export/evidence/gold-2/state/experiments/exp054/probe/priv_wei0.6_wie3_r100_T1000/config.json	1501
.pingstore/runs/exp054-r001-compute/export/evidence/gold-2/state/experiments/exp054/probe/priv_wei0.6_wie3_r100_T1000/metrics.json	387
.pingstore/runs/exp054-r001-compute/export/evidence/gold-2/state/experiments/exp054/probe/priv_wei0.6_wie3_r100_T1000/output.log	1065
.pingstore/runs/exp054-r001-compute/export/evidence/gold-2/state/experiments/exp054/probe/priv_wei0.6_wie3_r100_T1000/run.jsonl	451
.pingstore/runs/exp054-r001-compute/export/evidence/gold-2/state/experiments/exp054/probe/priv_wei0.6_wie4.2_r100_T1000/config.json	1503
.pingstore/runs/exp054-r001-compute/export/evidence/gold-2/state/experiments/exp054/probe/priv_wei0.6_wie4.2_r100_T1000/metrics.json	391
.pingstore/runs/exp054-r001-compute/export/evidence/gold-2/state/experiments/exp054/probe/priv_wei0.6_wie4.2_r100_T1000/output.log	1069
.pingstore/runs/exp054-r001-compute/export/evidence/gold-2/state/experiments/exp054/probe/priv_wei0.6_wie4.2_r100_T1000/run.jsonl	452
.pingstore/runs/exp054-r001-compute/export/evidence/gold-2/state/experiments/exp054/probe/priv_wei0.6_wie4.8_r100_T1000/config.json	1503
.pingstore/runs/exp054-r001-compute/export/evidence/gold-2/state/experiments/exp054/probe/priv_wei0.6_wie4.8_r100_T1000/metrics.json	387
.pingstore/runs/exp054-r001-compute/export/evidence/gold-2/state/experiments/exp054/probe/priv_wei0.6_wie4.8_r100_T1000/output.log	1069
.pingstore/runs/exp054-r001-compute/export/evidence/gold-2/state/experiments/exp054/probe/priv_wei0.6_wie4.8_r100_T1000/run.jsonl	451
.pingstore/runs/exp054-r001-compute/export/evidence/gold-2/state/experiments/exp054/probe/priv_wei0.6_wie5.4_r100_T1000/config.json	1503
.pingstore/runs/exp054-r001-compute/export/evidence/gold-2/state/experiments/exp054/probe/priv_wei0.6_wie5.4_r100_T1000/metrics.json	385
.pingstore/runs/exp054-r001-compute/export/evidence/gold-2/state/experiments/exp054/probe/priv_wei0.6_wie5.4_r100_T1000/output.log	1069
.pingstore/runs/exp054-r001-compute/export/evidence/gold-2/state/experiments/exp054/probe/priv_wei0.6_wie5.4_r100_T1000/run.jsonl	451
.pingstore/runs/exp054-r001-compute/export/evidence/gold-2/state/experiments/exp054/probe/priv_wei0.6_wie6_r100_T1000/config.json	1501
.pingstore/runs/exp054-r001-compute/export/evidence/gold-2/state/experiments/exp054/probe/priv_wei0.6_wie6_r100_T1000/metrics.json	389
.pingstore/runs/exp054-r001-compute/export/evidence/gold-2/state/experiments/exp054/probe/priv_wei0.6_wie6_r100_T1000/output.log	1065
.pingstore/runs/exp054-r001-compute/export/evidence/gold-2/state/experiments/exp054/probe/priv_wei0.6_wie6_r100_T1000/run.jsonl	451
.pingstore/runs/exp054-r001-compute/export/evidence/gold-2/state/experiments/exp054/probe/priv_wei0.9_wie0.6_r100_T1000/config.json	1503
.pingstore/runs/exp054-r001-compute/export/evidence/gold-2/state/experiments/exp054/probe/priv_wei0.9_wie0.6_r100_T1000/metrics.json	391
.pingstore/runs/exp054-r001-compute/export/evidence/gold-2/state/experiments/exp054/probe/priv_wei0.9_wie0.6_r100_T1000/output.log	1070
.pingstore/runs/exp054-r001-compute/export/evidence/gold-2/state/experiments/exp054/probe/priv_wei0.9_wie0.6_r100_T1000/run.jsonl	451
.pingstore/runs/exp054-r001-compute/export/evidence/gold-2/state/experiments/exp054/probe/priv_wei0.9_wie0_r100_T1000/config.json	1501
.pingstore/runs/exp054-r001-compute/export/evidence/gold-2/state/experiments/exp054/probe/priv_wei0.9_wie0_r100_T1000/metrics.json	387
.pingstore/runs/exp054-r001-compute/export/evidence/gold-2/state/experiments/exp054/probe/priv_wei0.9_wie0_r100_T1000/output.log	1068
.pingstore/runs/exp054-r001-compute/export/evidence/gold-2/state/experiments/exp054/probe/priv_wei0.9_wie0_r100_T1000/run.jsonl	452
.pingstore/runs/exp054-r001-compute/export/evidence/gold-2/state/experiments/exp054/probe/priv_wei0.9_wie1.2_r100_T1000/config.json	1503
.pingstore/runs/exp054-r001-compute/export/evidence/gold-2/state/experiments/exp054/probe/priv_wei0.9_wie1.2_r100_T1000/metrics.json	387
.pingstore/runs/exp054-r001-compute/export/evidence/gold-2/state/experiments/exp054/probe/priv_wei0.9_wie1.2_r100_T1000/output.log	1069
.pingstore/runs/exp054-r001-compute/export/evidence/gold-2/state/experiments/exp054/probe/priv_wei0.9_wie1.2_r100_T1000/run.jsonl	451
.pingstore/runs/exp054-r001-compute/export/evidence/gold-2/state/experiments/exp054/probe/priv_wei0.9_wie1.8_r100_T1000/config.json	1503
.pingstore/runs/exp054-r001-compute/export/evidence/gold-2/state/experiments/exp054/probe/priv_wei0.9_wie1.8_r100_T1000/metrics.json	381
.pingstore/runs/exp054-r001-compute/export/evidence/gold-2/state/experiments/exp054/probe/priv_wei0.9_wie1.8_r100_T1000/output.log	1069
.pingstore/runs/exp054-r001-compute/export/evidence/gold-2/state/experiments/exp054/probe/priv_wei0.9_wie1.8_r100_T1000/run.jsonl	451
.pingstore/runs/exp054-r001-compute/export/evidence/gold-2/state/experiments/exp054/probe/priv_wei0.9_wie2.4_r100_T1000/config.json	1503
.pingstore/runs/exp054-r001-compute/export/evidence/gold-2/state/experiments/exp054/probe/priv_wei0.9_wie2.4_r100_T1000/metrics.json	391
.pingstore/runs/exp054-r001-compute/export/evidence/gold-2/state/experiments/exp054/probe/priv_wei0.9_wie2.4_r100_T1000/output.log	1069
.pingstore/runs/exp054-r001-compute/export/evidence/gold-2/state/experiments/exp054/probe/priv_wei0.9_wie2.4_r100_T1000/run.jsonl	452
.pingstore/runs/exp054-r001-compute/export/evidence/gold-2/state/experiments/exp054/probe/priv_wei0.9_wie3.6_r100_T1000/config.json	1503
.pingstore/runs/exp054-r001-compute/export/evidence/gold-2/state/experiments/exp054/probe/priv_wei0.9_wie3.6_r100_T1000/metrics.json	387
.pingstore/runs/exp054-r001-compute/export/evidence/gold-2/state/experiments/exp054/probe/priv_wei0.9_wie3.6_r100_T1000/output.log	1068
.pingstore/runs/exp054-r001-compute/export/evidence/gold-2/state/experiments/exp054/probe/priv_wei0.9_wie3.6_r100_T1000/run.jsonl	451
.pingstore/runs/exp054-r001-compute/export/evidence/gold-2/state/experiments/exp054/probe/priv_wei0.9_wie3_r100_T1000/config.json	1501
.pingstore/runs/exp054-r001-compute/export/evidence/gold-2/state/experiments/exp054/probe/priv_wei0.9_wie3_r100_T1000/metrics.json	389
.pingstore/runs/exp054-r001-compute/export/evidence/gold-2/state/experiments/exp054/probe/priv_wei0.9_wie3_r100_T1000/output.log	1064
.pingstore/runs/exp054-r001-compute/export/evidence/gold-2/state/experiments/exp054/probe/priv_wei0.9_wie3_r100_T1000/run.jsonl	451
.pingstore/runs/exp054-r001-compute/export/evidence/gold-2/state/experiments/exp054/probe/priv_wei0.9_wie4.2_r100_T1000/config.json	1503
.pingstore/runs/exp054-r001-compute/export/evidence/gold-2/state/experiments/exp054/probe/priv_wei0.9_wie4.2_r100_T1000/metrics.json	385
.pingstore/runs/exp054-r001-compute/export/evidence/gold-2/state/experiments/exp054/probe/priv_wei0.9_wie4.2_r100_T1000/output.log	1068
.pingstore/runs/exp054-r001-compute/export/evidence/gold-2/state/experiments/exp054/probe/priv_wei0.9_wie4.2_r100_T1000/run.jsonl	450
.pingstore/runs/exp054-r001-compute/export/evidence/gold-2/state/experiments/exp054/probe/priv_wei0.9_wie4.8_r100_T1000/config.json	1503
.pingstore/runs/exp054-r001-compute/export/evidence/gold-2/state/experiments/exp054/probe/priv_wei0.9_wie4.8_r100_T1000/metrics.json	389
.pingstore/runs/exp054-r001-compute/export/evidence/gold-2/state/experiments/exp054/probe/priv_wei0.9_wie4.8_r100_T1000/output.log	1068
.pingstore/runs/exp054-r001-compute/export/evidence/gold-2/state/experiments/exp054/probe/priv_wei0.9_wie4.8_r100_T1000/run.jsonl	451
.pingstore/runs/exp054-r001-compute/export/evidence/gold-2/state/experiments/exp054/probe/priv_wei0.9_wie5.4_r100_T1000/config.json	1503
.pingstore/runs/exp054-r001-compute/export/evidence/gold-2/state/experiments/exp054/probe/priv_wei0.9_wie5.4_r100_T1000/metrics.json	385
.pingstore/runs/exp054-r001-compute/export/evidence/gold-2/state/experiments/exp054/probe/priv_wei0.9_wie5.4_r100_T1000/output.log	1068
.pingstore/runs/exp054-r001-compute/export/evidence/gold-2/state/experiments/exp054/probe/priv_wei0.9_wie5.4_r100_T1000/run.jsonl	451
.pingstore/runs/exp054-r001-compute/export/evidence/gold-2/state/experiments/exp054/probe/priv_wei0.9_wie6_r100_T1000/config.json	1501
.pingstore/runs/exp054-r001-compute/export/evidence/gold-2/state/experiments/exp054/probe/priv_wei0.9_wie6_r100_T1000/metrics.json	383
.pingstore/runs/exp054-r001-compute/export/evidence/gold-2/state/experiments/exp054/probe/priv_wei0.9_wie6_r100_T1000/output.log	1064
.pingstore/runs/exp054-r001-compute/export/evidence/gold-2/state/experiments/exp054/probe/priv_wei0.9_wie6_r100_T1000/run.jsonl	450
.pingstore/runs/exp054-r001-compute/export/evidence/gold-2/state/experiments/exp054/probe/priv_wei0_wie0.6_r100_T1000/config.json	1501
.pingstore/runs/exp054-r001-compute/export/evidence/gold-2/state/experiments/exp054/probe/priv_wei0_wie0.6_r100_T1000/metrics.json	371
.pingstore/runs/exp054-r001-compute/export/evidence/gold-2/state/experiments/exp054/probe/priv_wei0_wie0.6_r100_T1000/output.log	1064
.pingstore/runs/exp054-r001-compute/export/evidence/gold-2/state/experiments/exp054/probe/priv_wei0_wie0.6_r100_T1000/run.jsonl	452
.pingstore/runs/exp054-r001-compute/export/evidence/gold-2/state/experiments/exp054/probe/priv_wei0_wie0_r100_T1000/config.json	1499
.pingstore/runs/exp054-r001-compute/export/evidence/gold-2/state/experiments/exp054/probe/priv_wei0_wie0_r100_T1000/metrics.json	371
.pingstore/runs/exp054-r001-compute/export/evidence/gold-2/state/experiments/exp054/probe/priv_wei0_wie0_r100_T1000/output.log	1060
.pingstore/runs/exp054-r001-compute/export/evidence/gold-2/state/experiments/exp054/probe/priv_wei0_wie0_r100_T1000/run.jsonl	451
.pingstore/runs/exp054-r001-compute/export/evidence/gold-2/state/experiments/exp054/probe/priv_wei0_wie0_r10_T1000/config.json	1497
.pingstore/runs/exp054-r001-compute/export/evidence/gold-2/state/experiments/exp054/probe/priv_wei0_wie0_r10_T1000/metrics.json	370
.pingstore/runs/exp054-r001-compute/export/evidence/gold-2/state/experiments/exp054/probe/priv_wei0_wie0_r10_T1000/output.log	1054
.pingstore/runs/exp054-r001-compute/export/evidence/gold-2/state/experiments/exp054/probe/priv_wei0_wie0_r10_T1000/run.jsonl	450
.pingstore/runs/exp054-r001-compute/export/evidence/gold-2/state/experiments/exp054/probe/priv_wei0_wie0_r1_T1000/config.json	1495
.pingstore/runs/exp054-r001-compute/export/evidence/gold-2/state/experiments/exp054/probe/priv_wei0_wie0_r1_T1000/metrics.json	365
.pingstore/runs/exp054-r001-compute/export/evidence/gold-2/state/experiments/exp054/probe/priv_wei0_wie0_r1_T1000/output.log	1049
.pingstore/runs/exp054-r001-compute/export/evidence/gold-2/state/experiments/exp054/probe/priv_wei0_wie0_r1_T1000/run.jsonl	450
.pingstore/runs/exp054-r001-compute/export/evidence/gold-2/state/experiments/exp054/probe/priv_wei0_wie0_r20_T1000/config.json	1497
.pingstore/runs/exp054-r001-compute/export/evidence/gold-2/state/experiments/exp054/probe/priv_wei0_wie0_r20_T1000/metrics.json	372
.pingstore/runs/exp054-r001-compute/export/evidence/gold-2/state/experiments/exp054/probe/priv_wei0_wie0_r20_T1000/output.log	1055
.pingstore/runs/exp054-r001-compute/export/evidence/gold-2/state/experiments/exp054/probe/priv_wei0_wie0_r20_T1000/run.jsonl	449
.pingstore/runs/exp054-r001-compute/export/evidence/gold-2/state/experiments/exp054/probe/priv_wei0_wie0_r2_T1000/config.json	1495
.pingstore/runs/exp054-r001-compute/export/evidence/gold-2/state/experiments/exp054/probe/priv_wei0_wie0_r2_T1000/metrics.json	369
.pingstore/runs/exp054-r001-compute/export/evidence/gold-2/state/experiments/exp054/probe/priv_wei0_wie0_r2_T1000/output.log	1049
.pingstore/runs/exp054-r001-compute/export/evidence/gold-2/state/experiments/exp054/probe/priv_wei0_wie0_r2_T1000/run.jsonl	449
.pingstore/runs/exp054-r001-compute/export/evidence/gold-2/state/experiments/exp054/probe/priv_wei0_wie0_r40_T1000/config.json	1497
.pingstore/runs/exp054-r001-compute/export/evidence/gold-2/state/experiments/exp054/probe/priv_wei0_wie0_r40_T1000/metrics.json	374
.pingstore/runs/exp054-r001-compute/export/evidence/gold-2/state/experiments/exp054/probe/priv_wei0_wie0_r40_T1000/output.log	1056
.pingstore/runs/exp054-r001-compute/export/evidence/gold-2/state/experiments/exp054/probe/priv_wei0_wie0_r40_T1000/run.jsonl	450
.pingstore/runs/exp054-r001-compute/export/evidence/gold-2/state/experiments/exp054/probe/priv_wei0_wie0_r5_T1000/config.json	1495
.pingstore/runs/exp054-r001-compute/export/evidence/gold-2/state/experiments/exp054/probe/priv_wei0_wie0_r5_T1000/metrics.json	369
.pingstore/runs/exp054-r001-compute/export/evidence/gold-2/state/experiments/exp054/probe/priv_wei0_wie0_r5_T1000/output.log	1050
.pingstore/runs/exp054-r001-compute/export/evidence/gold-2/state/experiments/exp054/probe/priv_wei0_wie0_r5_T1000/run.jsonl	449
.pingstore/runs/exp054-r001-compute/export/evidence/gold-2/state/experiments/exp054/probe/priv_wei0_wie0_r70_T1000/config.json	1497
.pingstore/runs/exp054-r001-compute/export/evidence/gold-2/state/experiments/exp054/probe/priv_wei0_wie0_r70_T1000/metrics.json	374
.pingstore/runs/exp054-r001-compute/export/evidence/gold-2/state/experiments/exp054/probe/priv_wei0_wie0_r70_T1000/output.log	1056
.pingstore/runs/exp054-r001-compute/export/evidence/gold-2/state/experiments/exp054/probe/priv_wei0_wie0_r70_T1000/run.jsonl	450
.pingstore/runs/exp054-r001-compute/export/evidence/gold-2/state/experiments/exp054/probe/priv_wei0_wie1.2_r100_T1000/config.json	1501
.pingstore/runs/exp054-r001-compute/export/evidence/gold-2/state/experiments/exp054/probe/priv_wei0_wie1.2_r100_T1000/metrics.json	371
.pingstore/runs/exp054-r001-compute/export/evidence/gold-2/state/experiments/exp054/probe/priv_wei0_wie1.2_r100_T1000/output.log	1064
.pingstore/runs/exp054-r001-compute/export/evidence/gold-2/state/experiments/exp054/probe/priv_wei0_wie1.2_r100_T1000/run.jsonl	451
.pingstore/runs/exp054-r001-compute/export/evidence/gold-2/state/experiments/exp054/probe/priv_wei0_wie1.8_r100_T1000/config.json	1501
.pingstore/runs/exp054-r001-compute/export/evidence/gold-2/state/experiments/exp054/probe/priv_wei0_wie1.8_r100_T1000/metrics.json	371
.pingstore/runs/exp054-r001-compute/export/evidence/gold-2/state/experiments/exp054/probe/priv_wei0_wie1.8_r100_T1000/output.log	1064
.pingstore/runs/exp054-r001-compute/export/evidence/gold-2/state/experiments/exp054/probe/priv_wei0_wie1.8_r100_T1000/run.jsonl	452
.pingstore/runs/exp054-r001-compute/export/evidence/gold-2/state/experiments/exp054/probe/priv_wei0_wie2.4_r100_T1000/config.json	1501
.pingstore/runs/exp054-r001-compute/export/evidence/gold-2/state/experiments/exp054/probe/priv_wei0_wie2.4_r100_T1000/metrics.json	371
.pingstore/runs/exp054-r001-compute/export/evidence/gold-2/state/experiments/exp054/probe/priv_wei0_wie2.4_r100_T1000/output.log	1064
.pingstore/runs/exp054-r001-compute/export/evidence/gold-2/state/experiments/exp054/probe/priv_wei0_wie2.4_r100_T1000/run.jsonl	451
.pingstore/runs/exp054-r001-compute/export/evidence/gold-2/state/experiments/exp054/probe/priv_wei0_wie3.6_r100_T1000/config.json	1501
.pingstore/runs/exp054-r001-compute/export/evidence/gold-2/state/experiments/exp054/probe/priv_wei0_wie3.6_r100_T1000/metrics.json	371
.pingstore/runs/exp054-r001-compute/export/evidence/gold-2/state/experiments/exp054/probe/priv_wei0_wie3.6_r100_T1000/output.log	1064
.pingstore/runs/exp054-r001-compute/export/evidence/gold-2/state/experiments/exp054/probe/priv_wei0_wie3.6_r100_T1000/run.jsonl	451
.pingstore/runs/exp054-r001-compute/export/evidence/gold-2/state/experiments/exp054/probe/priv_wei0_wie3_r100_T1000/config.json	1499
.pingstore/runs/exp054-r001-compute/export/evidence/gold-2/state/experiments/exp054/probe/priv_wei0_wie3_r100_T1000/metrics.json	371
.pingstore/runs/exp054-r001-compute/export/evidence/gold-2/state/experiments/exp054/probe/priv_wei0_wie3_r100_T1000/output.log	1060
.pingstore/runs/exp054-r001-compute/export/evidence/gold-2/state/experiments/exp054/probe/priv_wei0_wie3_r100_T1000/run.jsonl	451
.pingstore/runs/exp054-r001-compute/export/evidence/gold-2/state/experiments/exp054/probe/priv_wei0_wie4.2_r100_T1000/config.json	1501
.pingstore/runs/exp054-r001-compute/export/evidence/gold-2/state/experiments/exp054/probe/priv_wei0_wie4.2_r100_T1000/metrics.json	371
.pingstore/runs/exp054-r001-compute/export/evidence/gold-2/state/experiments/exp054/probe/priv_wei0_wie4.2_r100_T1000/output.log	1064
.pingstore/runs/exp054-r001-compute/export/evidence/gold-2/state/experiments/exp054/probe/priv_wei0_wie4.2_r100_T1000/run.jsonl	451
.pingstore/runs/exp054-r001-compute/export/evidence/gold-2/state/experiments/exp054/probe/priv_wei0_wie4.8_r100_T1000/config.json	1501
.pingstore/runs/exp054-r001-compute/export/evidence/gold-2/state/experiments/exp054/probe/priv_wei0_wie4.8_r100_T1000/metrics.json	371
.pingstore/runs/exp054-r001-compute/export/evidence/gold-2/state/experiments/exp054/probe/priv_wei0_wie4.8_r100_T1000/output.log	1064
.pingstore/runs/exp054-r001-compute/export/evidence/gold-2/state/experiments/exp054/probe/priv_wei0_wie4.8_r100_T1000/run.jsonl	451
.pingstore/runs/exp054-r001-compute/export/evidence/gold-2/state/experiments/exp054/probe/priv_wei0_wie5.4_r100_T1000/config.json	1501
.pingstore/runs/exp054-r001-compute/export/evidence/gold-2/state/experiments/exp054/probe/priv_wei0_wie5.4_r100_T1000/metrics.json	371
.pingstore/runs/exp054-r001-compute/export/evidence/gold-2/state/experiments/exp054/probe/priv_wei0_wie5.4_r100_T1000/output.log	1064
.pingstore/runs/exp054-r001-compute/export/evidence/gold-2/state/experiments/exp054/probe/priv_wei0_wie5.4_r100_T1000/run.jsonl	451
.pingstore/runs/exp054-r001-compute/export/evidence/gold-2/state/experiments/exp054/probe/priv_wei0_wie6_r100_T1000/config.json	1499
.pingstore/runs/exp054-r001-compute/export/evidence/gold-2/state/experiments/exp054/probe/priv_wei0_wie6_r100_T1000/metrics.json	371
.pingstore/runs/exp054-r001-compute/export/evidence/gold-2/state/experiments/exp054/probe/priv_wei0_wie6_r100_T1000/output.log	1060
.pingstore/runs/exp054-r001-compute/export/evidence/gold-2/state/experiments/exp054/probe/priv_wei0_wie6_r100_T1000/run.jsonl	451
.pingstore/runs/exp054-r001-compute/export/evidence/gold-2/state/experiments/exp054/probe/priv_wei1.2_wie0.6_r100_T1000/config.json	1503
.pingstore/runs/exp054-r001-compute/export/evidence/gold-2/state/experiments/exp054/probe/priv_wei1.2_wie0.6_r100_T1000/metrics.json	383
.pingstore/runs/exp054-r001-compute/export/evidence/gold-2/state/experiments/exp054/probe/priv_wei1.2_wie0.6_r100_T1000/output.log	1070
.pingstore/runs/exp054-r001-compute/export/evidence/gold-2/state/experiments/exp054/probe/priv_wei1.2_wie0.6_r100_T1000/run.jsonl	451
.pingstore/runs/exp054-r001-compute/export/evidence/gold-2/state/experiments/exp054/probe/priv_wei1.2_wie0_r100_T1000/config.json	1501
.pingstore/runs/exp054-r001-compute/export/evidence/gold-2/state/experiments/exp054/probe/priv_wei1.2_wie0_r100_T1000/metrics.json	389
.pingstore/runs/exp054-r001-compute/export/evidence/gold-2/state/experiments/exp054/probe/priv_wei1.2_wie0_r100_T1000/output.log	1067
.pingstore/runs/exp054-r001-compute/export/evidence/gold-2/state/experiments/exp054/probe/priv_wei1.2_wie0_r100_T1000/run.jsonl	450
.pingstore/runs/exp054-r001-compute/export/evidence/gold-2/state/experiments/exp054/probe/priv_wei1.2_wie1.2_r100_T1000/config.json	1503
.pingstore/runs/exp054-r001-compute/export/evidence/gold-2/state/experiments/exp054/probe/priv_wei1.2_wie1.2_r100_T1000/metrics.json	383
.pingstore/runs/exp054-r001-compute/export/evidence/gold-2/state/experiments/exp054/probe/priv_wei1.2_wie1.2_r100_T1000/output.log	1069
.pingstore/runs/exp054-r001-compute/export/evidence/gold-2/state/experiments/exp054/probe/priv_wei1.2_wie1.2_r100_T1000/run.jsonl	451
.pingstore/runs/exp054-r001-compute/export/evidence/gold-2/state/experiments/exp054/probe/priv_wei1.2_wie1.8_r100_T1000/config.json	1503
.pingstore/runs/exp054-r001-compute/export/evidence/gold-2/state/experiments/exp054/probe/priv_wei1.2_wie1.8_r100_T1000/metrics.json	383
.pingstore/runs/exp054-r001-compute/export/evidence/gold-2/state/experiments/exp054/probe/priv_wei1.2_wie1.8_r100_T1000/output.log	1068
.pingstore/runs/exp054-r001-compute/export/evidence/gold-2/state/experiments/exp054/probe/priv_wei1.2_wie1.8_r100_T1000/run.jsonl	451
.pingstore/runs/exp054-r001-compute/export/evidence/gold-2/state/experiments/exp054/probe/priv_wei1.2_wie2.4_r100_T1000/config.json	1503
.pingstore/runs/exp054-r001-compute/export/evidence/gold-2/state/experiments/exp054/probe/priv_wei1.2_wie2.4_r100_T1000/metrics.json	389
.pingstore/runs/exp054-r001-compute/export/evidence/gold-2/state/experiments/exp054/probe/priv_wei1.2_wie2.4_r100_T1000/output.log	1068
.pingstore/runs/exp054-r001-compute/export/evidence/gold-2/state/experiments/exp054/probe/priv_wei1.2_wie2.4_r100_T1000/run.jsonl	451
.pingstore/runs/exp054-r001-compute/export/evidence/gold-2/state/experiments/exp054/probe/priv_wei1.2_wie3.6_r100_T1000/config.json	1503
.pingstore/runs/exp054-r001-compute/export/evidence/gold-2/state/experiments/exp054/probe/priv_wei1.2_wie3.6_r100_T1000/metrics.json	387
.pingstore/runs/exp054-r001-compute/export/evidence/gold-2/state/experiments/exp054/probe/priv_wei1.2_wie3.6_r100_T1000/output.log	1068
.pingstore/runs/exp054-r001-compute/export/evidence/gold-2/state/experiments/exp054/probe/priv_wei1.2_wie3.6_r100_T1000/run.jsonl	451
.pingstore/runs/exp054-r001-compute/export/evidence/gold-2/state/experiments/exp054/probe/priv_wei1.2_wie3_r100_T1000/config.json	1501
.pingstore/runs/exp054-r001-compute/export/evidence/gold-2/state/experiments/exp054/probe/priv_wei1.2_wie3_r100_T1000/metrics.json	387
.pingstore/runs/exp054-r001-compute/export/evidence/gold-2/state/experiments/exp054/probe/priv_wei1.2_wie3_r100_T1000/output.log	1064
.pingstore/runs/exp054-r001-compute/export/evidence/gold-2/state/experiments/exp054/probe/priv_wei1.2_wie3_r100_T1000/run.jsonl	451
.pingstore/runs/exp054-r001-compute/export/evidence/gold-2/state/experiments/exp054/probe/priv_wei1.2_wie4.2_r100_T1000/config.json	1503
.pingstore/runs/exp054-r001-compute/export/evidence/gold-2/state/experiments/exp054/probe/priv_wei1.2_wie4.2_r100_T1000/metrics.json	389
.pingstore/runs/exp054-r001-compute/export/evidence/gold-2/state/experiments/exp054/probe/priv_wei1.2_wie4.2_r100_T1000/output.log	1068
.pingstore/runs/exp054-r001-compute/export/evidence/gold-2/state/experiments/exp054/probe/priv_wei1.2_wie4.2_r100_T1000/run.jsonl	451
.pingstore/runs/exp054-r001-compute/export/evidence/gold-2/state/experiments/exp054/probe/priv_wei1.2_wie4.8_r100_T1000/config.json	1503
.pingstore/runs/exp054-r001-compute/export/evidence/gold-2/state/experiments/exp054/probe/priv_wei1.2_wie4.8_r100_T1000/metrics.json	387
.pingstore/runs/exp054-r001-compute/export/evidence/gold-2/state/experiments/exp054/probe/priv_wei1.2_wie4.8_r100_T1000/output.log	1068
.pingstore/runs/exp054-r001-compute/export/evidence/gold-2/state/experiments/exp054/probe/priv_wei1.2_wie4.8_r100_T1000/run.jsonl	451
.pingstore/runs/exp054-r001-compute/export/evidence/gold-2/state/experiments/exp054/probe/priv_wei1.2_wie5.4_r100_T1000/config.json	1503
.pingstore/runs/exp054-r001-compute/export/evidence/gold-2/state/experiments/exp054/probe/priv_wei1.2_wie5.4_r100_T1000/metrics.json	387
.pingstore/runs/exp054-r001-compute/export/evidence/gold-2/state/experiments/exp054/probe/priv_wei1.2_wie5.4_r100_T1000/output.log	1068
.pingstore/runs/exp054-r001-compute/export/evidence/gold-2/state/experiments/exp054/probe/priv_wei1.2_wie5.4_r100_T1000/run.jsonl	451
.pingstore/runs/exp054-r001-compute/export/evidence/gold-2/state/experiments/exp054/probe/priv_wei1.2_wie6_r100_T1000/config.json	1501
.pingstore/runs/exp054-r001-compute/export/evidence/gold-2/state/experiments/exp054/probe/priv_wei1.2_wie6_r100_T1000/metrics.json	385
.pingstore/runs/exp054-r001-compute/export/evidence/gold-2/state/experiments/exp054/probe/priv_wei1.2_wie6_r100_T1000/output.log	1064
.pingstore/runs/exp054-r001-compute/export/evidence/gold-2/state/experiments/exp054/probe/priv_wei1.2_wie6_r100_T1000/run.jsonl	450
.pingstore/runs/exp054-r001-compute/export/evidence/gold-2/state/experiments/exp054/probe/priv_wei1.5_wie0.6_r100_T1000/config.json	1503
.pingstore/runs/exp054-r001-compute/export/evidence/gold-2/state/experiments/exp054/probe/priv_wei1.5_wie0.6_r100_T1000/metrics.json	391
.pingstore/runs/exp054-r001-compute/export/evidence/gold-2/state/experiments/exp054/probe/priv_wei1.5_wie0.6_r100_T1000/output.log	1070
.pingstore/runs/exp054-r001-compute/export/evidence/gold-2/state/experiments/exp054/probe/priv_wei1.5_wie0.6_r100_T1000/run.jsonl	452
.pingstore/runs/exp054-r001-compute/export/evidence/gold-2/state/experiments/exp054/probe/priv_wei1.5_wie0_r100_T1000/config.json	1501
.pingstore/runs/exp054-r001-compute/export/evidence/gold-2/state/experiments/exp054/probe/priv_wei1.5_wie0_r100_T1000/metrics.json	387
.pingstore/runs/exp054-r001-compute/export/evidence/gold-2/state/experiments/exp054/probe/priv_wei1.5_wie0_r100_T1000/output.log	1067
.pingstore/runs/exp054-r001-compute/export/evidence/gold-2/state/experiments/exp054/probe/priv_wei1.5_wie0_r100_T1000/run.jsonl	451
.pingstore/runs/exp054-r001-compute/export/evidence/gold-2/state/experiments/exp054/probe/priv_wei1.5_wie1.2_r100_T1000/config.json	1503
.pingstore/runs/exp054-r001-compute/export/evidence/gold-2/state/experiments/exp054/probe/priv_wei1.5_wie1.2_r100_T1000/metrics.json	383
.pingstore/runs/exp054-r001-compute/export/evidence/gold-2/state/experiments/exp054/probe/priv_wei1.5_wie1.2_r100_T1000/output.log	1068
.pingstore/runs/exp054-r001-compute/export/evidence/gold-2/state/experiments/exp054/probe/priv_wei1.5_wie1.2_r100_T1000/run.jsonl	450
.pingstore/runs/exp054-r001-compute/export/evidence/gold-2/state/experiments/exp054/probe/priv_wei1.5_wie1.8_r100_T1000/config.json	1503
.pingstore/runs/exp054-r001-compute/export/evidence/gold-2/state/experiments/exp054/probe/priv_wei1.5_wie1.8_r100_T1000/metrics.json	389
.pingstore/runs/exp054-r001-compute/export/evidence/gold-2/state/experiments/exp054/probe/priv_wei1.5_wie1.8_r100_T1000/output.log	1068
.pingstore/runs/exp054-r001-compute/export/evidence/gold-2/state/experiments/exp054/probe/priv_wei1.5_wie1.8_r100_T1000/run.jsonl	451
.pingstore/runs/exp054-r001-compute/export/evidence/gold-2/state/experiments/exp054/probe/priv_wei1.5_wie2.4_r100_T1000/config.json	1503
.pingstore/runs/exp054-r001-compute/export/evidence/gold-2/state/experiments/exp054/probe/priv_wei1.5_wie2.4_r100_T1000/metrics.json	389
.pingstore/runs/exp054-r001-compute/export/evidence/gold-2/state/experiments/exp054/probe/priv_wei1.5_wie2.4_r100_T1000/output.log	1068
.pingstore/runs/exp054-r001-compute/export/evidence/gold-2/state/experiments/exp054/probe/priv_wei1.5_wie2.4_r100_T1000/run.jsonl	451
.pingstore/runs/exp054-r001-compute/export/evidence/gold-2/state/experiments/exp054/probe/priv_wei1.5_wie3.6_r100_T1000/config.json	1503
.pingstore/runs/exp054-r001-compute/export/evidence/gold-2/state/experiments/exp054/probe/priv_wei1.5_wie3.6_r100_T1000/metrics.json	387
.pingstore/runs/exp054-r001-compute/export/evidence/gold-2/state/experiments/exp054/probe/priv_wei1.5_wie3.6_r100_T1000/output.log	1068
.pingstore/runs/exp054-r001-compute/export/evidence/gold-2/state/experiments/exp054/probe/priv_wei1.5_wie3.6_r100_T1000/run.jsonl	450
.pingstore/runs/exp054-r001-compute/export/evidence/gold-2/state/experiments/exp054/probe/priv_wei1.5_wie3_r100_T1000/config.json	1501
.pingstore/runs/exp054-r001-compute/export/evidence/gold-2/state/experiments/exp054/probe/priv_wei1.5_wie3_r100_T1000/metrics.json	385
.pingstore/runs/exp054-r001-compute/export/evidence/gold-2/state/experiments/exp054/probe/priv_wei1.5_wie3_r100_T1000/output.log	1064
.pingstore/runs/exp054-r001-compute/export/evidence/gold-2/state/experiments/exp054/probe/priv_wei1.5_wie3_r100_T1000/run.jsonl	451
.pingstore/runs/exp054-r001-compute/export/evidence/gold-2/state/experiments/exp054/probe/priv_wei1.5_wie4.2_r100_T1000/config.json	1503
.pingstore/runs/exp054-r001-compute/export/evidence/gold-2/state/experiments/exp054/probe/priv_wei1.5_wie4.2_r100_T1000/metrics.json	389
.pingstore/runs/exp054-r001-compute/export/evidence/gold-2/state/experiments/exp054/probe/priv_wei1.5_wie4.2_r100_T1000/output.log	1068
.pingstore/runs/exp054-r001-compute/export/evidence/gold-2/state/experiments/exp054/probe/priv_wei1.5_wie4.2_r100_T1000/run.jsonl	451
.pingstore/runs/exp054-r001-compute/export/evidence/gold-2/state/experiments/exp054/probe/priv_wei1.5_wie4.8_r100_T1000/config.json	1503
.pingstore/runs/exp054-r001-compute/export/evidence/gold-2/state/experiments/exp054/probe/priv_wei1.5_wie4.8_r100_T1000/metrics.json	389
.pingstore/runs/exp054-r001-compute/export/evidence/gold-2/state/experiments/exp054/probe/priv_wei1.5_wie4.8_r100_T1000/output.log	1068
.pingstore/runs/exp054-r001-compute/export/evidence/gold-2/state/experiments/exp054/probe/priv_wei1.5_wie4.8_r100_T1000/run.jsonl	451
.pingstore/runs/exp054-r001-compute/export/evidence/gold-2/state/experiments/exp054/probe/priv_wei1.5_wie5.4_r100_T1000/config.json	1503
.pingstore/runs/exp054-r001-compute/export/evidence/gold-2/state/experiments/exp054/probe/priv_wei1.5_wie5.4_r100_T1000/metrics.json	385
.pingstore/runs/exp054-r001-compute/export/evidence/gold-2/state/experiments/exp054/probe/priv_wei1.5_wie5.4_r100_T1000/output.log	1068
.pingstore/runs/exp054-r001-compute/export/evidence/gold-2/state/experiments/exp054/probe/priv_wei1.5_wie5.4_r100_T1000/run.jsonl	451
.pingstore/runs/exp054-r001-compute/export/evidence/gold-2/state/experiments/exp054/probe/priv_wei1.5_wie6_r100_T1000/config.json	1501
.pingstore/runs/exp054-r001-compute/export/evidence/gold-2/state/experiments/exp054/probe/priv_wei1.5_wie6_r100_T1000/metrics.json	389
.pingstore/runs/exp054-r001-compute/export/evidence/gold-2/state/experiments/exp054/probe/priv_wei1.5_wie6_r100_T1000/output.log	1064
.pingstore/runs/exp054-r001-compute/export/evidence/gold-2/state/experiments/exp054/probe/priv_wei1.5_wie6_r100_T1000/run.jsonl	451
.pingstore/runs/exp054-r001-compute/export/evidence/gold-2/state/experiments/exp054/probe/priv_wei1.8_wie0.6_r100_T1000/config.json	1503
.pingstore/runs/exp054-r001-compute/export/evidence/gold-2/state/experiments/exp054/probe/priv_wei1.8_wie0.6_r100_T1000/metrics.json	389
.pingstore/runs/exp054-r001-compute/export/evidence/gold-2/state/experiments/exp054/probe/priv_wei1.8_wie0.6_r100_T1000/output.log	1070
.pingstore/runs/exp054-r001-compute/export/evidence/gold-2/state/experiments/exp054/probe/priv_wei1.8_wie0.6_r100_T1000/run.jsonl	451
.pingstore/runs/exp054-r001-compute/export/evidence/gold-2/state/experiments/exp054/probe/priv_wei1.8_wie0_r100_T1000/config.json	1501
.pingstore/runs/exp054-r001-compute/export/evidence/gold-2/state/experiments/exp054/probe/priv_wei1.8_wie0_r100_T1000/metrics.json	389
.pingstore/runs/exp054-r001-compute/export/evidence/gold-2/state/experiments/exp054/probe/priv_wei1.8_wie0_r100_T1000/output.log	1067
.pingstore/runs/exp054-r001-compute/export/evidence/gold-2/state/experiments/exp054/probe/priv_wei1.8_wie0_r100_T1000/run.jsonl	450
.pingstore/runs/exp054-r001-compute/export/evidence/gold-2/state/experiments/exp054/probe/priv_wei1.8_wie1.2_r100_T1000/config.json	1503
.pingstore/runs/exp054-r001-compute/export/evidence/gold-2/state/experiments/exp054/probe/priv_wei1.8_wie1.2_r100_T1000/metrics.json	385
.pingstore/runs/exp054-r001-compute/export/evidence/gold-2/state/experiments/exp054/probe/priv_wei1.8_wie1.2_r100_T1000/output.log	1068
.pingstore/runs/exp054-r001-compute/export/evidence/gold-2/state/experiments/exp054/probe/priv_wei1.8_wie1.2_r100_T1000/run.jsonl	451
.pingstore/runs/exp054-r001-compute/export/evidence/gold-2/state/experiments/exp054/probe/priv_wei1.8_wie1.8_r100_T1000/config.json	1503
.pingstore/runs/exp054-r001-compute/export/evidence/gold-2/state/experiments/exp054/probe/priv_wei1.8_wie1.8_r100_T1000/metrics.json	389
.pingstore/runs/exp054-r001-compute/export/evidence/gold-2/state/experiments/exp054/probe/priv_wei1.8_wie1.8_r100_T1000/output.log	1068
.pingstore/runs/exp054-r001-compute/export/evidence/gold-2/state/experiments/exp054/probe/priv_wei1.8_wie1.8_r100_T1000/run.jsonl	451
.pingstore/runs/exp054-r001-compute/export/evidence/gold-2/state/experiments/exp054/probe/priv_wei1.8_wie2.4_r100_T1000/config.json	1503
.pingstore/runs/exp054-r001-compute/export/evidence/gold-2/state/experiments/exp054/probe/priv_wei1.8_wie2.4_r100_T1000/metrics.json	389
.pingstore/runs/exp054-r001-compute/export/evidence/gold-2/state/experiments/exp054/probe/priv_wei1.8_wie2.4_r100_T1000/output.log	1068
.pingstore/runs/exp054-r001-compute/export/evidence/gold-2/state/experiments/exp054/probe/priv_wei1.8_wie2.4_r100_T1000/run.jsonl	451
.pingstore/runs/exp054-r001-compute/export/evidence/gold-2/state/experiments/exp054/probe/priv_wei1.8_wie3.6_r100_T1000/config.json	1503
.pingstore/runs/exp054-r001-compute/export/evidence/gold-2/state/experiments/exp054/probe/priv_wei1.8_wie3.6_r100_T1000/metrics.json	383
.pingstore/runs/exp054-r001-compute/export/evidence/gold-2/state/experiments/exp054/probe/priv_wei1.8_wie3.6_r100_T1000/output.log	1068
.pingstore/runs/exp054-r001-compute/export/evidence/gold-2/state/experiments/exp054/probe/priv_wei1.8_wie3.6_r100_T1000/run.jsonl	451
.pingstore/runs/exp054-r001-compute/export/evidence/gold-2/state/experiments/exp054/probe/priv_wei1.8_wie3_r100_T1000/config.json	1501
.pingstore/runs/exp054-r001-compute/export/evidence/gold-2/state/experiments/exp054/probe/priv_wei1.8_wie3_r100_T1000/metrics.json	381
.pingstore/runs/exp054-r001-compute/export/evidence/gold-2/state/experiments/exp054/probe/priv_wei1.8_wie3_r100_T1000/output.log	1064
.pingstore/runs/exp054-r001-compute/export/evidence/gold-2/state/experiments/exp054/probe/priv_wei1.8_wie3_r100_T1000/run.jsonl	451
.pingstore/runs/exp054-r001-compute/export/evidence/gold-2/state/experiments/exp054/probe/priv_wei1.8_wie4.2_r100_T1000/config.json	1503
.pingstore/runs/exp054-r001-compute/export/evidence/gold-2/state/experiments/exp054/probe/priv_wei1.8_wie4.2_r100_T1000/metrics.json	383
.pingstore/runs/exp054-r001-compute/export/evidence/gold-2/state/experiments/exp054/probe/priv_wei1.8_wie4.2_r100_T1000/output.log	1068
.pingstore/runs/exp054-r001-compute/export/evidence/gold-2/state/experiments/exp054/probe/priv_wei1.8_wie4.2_r100_T1000/run.jsonl	450
.pingstore/runs/exp054-r001-compute/export/evidence/gold-2/state/experiments/exp054/probe/priv_wei1.8_wie4.8_r100_T1000/config.json	1503
.pingstore/runs/exp054-r001-compute/export/evidence/gold-2/state/experiments/exp054/probe/priv_wei1.8_wie4.8_r100_T1000/metrics.json	389
.pingstore/runs/exp054-r001-compute/export/evidence/gold-2/state/experiments/exp054/probe/priv_wei1.8_wie4.8_r100_T1000/output.log	1068
.pingstore/runs/exp054-r001-compute/export/evidence/gold-2/state/experiments/exp054/probe/priv_wei1.8_wie4.8_r100_T1000/run.jsonl	451
.pingstore/runs/exp054-r001-compute/export/evidence/gold-2/state/experiments/exp054/probe/priv_wei1.8_wie5.4_r100_T1000/config.json	1503
.pingstore/runs/exp054-r001-compute/export/evidence/gold-2/state/experiments/exp054/probe/priv_wei1.8_wie5.4_r100_T1000/metrics.json	389
.pingstore/runs/exp054-r001-compute/export/evidence/gold-2/state/experiments/exp054/probe/priv_wei1.8_wie5.4_r100_T1000/output.log	1068
.pingstore/runs/exp054-r001-compute/export/evidence/gold-2/state/experiments/exp054/probe/priv_wei1.8_wie5.4_r100_T1000/run.jsonl	451
.pingstore/runs/exp054-r001-compute/export/evidence/gold-2/state/experiments/exp054/probe/priv_wei1.8_wie6_r100_T1000/config.json	1501
.pingstore/runs/exp054-r001-compute/export/evidence/gold-2/state/experiments/exp054/probe/priv_wei1.8_wie6_r100_T1000/metrics.json	387
.pingstore/runs/exp054-r001-compute/export/evidence/gold-2/state/experiments/exp054/probe/priv_wei1.8_wie6_r100_T1000/output.log	1064
.pingstore/runs/exp054-r001-compute/export/evidence/gold-2/state/experiments/exp054/probe/priv_wei1.8_wie6_r100_T1000/run.jsonl	451
.pingstore/runs/exp054-r001-compute/export/evidence/gold-2/state/experiments/exp054/probe/priv_wei2.1_wie0.6_r100_T1000/config.json	1503
.pingstore/runs/exp054-r001-compute/export/evidence/gold-2/state/experiments/exp054/probe/priv_wei2.1_wie0.6_r100_T1000/metrics.json	389
.pingstore/runs/exp054-r001-compute/export/evidence/gold-2/state/experiments/exp054/probe/priv_wei2.1_wie0.6_r100_T1000/output.log	1070
.pingstore/runs/exp054-r001-compute/export/evidence/gold-2/state/experiments/exp054/probe/priv_wei2.1_wie0.6_r100_T1000/run.jsonl	449
.pingstore/runs/exp054-r001-compute/export/evidence/gold-2/state/experiments/exp054/probe/priv_wei2.1_wie0_r100_T1000/config.json	1501
.pingstore/runs/exp054-r001-compute/export/evidence/gold-2/state/experiments/exp054/probe/priv_wei2.1_wie0_r100_T1000/metrics.json	375
.pingstore/runs/exp054-r001-compute/export/evidence/gold-2/state/experiments/exp054/probe/priv_wei2.1_wie0_r100_T1000/output.log	1067
.pingstore/runs/exp054-r001-compute/export/evidence/gold-2/state/experiments/exp054/probe/priv_wei2.1_wie0_r100_T1000/run.jsonl	451
.pingstore/runs/exp054-r001-compute/export/evidence/gold-2/state/experiments/exp054/probe/priv_wei2.1_wie1.2_r100_T1000/config.json	1503
.pingstore/runs/exp054-r001-compute/export/evidence/gold-2/state/experiments/exp054/probe/priv_wei2.1_wie1.2_r100_T1000/metrics.json	383
.pingstore/runs/exp054-r001-compute/export/evidence/gold-2/state/experiments/exp054/probe/priv_wei2.1_wie1.2_r100_T1000/output.log	1069
.pingstore/runs/exp054-r001-compute/export/evidence/gold-2/state/experiments/exp054/probe/priv_wei2.1_wie1.2_r100_T1000/run.jsonl	451
.pingstore/runs/exp054-r001-compute/export/evidence/gold-2/state/experiments/exp054/probe/priv_wei2.1_wie1.8_r100_T1000/config.json	1503
.pingstore/runs/exp054-r001-compute/export/evidence/gold-2/state/experiments/exp054/probe/priv_wei2.1_wie1.8_r100_T1000/metrics.json	389
.pingstore/runs/exp054-r001-compute/export/evidence/gold-2/state/experiments/exp054/probe/priv_wei2.1_wie1.8_r100_T1000/output.log	1068
.pingstore/runs/exp054-r001-compute/export/evidence/gold-2/state/experiments/exp054/probe/priv_wei2.1_wie1.8_r100_T1000/run.jsonl	451
.pingstore/runs/exp054-r001-compute/export/evidence/gold-2/state/experiments/exp054/probe/priv_wei2.1_wie2.4_r100_T1000/config.json	1503
.pingstore/runs/exp054-r001-compute/export/evidence/gold-2/state/experiments/exp054/probe/priv_wei2.1_wie2.4_r100_T1000/metrics.json	387
.pingstore/runs/exp054-r001-compute/export/evidence/gold-2/state/experiments/exp054/probe/priv_wei2.1_wie2.4_r100_T1000/output.log	1068
.pingstore/runs/exp054-r001-compute/export/evidence/gold-2/state/experiments/exp054/probe/priv_wei2.1_wie2.4_r100_T1000/run.jsonl	451
.pingstore/runs/exp054-r001-compute/export/evidence/gold-2/state/experiments/exp054/probe/priv_wei2.1_wie3.6_r100_T1000/config.json	1503
.pingstore/runs/exp054-r001-compute/export/evidence/gold-2/state/experiments/exp054/probe/priv_wei2.1_wie3.6_r100_T1000/metrics.json	387
.pingstore/runs/exp054-r001-compute/export/evidence/gold-2/state/experiments/exp054/probe/priv_wei2.1_wie3.6_r100_T1000/output.log	1068
.pingstore/runs/exp054-r001-compute/export/evidence/gold-2/state/experiments/exp054/probe/priv_wei2.1_wie3.6_r100_T1000/run.jsonl	451
.pingstore/runs/exp054-r001-compute/export/evidence/gold-2/state/experiments/exp054/probe/priv_wei2.1_wie3_r100_T1000/config.json	1501
.pingstore/runs/exp054-r001-compute/export/evidence/gold-2/state/experiments/exp054/probe/priv_wei2.1_wie3_r100_T1000/metrics.json	387
.pingstore/runs/exp054-r001-compute/export/evidence/gold-2/state/experiments/exp054/probe/priv_wei2.1_wie3_r100_T1000/output.log	1064
.pingstore/runs/exp054-r001-compute/export/evidence/gold-2/state/experiments/exp054/probe/priv_wei2.1_wie3_r100_T1000/run.jsonl	451
.pingstore/runs/exp054-r001-compute/export/evidence/gold-2/state/experiments/exp054/probe/priv_wei2.1_wie4.2_r100_T1000/config.json	1503
.pingstore/runs/exp054-r001-compute/export/evidence/gold-2/state/experiments/exp054/probe/priv_wei2.1_wie4.2_r100_T1000/metrics.json	389
.pingstore/runs/exp054-r001-compute/export/evidence/gold-2/state/experiments/exp054/probe/priv_wei2.1_wie4.2_r100_T1000/output.log	1068
.pingstore/runs/exp054-r001-compute/export/evidence/gold-2/state/experiments/exp054/probe/priv_wei2.1_wie4.2_r100_T1000/run.jsonl	451
.pingstore/runs/exp054-r001-compute/export/evidence/gold-2/state/experiments/exp054/probe/priv_wei2.1_wie4.8_r100_T1000/config.json	1503
.pingstore/runs/exp054-r001-compute/export/evidence/gold-2/state/experiments/exp054/probe/priv_wei2.1_wie4.8_r100_T1000/metrics.json	385
.pingstore/runs/exp054-r001-compute/export/evidence/gold-2/state/experiments/exp054/probe/priv_wei2.1_wie4.8_r100_T1000/output.log	1068
.pingstore/runs/exp054-r001-compute/export/evidence/gold-2/state/experiments/exp054/probe/priv_wei2.1_wie4.8_r100_T1000/run.jsonl	451
.pingstore/runs/exp054-r001-compute/export/evidence/gold-2/state/experiments/exp054/probe/priv_wei2.1_wie5.4_r100_T1000/config.json	1503
.pingstore/runs/exp054-r001-compute/export/evidence/gold-2/state/experiments/exp054/probe/priv_wei2.1_wie5.4_r100_T1000/metrics.json	383
.pingstore/runs/exp054-r001-compute/export/evidence/gold-2/state/experiments/exp054/probe/priv_wei2.1_wie5.4_r100_T1000/output.log	1068
.pingstore/runs/exp054-r001-compute/export/evidence/gold-2/state/experiments/exp054/probe/priv_wei2.1_wie5.4_r100_T1000/run.jsonl	450
.pingstore/runs/exp054-r001-compute/export/evidence/gold-2/state/experiments/exp054/probe/priv_wei2.1_wie6_r100_T1000/config.json	1501
.pingstore/runs/exp054-r001-compute/export/evidence/gold-2/state/experiments/exp054/probe/priv_wei2.1_wie6_r100_T1000/metrics.json	389
.pingstore/runs/exp054-r001-compute/export/evidence/gold-2/state/experiments/exp054/probe/priv_wei2.1_wie6_r100_T1000/output.log	1064
.pingstore/runs/exp054-r001-compute/export/evidence/gold-2/state/experiments/exp054/probe/priv_wei2.1_wie6_r100_T1000/run.jsonl	450
.pingstore/runs/exp054-r001-compute/export/evidence/gold-2/state/experiments/exp054/probe/priv_wei2.4_wie0.6_r100_T1000/config.json	1503
.pingstore/runs/exp054-r001-compute/export/evidence/gold-2/state/experiments/exp054/probe/priv_wei2.4_wie0.6_r100_T1000/metrics.json	389
.pingstore/runs/exp054-r001-compute/export/evidence/gold-2/state/experiments/exp054/probe/priv_wei2.4_wie0.6_r100_T1000/output.log	1069
.pingstore/runs/exp054-r001-compute/export/evidence/gold-2/state/experiments/exp054/probe/priv_wei2.4_wie0.6_r100_T1000/run.jsonl	451
.pingstore/runs/exp054-r001-compute/export/evidence/gold-2/state/experiments/exp054/probe/priv_wei2.4_wie0_r100_T1000/config.json	1501
.pingstore/runs/exp054-r001-compute/export/evidence/gold-2/state/experiments/exp054/probe/priv_wei2.4_wie0_r100_T1000/metrics.json	389
.pingstore/runs/exp054-r001-compute/export/evidence/gold-2/state/experiments/exp054/probe/priv_wei2.4_wie0_r100_T1000/output.log	1067
.pingstore/runs/exp054-r001-compute/export/evidence/gold-2/state/experiments/exp054/probe/priv_wei2.4_wie0_r100_T1000/run.jsonl	451
.pingstore/runs/exp054-r001-compute/export/evidence/gold-2/state/experiments/exp054/probe/priv_wei2.4_wie1.2_r100_T1000/config.json	1503
.pingstore/runs/exp054-r001-compute/export/evidence/gold-2/state/experiments/exp054/probe/priv_wei2.4_wie1.2_r100_T1000/metrics.json	389
.pingstore/runs/exp054-r001-compute/export/evidence/gold-2/state/experiments/exp054/probe/priv_wei2.4_wie1.2_r100_T1000/output.log	1069
.pingstore/runs/exp054-r001-compute/export/evidence/gold-2/state/experiments/exp054/probe/priv_wei2.4_wie1.2_r100_T1000/run.jsonl	451
.pingstore/runs/exp054-r001-compute/export/evidence/gold-2/state/experiments/exp054/probe/priv_wei2.4_wie1.8_r100_T1000/config.json	1503
.pingstore/runs/exp054-r001-compute/export/evidence/gold-2/state/experiments/exp054/probe/priv_wei2.4_wie1.8_r100_T1000/metrics.json	385
.pingstore/runs/exp054-r001-compute/export/evidence/gold-2/state/experiments/exp054/probe/priv_wei2.4_wie1.8_r100_T1000/output.log	1068
.pingstore/runs/exp054-r001-compute/export/evidence/gold-2/state/experiments/exp054/probe/priv_wei2.4_wie1.8_r100_T1000/run.jsonl	451
.pingstore/runs/exp054-r001-compute/export/evidence/gold-2/state/experiments/exp054/probe/priv_wei2.4_wie2.4_r100_T1000/config.json	1503
.pingstore/runs/exp054-r001-compute/export/evidence/gold-2/state/experiments/exp054/probe/priv_wei2.4_wie2.4_r100_T1000/metrics.json	389
.pingstore/runs/exp054-r001-compute/export/evidence/gold-2/state/experiments/exp054/probe/priv_wei2.4_wie2.4_r100_T1000/output.log	1068
.pingstore/runs/exp054-r001-compute/export/evidence/gold-2/state/experiments/exp054/probe/priv_wei2.4_wie2.4_r100_T1000/run.jsonl	451
.pingstore/runs/exp054-r001-compute/export/evidence/gold-2/state/experiments/exp054/probe/priv_wei2.4_wie3.6_r100_T1000/config.json	1503
.pingstore/runs/exp054-r001-compute/export/evidence/gold-2/state/experiments/exp054/probe/priv_wei2.4_wie3.6_r100_T1000/metrics.json	389
.pingstore/runs/exp054-r001-compute/export/evidence/gold-2/state/experiments/exp054/probe/priv_wei2.4_wie3.6_r100_T1000/output.log	1068
.pingstore/runs/exp054-r001-compute/export/evidence/gold-2/state/experiments/exp054/probe/priv_wei2.4_wie3.6_r100_T1000/run.jsonl	451
.pingstore/runs/exp054-r001-compute/export/evidence/gold-2/state/experiments/exp054/probe/priv_wei2.4_wie3_r100_T1000/config.json	1501
.pingstore/runs/exp054-r001-compute/export/evidence/gold-2/state/experiments/exp054/probe/priv_wei2.4_wie3_r100_T1000/metrics.json	389
.pingstore/runs/exp054-r001-compute/export/evidence/gold-2/state/experiments/exp054/probe/priv_wei2.4_wie3_r100_T1000/output.log	1064
.pingstore/runs/exp054-r001-compute/export/evidence/gold-2/state/experiments/exp054/probe/priv_wei2.4_wie3_r100_T1000/run.jsonl	451
.pingstore/runs/exp054-r001-compute/export/evidence/gold-2/state/experiments/exp054/probe/priv_wei2.4_wie4.2_r100_T1000/config.json	1503
.pingstore/runs/exp054-r001-compute/export/evidence/gold-2/state/experiments/exp054/probe/priv_wei2.4_wie4.2_r100_T1000/metrics.json	369
.pingstore/runs/exp054-r001-compute/export/evidence/gold-2/state/experiments/exp054/probe/priv_wei2.4_wie4.2_r100_T1000/output.log	1068
.pingstore/runs/exp054-r001-compute/export/evidence/gold-2/state/experiments/exp054/probe/priv_wei2.4_wie4.2_r100_T1000/run.jsonl	451
.pingstore/runs/exp054-r001-compute/export/evidence/gold-2/state/experiments/exp054/probe/priv_wei2.4_wie4.8_r100_T1000/config.json	1503
.pingstore/runs/exp054-r001-compute/export/evidence/gold-2/state/experiments/exp054/probe/priv_wei2.4_wie4.8_r100_T1000/metrics.json	389
.pingstore/runs/exp054-r001-compute/export/evidence/gold-2/state/experiments/exp054/probe/priv_wei2.4_wie4.8_r100_T1000/output.log	1068
.pingstore/runs/exp054-r001-compute/export/evidence/gold-2/state/experiments/exp054/probe/priv_wei2.4_wie4.8_r100_T1000/run.jsonl	451
.pingstore/runs/exp054-r001-compute/export/evidence/gold-2/state/experiments/exp054/probe/priv_wei2.4_wie5.4_r100_T1000/config.json	1503
.pingstore/runs/exp054-r001-compute/export/evidence/gold-2/state/experiments/exp054/probe/priv_wei2.4_wie5.4_r100_T1000/metrics.json	389
.pingstore/runs/exp054-r001-compute/export/evidence/gold-2/state/experiments/exp054/probe/priv_wei2.4_wie5.4_r100_T1000/output.log	1068
.pingstore/runs/exp054-r001-compute/export/evidence/gold-2/state/experiments/exp054/probe/priv_wei2.4_wie5.4_r100_T1000/run.jsonl	450
.pingstore/runs/exp054-r001-compute/export/evidence/gold-2/state/experiments/exp054/probe/priv_wei2.4_wie6_r100_T1000/config.json	1501
.pingstore/runs/exp054-r001-compute/export/evidence/gold-2/state/experiments/exp054/probe/priv_wei2.4_wie6_r100_T1000/metrics.json	389
.pingstore/runs/exp054-r001-compute/export/evidence/gold-2/state/experiments/exp054/probe/priv_wei2.4_wie6_r100_T1000/output.log	1064
.pingstore/runs/exp054-r001-compute/export/evidence/gold-2/state/experiments/exp054/probe/priv_wei2.4_wie6_r100_T1000/run.jsonl	451
.pingstore/runs/exp054-r001-compute/export/evidence/gold-2/state/experiments/exp054/probe/priv_wei2.7_wie0.6_r100_T1000/config.json	1503
.pingstore/runs/exp054-r001-compute/export/evidence/gold-2/state/experiments/exp054/probe/priv_wei2.7_wie0.6_r100_T1000/metrics.json	389
.pingstore/runs/exp054-r001-compute/export/evidence/gold-2/state/experiments/exp054/probe/priv_wei2.7_wie0.6_r100_T1000/output.log	1069
.pingstore/runs/exp054-r001-compute/export/evidence/gold-2/state/experiments/exp054/probe/priv_wei2.7_wie0.6_r100_T1000/run.jsonl	452
.pingstore/runs/exp054-r001-compute/export/evidence/gold-2/state/experiments/exp054/probe/priv_wei2.7_wie0_r100_T1000/config.json	1501
.pingstore/runs/exp054-r001-compute/export/evidence/gold-2/state/experiments/exp054/probe/priv_wei2.7_wie0_r100_T1000/metrics.json	389
.pingstore/runs/exp054-r001-compute/export/evidence/gold-2/state/experiments/exp054/probe/priv_wei2.7_wie0_r100_T1000/output.log	1067
.pingstore/runs/exp054-r001-compute/export/evidence/gold-2/state/experiments/exp054/probe/priv_wei2.7_wie0_r100_T1000/run.jsonl	451
.pingstore/runs/exp054-r001-compute/export/evidence/gold-2/state/experiments/exp054/probe/priv_wei2.7_wie1.2_r100_T1000/config.json	1503
.pingstore/runs/exp054-r001-compute/export/evidence/gold-2/state/experiments/exp054/probe/priv_wei2.7_wie1.2_r100_T1000/metrics.json	385
.pingstore/runs/exp054-r001-compute/export/evidence/gold-2/state/experiments/exp054/probe/priv_wei2.7_wie1.2_r100_T1000/output.log	1069
.pingstore/runs/exp054-r001-compute/export/evidence/gold-2/state/experiments/exp054/probe/priv_wei2.7_wie1.2_r100_T1000/run.jsonl	452
.pingstore/runs/exp054-r001-compute/export/evidence/gold-2/state/experiments/exp054/probe/priv_wei2.7_wie1.8_r100_T1000/config.json	1503
.pingstore/runs/exp054-r001-compute/export/evidence/gold-2/state/experiments/exp054/probe/priv_wei2.7_wie1.8_r100_T1000/metrics.json	389
.pingstore/runs/exp054-r001-compute/export/evidence/gold-2/state/experiments/exp054/probe/priv_wei2.7_wie1.8_r100_T1000/output.log	1068
.pingstore/runs/exp054-r001-compute/export/evidence/gold-2/state/experiments/exp054/probe/priv_wei2.7_wie1.8_r100_T1000/run.jsonl	451
.pingstore/runs/exp054-r001-compute/export/evidence/gold-2/state/experiments/exp054/probe/priv_wei2.7_wie2.4_r100_T1000/config.json	1503
.pingstore/runs/exp054-r001-compute/export/evidence/gold-2/state/experiments/exp054/probe/priv_wei2.7_wie2.4_r100_T1000/metrics.json	385
.pingstore/runs/exp054-r001-compute/export/evidence/gold-2/state/experiments/exp054/probe/priv_wei2.7_wie2.4_r100_T1000/output.log	1068
.pingstore/runs/exp054-r001-compute/export/evidence/gold-2/state/experiments/exp054/probe/priv_wei2.7_wie2.4_r100_T1000/run.jsonl	451
.pingstore/runs/exp054-r001-compute/export/evidence/gold-2/state/experiments/exp054/probe/priv_wei2.7_wie3.6_r100_T1000/config.json	1503
.pingstore/runs/exp054-r001-compute/export/evidence/gold-2/state/experiments/exp054/probe/priv_wei2.7_wie3.6_r100_T1000/metrics.json	381
.pingstore/runs/exp054-r001-compute/export/evidence/gold-2/state/experiments/exp054/probe/priv_wei2.7_wie3.6_r100_T1000/output.log	1068
.pingstore/runs/exp054-r001-compute/export/evidence/gold-2/state/experiments/exp054/probe/priv_wei2.7_wie3.6_r100_T1000/run.jsonl	451
.pingstore/runs/exp054-r001-compute/export/evidence/gold-2/state/experiments/exp054/probe/priv_wei2.7_wie3_r100_T1000/config.json	1501
.pingstore/runs/exp054-r001-compute/export/evidence/gold-2/state/experiments/exp054/probe/priv_wei2.7_wie3_r100_T1000/metrics.json	383
.pingstore/runs/exp054-r001-compute/export/evidence/gold-2/state/experiments/exp054/probe/priv_wei2.7_wie3_r100_T1000/output.log	1064
.pingstore/runs/exp054-r001-compute/export/evidence/gold-2/state/experiments/exp054/probe/priv_wei2.7_wie3_r100_T1000/run.jsonl	451
.pingstore/runs/exp054-r001-compute/export/evidence/gold-2/state/experiments/exp054/probe/priv_wei2.7_wie4.2_r100_T1000/config.json	1503
.pingstore/runs/exp054-r001-compute/export/evidence/gold-2/state/experiments/exp054/probe/priv_wei2.7_wie4.2_r100_T1000/metrics.json	375
.pingstore/runs/exp054-r001-compute/export/evidence/gold-2/state/experiments/exp054/probe/priv_wei2.7_wie4.2_r100_T1000/output.log	1068
.pingstore/runs/exp054-r001-compute/export/evidence/gold-2/state/experiments/exp054/probe/priv_wei2.7_wie4.2_r100_T1000/run.jsonl	451
.pingstore/runs/exp054-r001-compute/export/evidence/gold-2/state/experiments/exp054/probe/priv_wei2.7_wie4.8_r100_T1000/config.json	1503
.pingstore/runs/exp054-r001-compute/export/evidence/gold-2/state/experiments/exp054/probe/priv_wei2.7_wie4.8_r100_T1000/metrics.json	375
.pingstore/runs/exp054-r001-compute/export/evidence/gold-2/state/experiments/exp054/probe/priv_wei2.7_wie4.8_r100_T1000/output.log	1068
.pingstore/runs/exp054-r001-compute/export/evidence/gold-2/state/experiments/exp054/probe/priv_wei2.7_wie4.8_r100_T1000/run.jsonl	451
.pingstore/runs/exp054-r001-compute/export/evidence/gold-2/state/experiments/exp054/probe/priv_wei2.7_wie5.4_r100_T1000/config.json	1503
.pingstore/runs/exp054-r001-compute/export/evidence/gold-2/state/experiments/exp054/probe/priv_wei2.7_wie5.4_r100_T1000/metrics.json	385
.pingstore/runs/exp054-r001-compute/export/evidence/gold-2/state/experiments/exp054/probe/priv_wei2.7_wie5.4_r100_T1000/output.log	1068
.pingstore/runs/exp054-r001-compute/export/evidence/gold-2/state/experiments/exp054/probe/priv_wei2.7_wie5.4_r100_T1000/run.jsonl	451
.pingstore/runs/exp054-r001-compute/export/evidence/gold-2/state/experiments/exp054/probe/priv_wei2.7_wie6_r100_T1000/config.json	1501
.pingstore/runs/exp054-r001-compute/export/evidence/gold-2/state/experiments/exp054/probe/priv_wei2.7_wie6_r100_T1000/metrics.json	389
.pingstore/runs/exp054-r001-compute/export/evidence/gold-2/state/experiments/exp054/probe/priv_wei2.7_wie6_r100_T1000/output.log	1064
.pingstore/runs/exp054-r001-compute/export/evidence/gold-2/state/experiments/exp054/probe/priv_wei2.7_wie6_r100_T1000/run.jsonl	451
.pingstore/runs/exp054-r001-compute/export/evidence/gold-2/state/experiments/exp054/probe/priv_wei3_wie0.6_r100_T1000/config.json	1501
.pingstore/runs/exp054-r001-compute/export/evidence/gold-2/state/experiments/exp054/probe/priv_wei3_wie0.6_r100_T1000/metrics.json	387
.pingstore/runs/exp054-r001-compute/export/evidence/gold-2/state/experiments/exp054/probe/priv_wei3_wie0.6_r100_T1000/output.log	1065
.pingstore/runs/exp054-r001-compute/export/evidence/gold-2/state/experiments/exp054/probe/priv_wei3_wie0.6_r100_T1000/run.jsonl	451
.pingstore/runs/exp054-r001-compute/export/evidence/gold-2/state/experiments/exp054/probe/priv_wei3_wie0_r100_T1000/config.json	1499
.pingstore/runs/exp054-r001-compute/export/evidence/gold-2/state/experiments/exp054/probe/priv_wei3_wie0_r100_T1000/metrics.json	389
.pingstore/runs/exp054-r001-compute/export/evidence/gold-2/state/experiments/exp054/probe/priv_wei3_wie0_r100_T1000/output.log	1063
.pingstore/runs/exp054-r001-compute/export/evidence/gold-2/state/experiments/exp054/probe/priv_wei3_wie0_r100_T1000/run.jsonl	451
.pingstore/runs/exp054-r001-compute/export/evidence/gold-2/state/experiments/exp054/probe/priv_wei3_wie1.2_r100_T1000/config.json	1501
.pingstore/runs/exp054-r001-compute/export/evidence/gold-2/state/experiments/exp054/probe/priv_wei3_wie1.2_r100_T1000/metrics.json	385
.pingstore/runs/exp054-r001-compute/export/evidence/gold-2/state/experiments/exp054/probe/priv_wei3_wie1.2_r100_T1000/output.log	1065
.pingstore/runs/exp054-r001-compute/export/evidence/gold-2/state/experiments/exp054/probe/priv_wei3_wie1.2_r100_T1000/run.jsonl	452
.pingstore/runs/exp054-r001-compute/export/evidence/gold-2/state/experiments/exp054/probe/priv_wei3_wie1.8_r100_T1000/config.json	1501
.pingstore/runs/exp054-r001-compute/export/evidence/gold-2/state/experiments/exp054/probe/priv_wei3_wie1.8_r100_T1000/metrics.json	375
.pingstore/runs/exp054-r001-compute/export/evidence/gold-2/state/experiments/exp054/probe/priv_wei3_wie1.8_r100_T1000/output.log	1064
.pingstore/runs/exp054-r001-compute/export/evidence/gold-2/state/experiments/exp054/probe/priv_wei3_wie1.8_r100_T1000/run.jsonl	451
.pingstore/runs/exp054-r001-compute/export/evidence/gold-2/state/experiments/exp054/probe/priv_wei3_wie2.4_r100_T1000/config.json	1501
.pingstore/runs/exp054-r001-compute/export/evidence/gold-2/state/experiments/exp054/probe/priv_wei3_wie2.4_r100_T1000/metrics.json	385
.pingstore/runs/exp054-r001-compute/export/evidence/gold-2/state/experiments/exp054/probe/priv_wei3_wie2.4_r100_T1000/output.log	1064
.pingstore/runs/exp054-r001-compute/export/evidence/gold-2/state/experiments/exp054/probe/priv_wei3_wie2.4_r100_T1000/run.jsonl	451
.pingstore/runs/exp054-r001-compute/export/evidence/gold-2/state/experiments/exp054/probe/priv_wei3_wie3.6_r100_T1000/config.json	1501
.pingstore/runs/exp054-r001-compute/export/evidence/gold-2/state/experiments/exp054/probe/priv_wei3_wie3.6_r100_T1000/metrics.json	381
.pingstore/runs/exp054-r001-compute/export/evidence/gold-2/state/experiments/exp054/probe/priv_wei3_wie3.6_r100_T1000/output.log	1064
.pingstore/runs/exp054-r001-compute/export/evidence/gold-2/state/experiments/exp054/probe/priv_wei3_wie3.6_r100_T1000/run.jsonl	451
.pingstore/runs/exp054-r001-compute/export/evidence/gold-2/state/experiments/exp054/probe/priv_wei3_wie3_r100_T1000/config.json	1499
.pingstore/runs/exp054-r001-compute/export/evidence/gold-2/state/experiments/exp054/probe/priv_wei3_wie3_r100_T1000/metrics.json	381
.pingstore/runs/exp054-r001-compute/export/evidence/gold-2/state/experiments/exp054/probe/priv_wei3_wie3_r100_T1000/output.log	1060
.pingstore/runs/exp054-r001-compute/export/evidence/gold-2/state/experiments/exp054/probe/priv_wei3_wie3_r100_T1000/run.jsonl	451
.pingstore/runs/exp054-r001-compute/export/evidence/gold-2/state/experiments/exp054/probe/priv_wei3_wie4.2_r100_T1000/config.json	1501
.pingstore/runs/exp054-r001-compute/export/evidence/gold-2/state/experiments/exp054/probe/priv_wei3_wie4.2_r100_T1000/metrics.json	383
.pingstore/runs/exp054-r001-compute/export/evidence/gold-2/state/experiments/exp054/probe/priv_wei3_wie4.2_r100_T1000/output.log	1064
.pingstore/runs/exp054-r001-compute/export/evidence/gold-2/state/experiments/exp054/probe/priv_wei3_wie4.2_r100_T1000/run.jsonl	451
.pingstore/runs/exp054-r001-compute/export/evidence/gold-2/state/experiments/exp054/probe/priv_wei3_wie4.8_r100_T1000/config.json	1501
.pingstore/runs/exp054-r001-compute/export/evidence/gold-2/state/experiments/exp054/probe/priv_wei3_wie4.8_r100_T1000/metrics.json	389
.pingstore/runs/exp054-r001-compute/export/evidence/gold-2/state/experiments/exp054/probe/priv_wei3_wie4.8_r100_T1000/output.log	1064
.pingstore/runs/exp054-r001-compute/export/evidence/gold-2/state/experiments/exp054/probe/priv_wei3_wie4.8_r100_T1000/run.jsonl	451
.pingstore/runs/exp054-r001-compute/export/evidence/gold-2/state/experiments/exp054/probe/priv_wei3_wie5.4_r100_T1000/config.json	1501
.pingstore/runs/exp054-r001-compute/export/evidence/gold-2/state/experiments/exp054/probe/priv_wei3_wie5.4_r100_T1000/metrics.json	387
.pingstore/runs/exp054-r001-compute/export/evidence/gold-2/state/experiments/exp054/probe/priv_wei3_wie5.4_r100_T1000/output.log	1064
.pingstore/runs/exp054-r001-compute/export/evidence/gold-2/state/experiments/exp054/probe/priv_wei3_wie5.4_r100_T1000/run.jsonl	451
.pingstore/runs/exp054-r001-compute/export/evidence/gold-2/state/experiments/exp054/probe/priv_wei3_wie6_r100_T1000/config.json	1499
.pingstore/runs/exp054-r001-compute/export/evidence/gold-2/state/experiments/exp054/probe/priv_wei3_wie6_r100_T1000/metrics.json	387
.pingstore/runs/exp054-r001-compute/export/evidence/gold-2/state/experiments/exp054/probe/priv_wei3_wie6_r100_T1000/output.log	1060
.pingstore/runs/exp054-r001-compute/export/evidence/gold-2/state/experiments/exp054/probe/priv_wei3_wie6_r100_T1000/run.jsonl	450
.pingstore/runs/exp054-r001-compute/export/evidence/gold-2/state/experiments/exp054/probe/shared_wei0_wie0_r100_T1000/config.json	1540
.pingstore/runs/exp054-r001-compute/export/evidence/gold-2/state/experiments/exp054/probe/shared_wei0_wie0_r100_T1000/metrics.json	373
.pingstore/runs/exp054-r001-compute/export/evidence/gold-2/state/experiments/exp054/probe/shared_wei0_wie0_r100_T1000/output.log	1064
.pingstore/runs/exp054-r001-compute/export/evidence/gold-2/state/experiments/exp054/probe/shared_wei0_wie0_r100_T1000/run.jsonl	451
.pingstore/runs/exp054-r001-compute/export/evidence/gold-2/state/experiments/exp054/probe/shared_wei0_wie0_r12_T1000/config.json	1538
.pingstore/runs/exp054-r001-compute/export/evidence/gold-2/state/experiments/exp054/probe/shared_wei0_wie0_r12_T1000/metrics.json	362
.pingstore/runs/exp054-r001-compute/export/evidence/gold-2/state/experiments/exp054/probe/shared_wei0_wie0_r12_T1000/output.log	1056
.pingstore/runs/exp054-r001-compute/export/evidence/gold-2/state/experiments/exp054/probe/shared_wei0_wie0_r12_T1000/run.jsonl	450
.pingstore/runs/exp054-r001-compute/export/evidence/gold-2/state/experiments/exp054/probe/shared_wei0_wie0_r16_T1000/config.json	1538
.pingstore/runs/exp054-r001-compute/export/evidence/gold-2/state/experiments/exp054/probe/shared_wei0_wie0_r16_T1000/metrics.json	362
.pingstore/runs/exp054-r001-compute/export/evidence/gold-2/state/experiments/exp054/probe/shared_wei0_wie0_r16_T1000/output.log	1057
.pingstore/runs/exp054-r001-compute/export/evidence/gold-2/state/experiments/exp054/probe/shared_wei0_wie0_r16_T1000/run.jsonl	450
.pingstore/runs/exp054-r001-compute/export/evidence/gold-2/state/experiments/exp054/probe/shared_wei0_wie0_r20_T1000/config.json	1538
.pingstore/runs/exp054-r001-compute/export/evidence/gold-2/state/experiments/exp054/probe/shared_wei0_wie0_r20_T1000/metrics.json	366
.pingstore/runs/exp054-r001-compute/export/evidence/gold-2/state/experiments/exp054/probe/shared_wei0_wie0_r20_T1000/output.log	1058
.pingstore/runs/exp054-r001-compute/export/evidence/gold-2/state/experiments/exp054/probe/shared_wei0_wie0_r20_T1000/run.jsonl	450
.pingstore/runs/exp054-r001-compute/export/evidence/gold-2/state/experiments/exp054/probe/shared_wei0_wie0_r28_T1000/config.json	1538
.pingstore/runs/exp054-r001-compute/export/evidence/gold-2/state/experiments/exp054/probe/shared_wei0_wie0_r28_T1000/metrics.json	374
.pingstore/runs/exp054-r001-compute/export/evidence/gold-2/state/experiments/exp054/probe/shared_wei0_wie0_r28_T1000/output.log	1059
.pingstore/runs/exp054-r001-compute/export/evidence/gold-2/state/experiments/exp054/probe/shared_wei0_wie0_r28_T1000/run.jsonl	450
.pingstore/runs/exp054-r001-compute/export/evidence/gold-2/state/experiments/exp054/probe/shared_wei0_wie0_r40_T1000/config.json	1538
.pingstore/runs/exp054-r001-compute/export/evidence/gold-2/state/experiments/exp054/probe/shared_wei0_wie0_r40_T1000/metrics.json	374
.pingstore/runs/exp054-r001-compute/export/evidence/gold-2/state/experiments/exp054/probe/shared_wei0_wie0_r40_T1000/output.log	1059
.pingstore/runs/exp054-r001-compute/export/evidence/gold-2/state/experiments/exp054/probe/shared_wei0_wie0_r40_T1000/run.jsonl	451
.pingstore/runs/exp054-r001-compute/export/evidence/gold-2/state/experiments/exp054/probe/shared_wei0_wie0_r60_T1000/config.json	1538
.pingstore/runs/exp054-r001-compute/export/evidence/gold-2/state/experiments/exp054/probe/shared_wei0_wie0_r60_T1000/metrics.json	374
.pingstore/runs/exp054-r001-compute/export/evidence/gold-2/state/experiments/exp054/probe/shared_wei0_wie0_r60_T1000/output.log	1060
.pingstore/runs/exp054-r001-compute/export/evidence/gold-2/state/experiments/exp054/probe/shared_wei0_wie0_r60_T1000/run.jsonl	450
.pingstore/runs/exp054-r001-compute/export/evidence/gold-2/state/experiments/exp054/probe/shared_wei0_wie0_r8_T1000/config.json	1536
.pingstore/runs/exp054-r001-compute/export/evidence/gold-2/state/experiments/exp054/probe/shared_wei0_wie0_r8_T1000/metrics.json	369
.pingstore/runs/exp054-r001-compute/export/evidence/gold-2/state/experiments/exp054/probe/shared_wei0_wie0_r8_T1000/output.log	1052
.pingstore/runs/exp054-r001-compute/export/evidence/gold-2/state/experiments/exp054/probe/shared_wei0_wie0_r8_T1000/run.jsonl	449
.pingstore/runs/exp054-r001-compute/export/evidence/import-plan.json	545096
.pingstore/runs/exp054-r001-compute/export/evidence/import_gold2.py	12842
.pingstore/runs/exp054-r001-compute/export/evidence/producer-code/experiments/exp033.py	47129
.pingstore/runs/exp054-r001-compute/export/evidence/producer-code/experiments/exp054.py	46411
.pingstore/runs/exp054-r001-compute/export/evidence/producer-code/experiments/helpers/rhythmicity.py	4577
.pingstore/runs/exp054-r001-compute/export/evidence/producer-code/uv.lock	676131
.pingstore/runs/exp054-r001-compute/export/evidence/verification.json	11717
.pingstore/runs/exp074-r001-compute/export/evidence/simulator.json	766
.pingstore/runs/exp074-r001-compute/export/evidence/simulator.stderr	0
.pingstore/runs/exp074-r001-compute/export/evidence/simulator.stdout	1109
.pingstore/runs/exp074-r003-compute/export/evidence/simulator.json	766
.pingstore/runs/exp074-r003-compute/export/evidence/simulator.stderr	0
.pingstore/runs/exp074-r003-compute/export/evidence/simulator.stdout	1109
.pingstore/runs/exp074-r003-compute/export/evidence/simulator/output.log	1109
.pingstore/runs/exp074-r003-compute/export/evidence/simulator/run.jsonl	458
.pingstore/runs/exp075-r001-compute/export/evidence/simulator.json	626
.pingstore/runs/exp075-r001-compute/export/evidence/simulator.stderr	0
.pingstore/runs/exp075-r001-compute/export/evidence/simulator.stdout	2877
.pingstore/runs/exp075-r002-compute/export/evidence/simulator.json	626
.pingstore/runs/exp075-r002-compute/export/evidence/simulator.stderr	0
.pingstore/runs/exp075-r002-compute/export/evidence/simulator.stdout	2731
.pingstore/runs/exp075-r002-compute/export/evidence/simulator/output.log	2731
.pingstore/runs/exp075-r002-compute/export/evidence/simulator/run.jsonl	2595
.pingstore/runs/exp076-r001-compute/export/evidence/bundle_load_legacy_checkpoint.json	753
.pingstore/runs/exp076-r001-compute/export/evidence/bundle_load_legacy_checkpoint.stderr	0
.pingstore/runs/exp076-r001-compute/export/evidence/bundle_load_legacy_checkpoint.stdout	976
.pingstore/runs/exp076-r001-compute/export/evidence/bundle_load_legacy_checkpoint/output.log	976
.pingstore/runs/exp076-r001-compute/export/evidence/bundle_load_legacy_checkpoint/run.jsonl	455
.pingstore/runs/exp076-r001-compute/export/evidence/bundle_replay_final.json	749
.pingstore/runs/exp076-r001-compute/export/evidence/bundle_replay_final.stderr	0
.pingstore/runs/exp076-r001-compute/export/evidence/bundle_replay_final.stdout	972
.pingstore/runs/exp076-r001-compute/export/evidence/bundle_replay_final/output.log	972
.pingstore/runs/exp076-r001-compute/export/evidence/bundle_replay_final/run.jsonl	455
.pingstore/runs/exp076-r001-compute/export/evidence/bundle_replay_selected.json	746
.pingstore/runs/exp076-r001-compute/export/evidence/bundle_replay_selected.stderr	0
.pingstore/runs/exp076-r001-compute/export/evidence/bundle_replay_selected.stdout	969
.pingstore/runs/exp076-r001-compute/export/evidence/bundle_replay_selected/output.log	969
.pingstore/runs/exp076-r001-compute/export/evidence/bundle_replay_selected/run.jsonl	455
.pingstore/runs/exp076-r001-compute/export/evidence/bundle_training.json	631
.pingstore/runs/exp076-r001-compute/export/evidence/bundle_training.stderr	0
.pingstore/runs/exp076-r001-compute/export/evidence/bundle_training.stdout	2557
.pingstore/runs/exp076-r001-compute/export/evidence/bundle_training/output.log	2557
.pingstore/runs/exp076-r001-compute/export/evidence/bundle_training/run.jsonl	1964
.pingstore/runs/exp076-r001-compute/export/evidence/legacy_load_bundle_checkpoint.json	1026
.pingstore/runs/exp076-r001-compute/export/evidence/legacy_load_bundle_checkpoint.stderr	0
.pingstore/runs/exp076-r001-compute/export/evidence/legacy_load_bundle_checkpoint.stdout	976
.pingstore/runs/exp076-r001-compute/export/evidence/legacy_load_bundle_checkpoint/output.log	976
.pingstore/runs/exp076-r001-compute/export/evidence/legacy_load_bundle_checkpoint/run.jsonl	455
.pingstore/runs/exp076-r001-compute/export/evidence/legacy_training.json	992
.pingstore/runs/exp076-r001-compute/export/evidence/legacy_training.stderr	0
.pingstore/runs/exp076-r001-compute/export/evidence/legacy_training.stdout	2472
.pingstore/runs/exp076-r001-compute/export/evidence/legacy_training/output.log	2472
.pingstore/runs/exp076-r001-compute/export/evidence/legacy_training/run.jsonl	1718
.pingstore/runs/exp076-r001-compute/export/evidence/one-step-parity.json	510
.pingstore/runs/exp076-r001-compute/export/evidence/one-step-parity.stderr	0
.pingstore/runs/exp076-r001-compute/export/evidence/one-step-parity.stdout	98
.pingstore/runs/exp076-r001-compute/export/evidence/one-step-parity.xml	398
.pingstore/runs/exp077-r001-compute/export/evidence/delay-gates.json	621
.pingstore/runs/exp077-r001-compute/export/evidence/delay-gates.stderr	0
.pingstore/runs/exp077-r001-compute/export/evidence/delay-gates.stdout	98
.pingstore/runs/exp077-r001-compute/export/evidence/delay-gates.xml	546
.pingstore/runs/exp080-r001-compute/export/evidence/archive/derived/artifacts/data/exp080/decision.json	1989
.pingstore/runs/exp080-r001-compute/export/evidence/archive/derived/artifacts/data/exp080/numbers.json	23768
.pingstore/runs/exp080-r001-compute/export/evidence/archive/derived/artifacts/data/exp080/reproducer.json	55
.pingstore/runs/exp080-r001-compute/export/evidence/archive/inventory.json.gz	383696
.pingstore/runs/exp080-r001-compute/export/evidence/archive/lineage.json	1876
.pingstore/runs/exp080-r001-compute/export/evidence/archive/provenance/source-records/base/collection-plan.json	20225
.pingstore/runs/exp080-r001-compute/export/evidence/archive/provenance/source-records/base/collection-status/exp080.json	138
.pingstore/runs/exp080-r001-compute/export/evidence/archive/provenance/source-records/base/logs/collection/ggs-exp080_33913460.err	573
.pingstore/runs/exp080-r001-compute/export/evidence/archive/provenance/source-records/base/logs/collection/ggs-exp080_33913460.out	6034
.pingstore/runs/exp080-r001-compute/export/evidence/archive/provenance/source-records/base/run.json	1373
.pingstore/runs/exp080-r001-compute/export/evidence/archive/run.json	1103
.pingstore/runs/exp080-r001-compute/export/evidence/file-mapping.json	8223
.pingstore/runs/exp080-r001-compute/export/evidence/historical.py	10945
.pingstore/runs/exp080-r001-compute/export/evidence/import-plan.json	10507
.pingstore/runs/exp080-r001-compute/export/evidence/import_gold2.py	7168
.pingstore/runs/exp080-r001-compute/export/evidence/r2-verification.json	832
.pingstore/runs/exp081-r001-compute/export/evidence/environment.json	86
.pingstore/runs/exp082-r001-compute/export/evidence/approved-import-plan.md	6395
.pingstore/runs/exp082-r001-compute/export/evidence/archive/derived/artifacts/data/exp082/_manifest.json	338
.pingstore/runs/exp082-r001-compute/export/evidence/archive/derived/artifacts/data/exp082/_run.txt	2
.pingstore/runs/exp082-r001-compute/export/evidence/archive/inventory.json	2101788
.pingstore/runs/exp082-r001-compute/export/evidence/archive/lineage.json	1876
.pingstore/runs/exp082-r001-compute/export/evidence/archive/provenance/source-records/base/collection-plan.json	20225
.pingstore/runs/exp082-r001-compute/export/evidence/archive/provenance/source-records/base/collection-status/exp082.json	342
.pingstore/runs/exp082-r001-compute/export/evidence/archive/provenance/source-records/base/logs/collection/exp082-shards/33913527_0.err	5508
.pingstore/runs/exp082-r001-compute/export/evidence/archive/provenance/source-records/base/logs/collection/exp082-shards/33913527_0.out	1860
.pingstore/runs/exp082-r001-compute/export/evidence/archive/provenance/source-records/base/logs/collection/exp082-shards/33913527_1.err	5508
.pingstore/runs/exp082-r001-compute/export/evidence/archive/provenance/source-records/base/logs/collection/exp082-shards/33913527_1.out	1860
.pingstore/runs/exp082-r001-compute/export/evidence/archive/provenance/source-records/base/logs/collection/exp082-shards/33913527_2.err	5171
.pingstore/runs/exp082-r001-compute/export/evidence/archive/provenance/source-records/base/logs/collection/exp082-shards/33913527_2.out	1860
.pingstore/runs/exp082-r001-compute/export/evidence/archive/provenance/source-records/base/logs/collection/exp082-shards/33913527_3.err	5510
.pingstore/runs/exp082-r001-compute/export/evidence/archive/provenance/source-records/base/logs/collection/exp082-shards/33913527_3.out	1861
.pingstore/runs/exp082-r001-compute/export/evidence/archive/provenance/source-records/base/logs/collection/exp082-shards/33913527_4.err	5510
.pingstore/runs/exp082-r001-compute/export/evidence/archive/provenance/source-records/base/logs/collection/exp082-shards/33913527_4.out	1861
.pingstore/runs/exp082-r001-compute/export/evidence/archive/provenance/source-records/base/logs/collection/exp082-shards/33913527_5.err	5173
.pingstore/runs/exp082-r001-compute/export/evidence/archive/provenance/source-records/base/logs/collection/exp082-shards/33913527_5.out	1861
.pingstore/runs/exp082-r001-compute/export/evidence/archive/provenance/source-records/base/run.json	1373
.pingstore/runs/exp082-r001-compute/export/evidence/archive/provenance/source-records/exp082-repair/logs/exp082/exp082.jsonl	154
.pingstore/runs/exp082-r001-compute/export/evidence/archive/provenance/source-records/exp082-repair/logs/slurm/34021105_0.err	913
.pingstore/runs/exp082-r001-compute/export/evidence/archive/provenance/source-records/exp082-repair/logs/slurm/34021105_0.out	367075
.pingstore/runs/exp082-r001-compute/export/evidence/archive/provenance/source-records/exp082-repair/logs/slurm/34021105_1.err	913
.pingstore/runs/exp082-r001-compute/export/evidence/archive/provenance/source-records/exp082-repair/logs/slurm/34021105_1.out	367075
.pingstore/runs/exp082-r001-compute/export/evidence/archive/provenance/source-records/exp082-repair/logs/slurm/34021105_2.err	913
.pingstore/runs/exp082-r001-compute/export/evidence/archive/provenance/source-records/exp082-repair/logs/slurm/34021105_2.out	367071
.pingstore/runs/exp082-r001-compute/export/evidence/archive/provenance/source-records/exp082-repair/logs/slurm/34021105_3.err	913
.pingstore/runs/exp082-r001-compute/export/evidence/archive/provenance/source-records/exp082-repair/logs/slurm/34021105_3.out	367094
.pingstore/runs/exp082-r001-compute/export/evidence/archive/provenance/source-records/exp082-repair/logs/slurm/34021105_4.err	913
.pingstore/runs/exp082-r001-compute/export/evidence/archive/provenance/source-records/exp082-repair/logs/slurm/34021105_4.out	367093
.pingstore/runs/exp082-r001-compute/export/evidence/archive/provenance/source-records/exp082-repair/logs/slurm/34021105_5.err	913
.pingstore/runs/exp082-r001-compute/export/evidence/archive/provenance/source-records/exp082-repair/logs/slurm/34021105_5.out	367095
.pingstore/runs/exp082-r001-compute/export/evidence/archive/provenance/source-records/exp082-repair/logs/slurm/ggs-exp082-repair-aggregate_34021106.err	573
.pingstore/runs/exp082-r001-compute/export/evidence/archive/provenance/source-records/exp082-repair/logs/slurm/ggs-exp082-repair-aggregate_34021106.out	4544
.pingstore/runs/exp082-r001-compute/export/evidence/archive/provenance/source-records/exp082-repair/repair-run.json	738
.pingstore/runs/exp082-r001-compute/export/evidence/archive/run.json	1103
.pingstore/runs/exp082-r001-compute/export/evidence/archive/state/checkpoints/base-production-exp022/campaign.json	546829
.pingstore/runs/exp082-r001-compute/export/evidence/archive/state/checkpoints/base-production-exp022/cells/ping__variable_rate__seed42/attempt.json	2561
.pingstore/runs/exp082-r001-compute/export/evidence/archive/state/checkpoints/base-production-exp022/cells/ping__variable_rate__seed42/config.json	14983
.pingstore/runs/exp082-r001-compute/export/evidence/archive/state/checkpoints/base-production-exp022/cells/ping__variable_rate__seed42/metrics.json	270895
.pingstore/runs/exp082-r001-compute/export/evidence/archive/state/checkpoints/base-production-exp022/cells/ping__variable_rate__seed43/attempt.json	2562
.pingstore/runs/exp082-r001-compute/export/evidence/archive/state/checkpoints/base-production-exp022/cells/ping__variable_rate__seed43/config.json	14993
.pingstore/runs/exp082-r001-compute/export/evidence/archive/state/checkpoints/base-production-exp022/cells/ping__variable_rate__seed43/metrics.json	270990
.pingstore/runs/exp082-r001-compute/export/evidence/archive/state/checkpoints/base-production-exp022/cells/ping__variable_rate__seed44/attempt.json	2562
.pingstore/runs/exp082-r001-compute/export/evidence/archive/state/checkpoints/base-production-exp022/cells/ping__variable_rate__seed44/config.json	14991
.pingstore/runs/exp082-r001-compute/export/evidence/archive/state/checkpoints/base-production-exp022/cells/ping__variable_rate__seed44/metrics.json	270954
.pingstore/runs/exp082-r001-compute/export/evidence/archive/state/experiments/exp082/shards/0.json	1329
.pingstore/runs/exp082-r001-compute/export/evidence/archive/state/experiments/exp082/shards/1.json	1329
.pingstore/runs/exp082-r001-compute/export/evidence/archive/state/experiments/exp082/shards/2.json	1329
.pingstore/runs/exp082-r001-compute/export/evidence/archive/state/experiments/exp082/shards/3.json	1329
.pingstore/runs/exp082-r001-compute/export/evidence/archive/state/experiments/exp082/shards/4.json	1329
.pingstore/runs/exp082-r001-compute/export/evidence/archive/state/experiments/exp082/shards/5.json	1329
.pingstore/runs/exp082-r001-compute/export/evidence/archive/state/experiments/exp082/stream/ping__variable_rate__seed42__best_validation__6af7b0c4e3e0/matched/config.json	2414
.pingstore/runs/exp082-r001-compute/export/evidence/archive/state/experiments/exp082/stream/ping__variable_rate__seed42__best_validation__6af7b0c4e3e0/matched/metrics.json	507
.pingstore/runs/exp082-r001-compute/export/evidence/archive/state/experiments/exp082/stream/ping__variable_rate__seed42__best_validation__6af7b0c4e3e0/matched/output.log	1422
.pingstore/runs/exp082-r001-compute/export/evidence/archive/state/experiments/exp082/stream/ping__variable_rate__seed42__best_validation__6af7b0c4e3e0/matched/run.jsonl	617
.pingstore/runs/exp082-r001-compute/export/evidence/archive/state/experiments/exp082/stream/ping__variable_rate__seed42__best_validation__6af7b0c4e3e0/variable/config.json	2416
.pingstore/runs/exp082-r001-compute/export/evidence/archive/state/experiments/exp082/stream/ping__variable_rate__seed42__best_validation__6af7b0c4e3e0/variable/metrics.json	527
.pingstore/runs/exp082-r001-compute/export/evidence/archive/state/experiments/exp082/stream/ping__variable_rate__seed42__best_validation__6af7b0c4e3e0/variable/output.log	1422
.pingstore/runs/exp082-r001-compute/export/evidence/archive/state/experiments/exp082/stream/ping__variable_rate__seed42__best_validation__6af7b0c4e3e0/variable/run.jsonl	617
.pingstore/runs/exp085-r001-compute/export/evidence/simulations/pathway-both.json	9134
.pingstore/runs/exp085-r001-compute/export/evidence/simulations/pathway-e_to_e.json	9002
.pingstore/runs/exp085-r001-compute/export/evidence/simulations/pathway-e_to_i.json	9002
.pingstore/runs/exp085-r001-compute/export/evidence/simulations/pathway-none.json	8862
.pingstore/runs/exp085-r001-compute/export/evidence/simulations/prc-E-00.json	6056
.pingstore/runs/exp085-r001-compute/export/evidence/simulations/prc-E-01.json	6057
.pingstore/runs/exp085-r001-compute/export/evidence/simulations/prc-E-02.json	6058
.pingstore/runs/exp085-r001-compute/export/evidence/simulations/prc-E-03.json	6058
.pingstore/runs/exp085-r001-compute/export/evidence/simulations/prc-E-04.json	6057
.pingstore/runs/exp085-r001-compute/export/evidence/simulations/prc-E-05.json	6057
.pingstore/runs/exp085-r001-compute/export/evidence/simulations/prc-E-06.json	6058
.pingstore/runs/exp085-r001-compute/export/evidence/simulations/prc-E-07.json	6058
.pingstore/runs/exp085-r001-compute/export/evidence/simulations/prc-E-08.json	6056
.pingstore/runs/exp085-r001-compute/export/evidence/simulations/prc-E-09.json	6057
.pingstore/runs/exp085-r001-compute/export/evidence/simulations/prc-E-10.json	6057
.pingstore/runs/exp085-r001-compute/export/evidence/simulations/prc-E-11.json	6058
.pingstore/runs/exp085-r001-compute/export/evidence/simulations/prc-E-12.json	6058
.pingstore/runs/exp085-r001-compute/export/evidence/simulations/prc-E-13.json	6057
.pingstore/runs/exp085-r001-compute/export/evidence/simulations/prc-E-14.json	6058
.pingstore/runs/exp085-r001-compute/export/evidence/simulations/prc-E-15.json	6057
.pingstore/runs/exp085-r001-compute/export/evidence/simulations/prc-E-16.json	6057
.pingstore/runs/exp085-r001-compute/export/evidence/simulations/prc-E-17.json	6058
.pingstore/runs/exp085-r001-compute/export/evidence/simulations/prc-E-18.json	6057
.pingstore/runs/exp085-r001-compute/export/evidence/simulations/prc-E-19.json	6058
.pingstore/runs/exp085-r001-compute/export/evidence/simulations/prc-E-20.json	6058
.pingstore/runs/exp085-r001-compute/export/evidence/simulations/prc-I-00.json	6058
.pingstore/runs/exp085-r001-compute/export/evidence/simulations/prc-I-01.json	6057
.pingstore/runs/exp085-r001-compute/export/evidence/simulations/prc-I-02.json	6058
.pingstore/runs/exp085-r001-compute/export/evidence/simulations/prc-I-03.json	6057
.pingstore/runs/exp085-r001-compute/export/evidence/simulations/prc-I-04.json	6058
.pingstore/runs/exp085-r001-compute/export/evidence/simulations/prc-I-05.json	6058
.pingstore/runs/exp085-r001-compute/export/evidence/simulations/prc-I-06.json	6058
.pingstore/runs/exp085-r001-compute/export/evidence/simulations/prc-I-07.json	6056
.pingstore/runs/exp085-r001-compute/export/evidence/simulations/prc-I-08.json	6057
.pingstore/runs/exp085-r001-compute/export/evidence/simulations/prc-I-09.json	6057
.pingstore/runs/exp085-r001-compute/export/evidence/simulations/prc-I-10.json	6057
.pingstore/runs/exp085-r001-compute/export/evidence/simulations/prc-I-11.json	6057
.pingstore/runs/exp085-r001-compute/export/evidence/simulations/prc-I-12.json	6058
.pingstore/runs/exp085-r001-compute/export/evidence/simulations/prc-I-13.json	6058
.pingstore/runs/exp085-r001-compute/export/evidence/simulations/prc-I-14.json	6058
.pingstore/runs/exp085-r001-compute/export/evidence/simulations/prc-I-15.json	6056
.pingstore/runs/exp085-r001-compute/export/evidence/simulations/prc-I-16.json	6058
.pingstore/runs/exp085-r001-compute/export/evidence/simulations/prc-I-17.json	6058
.pingstore/runs/exp085-r001-compute/export/evidence/simulations/prc-I-18.json	6057
.pingstore/runs/exp085-r001-compute/export/evidence/simulations/prc-I-19.json	6057
.pingstore/runs/exp085-r001-compute/export/evidence/simulations/prc-I-20.json	6057
.pingstore/runs/exp085-r001-compute/export/evidence/simulations/prc-baseline.json	6061
.pingstore/runs/exp085-r001-compute/export/evidence/simulations/prefix.json	8847
.pingstore/runs/exp085-r001-compute/export/evidence/simulations/uncoupled.json	8855
.pingstore/runs/exp099-r001-compute/export/evidence/simulation-command.json	403
