{
  "notebook_run_id": "r008",
  "duration_s": 344.7,
  "duration": "5m 45s",
  "tier": "medium",
  "config": {
    "tier": "medium",
    "models": [
      "coba",
      "ping"
    ],
    "alif_beta": 1.7,
    "tau_adapt_ms": 700.0,
    "t_total_ms": 400.0,
    "dmts_t_s_ms": 50.0,
    "dmts_t_d_ms": 50.0,
    "dmts_t_p_ms": 50.0,
    "dmts_lr": 0.001,
    "sample_idx": 0,
    "seed": 42
  },
  "results": [
    {
      "model": "coba",
      "alif_beta": 0.0,
      "e_rate_hz": 18.0908203125,
      "i_rate_hz": 0.0
    },
    {
      "model": "coba",
      "alif_beta": 1.7,
      "e_rate_hz": 6.865234375,
      "i_rate_hz": 0.0
    },
    {
      "model": "ping",
      "alif_beta": 0.0,
      "e_rate_hz": 3.9892578125,
      "i_rate_hz": 19.814453125
    },
    {
      "model": "ping",
      "alif_beta": 1.7,
      "e_rate_hz": 5.70556640625,
      "i_rate_hz": 17.51953125
    }
  ],
  "dmts_history": {
    "epochs": [
      1,
      2,
      3,
      4,
      5,
      6,
      7,
      8,
      9,
      10,
      11,
      12,
      13,
      14,
      15,
      16,
      17,
      18,
      19,
      20
    ],
    "train_loss": [
      0.6931424055780683,
      0.6931432911327907,
      0.6931098273822239,
      0.693145786012922,
      0.6931601422173637,
      0.6931438275745937,
      0.6931318044662476,
      0.6931158133915493,
      0.6931330221039909,
      0.6931234427860805,
      0.6932127135140556,
      0.6931998133659363,
      0.6931298800877163,
      0.6931381140436444,
      0.6931290626525879,
      0.6931667498179844,
      0.6931544542312622,
      0.6931341801370893,
      0.6931870664869036,
      0.6932198234966823
    ],
    "train_acc": [
      49.330357142857146,
      50.613839285714285,
      52.901785714285715,
      51.450892857142854,
      49.27455357142857,
      50.83705357142857,
      51.339285714285715,
      51.674107142857146,
      49.66517857142857,
      52.845982142857146,
      49.386160714285715,
      49.051339285714285,
      48.046875,
      49.832589285714285,
      52.064732142857146,
      50.613839285714285,
      50.223214285714285,
      51.22767857142857,
      51.060267857142854,
      49.330357142857146
    ],
    "test_acc": [
      52.34375,
      54.6875,
      51.5625,
      48.4375,
      53.125,
      51.5625,
      51.171875,
      51.953125,
      50.390625,
      54.6875,
      51.953125,
      53.515625,
      48.046875,
      49.21875,
      54.296875,
      53.515625,
      55.859375,
      46.875,
      48.828125,
      48.828125
    ]
  },
  "success_criteria": [
    {
      "label": "ALIF raster rendered",
      "passed": true,
      "detail": "coba E \u03b20=18.1 Hz; coba E \u03b21.7=6.9 Hz; ping E \u03b20=4.0 Hz; ping E \u03b21.7=5.7 Hz"
    },
    {
      "label": "DMTS test acc > chance (>55%)",
      "passed": true,
      "detail": "best test acc = 55.9%; final = 48.8%"
    }
  ]
}
