{
  "mode": "train",
  "schema_version": 1,
  "model": "ping",
  "run_finished_at": "2026-07-19T08:27:34+00:00",
  "config": {
    "dt": 1.0,
    "t_ms": 1000.0,
    "epochs": 5,
    "lr": 0.001,
    "weight_decay": 0.0,
    "input_rate": 25.0,
    "w_in": [
      0.9,
      0.09000000000000001
    ],
    "w_in_sparsity": 0.95,
    "ei_strength": 1.0,
    "ei_ratio": 2.0,
    "tau_gaba_ms": 9.0,
    "fr_reg_upper_theta": 0.0,
    "fr_reg_upper_strength": 0.0,
    "readout_w_out_scale": 225.0,
    "readout_mode": "mem-mean",
    "dales_law": true,
    "trainable_w_ee": false,
    "trainable_w_ei": false,
    "trainable_w_ie": false,
    "trainable_w_ii": false,
    "state_clamp": false,
    "seed": 42,
    "n_hidden": 256,
    "n_inh": 64,
    "n_in": 700,
    "max_samples": null,
    "dataset": "shd",
    "v_grad_dampen": 1000.0,
    "batch_size": 32,
    "grad_clip": 1.0,
    "n_params": 286720,
    "n_trainable": 184320
  },
  "init": {
    "rate_e": 2.3046875,
    "rate_i": 12.0,
    "cv": 3.554435968399048,
    "act": 0.703125,
    "contrast": 1.0,
    "f0_hz": null,
    "lobe_lag_ms": 1.0,
    "trough_lag_ms": 19.0,
    "iei_mode_lag_ms": 0.5,
    "lobe_to_trough": 206.79326410869936
  },
  "epochs": [
    {
      "ep": 1,
      "acc": 23.03921568627451,
      "loss": 2.6630725601445073,
      "test_loss": 2.541815684391902,
      "test_rate_e": 7.884033203125,
      "test_rate_i": 35.98397288602941,
      "test_margin": -0.2675333490558699,
      "test_confidence": 0.08818595549639534,
      "test_logit_scale": 8.437270781573128,
      "lr": 0.001,
      "elapsed_s": 102.04742736462504,
      "train_compute_s": 96.56729981768876,
      "eval_s": 5.479458473622799,
      "observe_s": 0.1953908633440733,
      "samples": 7340,
      "grad_norm": 0.3521442098462063,
      "grad_norm_max": 0.5604132413864136,
      "grad_ratios": {
        "W_ff.0": 0.07063119279581595,
        "W_ff.1": 7.846908875181559e-05
      },
      "grad_norms": {
        "W_ff.0": 0.3507358375450839,
        "W_ff.1": 0.03081046638443418
      },
      "weight_norms": {
        "W_ff.0": 7.733322620391846,
        "W_ff.1": 392.4564514160156
      },
      "skipped_steps": 0,
      "nan_forward_batches": 0,
      "new_best": true,
      "gnorm__W_ff.0": 0.3507358375450839,
      "gnorm__W_ff.1": 0.03081046638443418,
      "rate_e": 7.73828125,
      "rate_i": 37.71875,
      "cv": 2.320969581604004,
      "act": 0.73828125,
      "contrast": 0.8729253300123677,
      "f0_hz": null,
      "lobe_lag_ms": 1.0,
      "trough_lag_ms": 7.0,
      "iei_mode_lag_ms": 0.5,
      "lobe_to_trough": 14.738777839790199
    },
    {
      "ep": 2,
      "acc": 26.470588235294116,
      "loss": 2.4862405673317287,
      "test_loss": 2.4497325695478,
      "test_rate_e": 8.767750459558824,
      "test_rate_i": 39.79610906862745,
      "test_margin": -0.23221616709933562,
      "test_confidence": 0.09831896175940831,
      "test_logit_scale": 9.43025452482934,
      "lr": 0.001,
      "elapsed_s": 92.62941596936435,
      "train_compute_s": 88.13024586811662,
      "eval_s": 4.4983609188348055,
      "observe_s": 0.17847634572535753,
      "samples": 7340,
      "grad_norm": 0.27248683416325115,
      "grad_norm_max": 0.5166760683059692,
      "grad_ratios": {
        "W_ff.0": 0.029581618502215818,
        "W_ff.1": 8.37678428266829e-05
      },
      "grad_norms": {
        "W_ff.0": 0.2704577030695003,
        "W_ff.1": 0.03286394247704226
      },
      "weight_norms": {
        "W_ff.0": 10.666329383850098,
        "W_ff.1": 392.2110900878906
      },
      "skipped_steps": 0,
      "nan_forward_batches": 0,
      "new_best": true,
      "gnorm__W_ff.0": 0.2704577030695003,
      "gnorm__W_ff.1": 0.03286394247704226,
      "rate_e": 9.50390625,
      "rate_i": 42.0,
      "cv": 2.2444217205047607,
      "act": 0.8515625,
      "contrast": 0.8144060972902278,
      "f0_hz": null,
      "lobe_lag_ms": 1.0,
      "trough_lag_ms": 6.0,
      "iei_mode_lag_ms": 0.5,
      "lobe_to_trough": 9.776216086837493
    },
    {
      "ep": 3,
      "acc": 33.8235294117647,
      "loss": 2.4119427359622456,
      "test_loss": 2.3980565071105957,
      "test_rate_e": 9.427801393995098,
      "test_rate_i": 42.29553462009804,
      "test_margin": -0.14941248122383566,
      "test_confidence": 0.10350191622388129,
      "test_logit_scale": 10.184264388738894,
      "lr": 0.001,
      "elapsed_s": 93.26626309007406,
      "train_compute_s": 88.72976331599057,
      "eval_s": 4.535744090564549,
      "observe_s": 0.17784345149993896,
      "samples": 7340,
      "grad_norm": 0.2423217548624329,
      "grad_norm_max": 0.343805193901062,
      "grad_ratios": {
        "W_ff.0": 0.02042666762333585,
        "W_ff.1": 8.853308071724109e-05
      },
      "grad_norms": {
        "W_ff.0": 0.23979285339946332,
        "W_ff.1": 0.03471700469760791
      },
      "weight_norms": {
        "W_ff.0": 12.761650085449219,
        "W_ff.1": 392.0712585449219
      },
      "skipped_steps": 0,
      "nan_forward_batches": 0,
      "new_best": true,
      "gnorm__W_ff.0": 0.23979285339946332,
      "gnorm__W_ff.1": 0.03471700469760791,
      "rate_e": 10.0078125,
      "rate_i": 44.984375,
      "cv": 2.113724708557129,
      "act": 0.91796875,
      "contrast": 0.6672983134793776,
      "f0_hz": null,
      "lobe_lag_ms": 1.0,
      "trough_lag_ms": 5.0,
      "iei_mode_lag_ms": 0.5,
      "lobe_to_trough": 5.011391228327995
    },
    {
      "ep": 4,
      "acc": 29.41176470588235,
      "loss": 2.3629957250926807,
      "test_loss": 2.3735687274199266,
      "test_rate_e": 9.985365923713236,
      "test_rate_i": 44.28680300245098,
      "test_margin": -0.22925331896426632,
      "test_confidence": 0.1084159951584012,
      "test_logit_scale": 10.829450195910884,
      "lr": 0.001,
      "elapsed_s": 93.2362760361284,
      "train_compute_s": 88.71293104626238,
      "eval_s": 4.523315674625337,
      "observe_s": 0.1812570784240961,
      "samples": 7340,
      "grad_norm": 0.22658854113972704,
      "grad_norm_max": 0.4267781972885132,
      "grad_ratios": {
        "W_ff.0": 0.01640453434560907,
        "W_ff.1": 9.151698478715393e-05
      },
      "grad_norms": {
        "W_ff.0": 0.22369779983292457,
        "W_ff.1": 0.035878286324441434
      },
      "weight_norms": {
        "W_ff.0": 14.531850814819336,
        "W_ff.1": 392.0139465332031
      },
      "skipped_steps": 0,
      "nan_forward_batches": 0,
      "new_best": false,
      "gnorm__W_ff.0": 0.22369779983292457,
      "gnorm__W_ff.1": 0.035878286324441434,
      "rate_e": 9.6875,
      "rate_i": 47.0,
      "cv": 2.1311769485473633,
      "act": 0.9140625,
      "contrast": 0.6550382199677988,
      "f0_hz": null,
      "lobe_lag_ms": 1.0,
      "trough_lag_ms": 5.0,
      "iei_mode_lag_ms": 0.5,
      "lobe_to_trough": 4.797743737910051
    },
    {
      "ep": 5,
      "acc": 34.19117647058823,
      "loss": 2.325063819470613,
      "test_loss": 2.3299535054426928,
      "test_rate_e": 10.16176949295343,
      "test_rate_i": 45.26192938112745,
      "test_margin": -0.18423780740476123,
      "test_confidence": 0.11330324878879622,
      "test_logit_scale": 10.969367644366097,
      "lr": 0.001,
      "elapsed_s": 93.32532959058881,
      "train_compute_s": 88.80134026519954,
      "eval_s": 4.522344819270074,
      "observe_s": 0.1880648611113429,
      "samples": 7340,
      "grad_norm": 0.21304357816343722,
      "grad_norm_max": 0.48085111379623413,
      "grad_ratios": {
        "W_ff.0": 0.013755780188028737,
        "W_ff.1": 9.222605591099397e-05
      },
      "grad_norms": {
        "W_ff.0": 0.20990828023008679,
        "W_ff.1": 0.036153831276232784
      },
      "weight_norms": {
        "W_ff.0": 15.919241905212402,
        "W_ff.1": 392.0215148925781
      },
      "skipped_steps": 0,
      "nan_forward_batches": 0,
      "new_best": true,
      "gnorm__W_ff.0": 0.20990828023008679,