{
  "mode": "train",
  "schema_version": 1,
  "model": "ping",
  "run_finished_at": "2026-07-19T08:04:34+00:00",
  "config": {
    "dt": 1.0,
    "t_ms": 1000.0,
    "epochs": 5,
    "lr": 0.0004,
    "weight_decay": 0.0,
    "input_rate": 25.0,
    "w_in": [
      1.2,
      0.12
    ],
    "w_in_sparsity": 0.95,
    "ei_strength": 0.0,
    "ei_ratio": 2.0,
    "tau_gaba_ms": 9.0,
    "fr_reg_upper_theta": 0.0,
    "fr_reg_upper_strength": 0.0,
    "readout_w_out_scale": 225.0,
    "readout_mode": "mem-mean",
    "dales_law": true,
    "trainable_w_ee": false,
    "trainable_w_ei": false,
    "trainable_w_ie": false,
    "trainable_w_ii": false,
    "state_clamp": false,
    "seed": 42,
    "n_hidden": 256,
    "n_inh": 64,
    "n_in": 700,
    "max_samples": null,
    "dataset": "shd",
    "v_grad_dampen": 1.0,
    "batch_size": 32,
    "grad_clip": 1.0,
    "n_params": 286720,
    "n_trainable": 184320
  },
  "init": {
    "rate_e": 23.20703125,
    "rate_i": 0.0,
    "cv": 1.1641985177993774,
    "act": 1.0,
    "contrast": 0.0327816404647582,
    "f0_hz": null,
    "lobe_lag_ms": 1.0,
    "trough_lag_ms": 9.0,
    "iei_mode_lag_ms": 0.5,
    "lobe_to_trough": 1.0677853974577367
  },
  "epochs": [
    {
      "ep": 1,
      "acc": 17.279411764705884,
      "loss": 2.849893556470456,
      "test_loss": 2.615733137497535,
      "test_rate_e": 24.14701095281863,
      "test_rate_i": 0.0,
      "test_margin": -0.3340262735591215,
      "test_confidence": 0.08202892191269819,
      "test_logit_scale": 27.351354187610102,
      "lr": 0.0004,
      "elapsed_s": 142.89292455278337,
      "train_compute_s": 134.88009618967772,
      "eval_s": 8.011960996314883,
      "observe_s": 0.25401051342487335,
      "samples": 7340,
      "grad_norm": 158.88304386968198,
      "grad_norm_max": 259.8816833496094,
      "grad_ratios": {
        "W_ff.0": 45.225227756839466,
        "W_ff.1": 0.00020555847736283958
      },
      "grad_norms": {
        "W_ff.0": 158.88302141272504,
        "W_ff.1": 0.08078050051370393
      },
      "weight_norms": {
        "W_ff.0": 3.8416197299957275,
        "W_ff.1": 392.9970703125
      },
      "skipped_steps": 0,
      "nan_forward_batches": 0,
      "new_best": true,
      "gnorm__W_ff.0": 158.88302141272504,
      "gnorm__W_ff.1": 0.08078050051370393,
      "rate_e": 27.2890625,
      "rate_i": 0.0,
      "cv": 1.0184613466262817,
      "act": 0.9921875,
      "contrast": 0.025439359050399356,
      "f0_hz": null,
      "lobe_lag_ms": 1.0,
      "trough_lag_ms": 4.0,
      "iei_mode_lag_ms": 0.5,
      "lobe_to_trough": 1.0522068262999242
    },
    {
      "ep": 2,
      "acc": 21.691176470588236,
      "loss": 2.569153460212376,
      "test_loss": 2.5477089698498068,
      "test_rate_e": 24.10510493259804,
      "test_rate_i": 0.0,
      "test_margin": -0.3576405656103994,
      "test_confidence": 0.09073062752391778,
      "test_logit_scale": 27.27651222079408,
      "lr": 0.0004,
      "elapsed_s": 131.13067046552896,
      "train_compute_s": 124.71448306366801,
      "eval_s": 6.415317399427295,
      "observe_s": 0.25352052226662636,
      "samples": 7340,
      "grad_norm": 167.09615704080332,
      "grad_norm_max": 321.9010009765625,
      "grad_ratios": {
        "W_ff.0": 39.58697704151187,
        "W_ff.1": 0.00018579242224313892
      },
      "grad_norms": {
        "W_ff.0": 167.09614048833433,
        "W_ff.1": 0.07301994073002235
      },
      "weight_norms": {
        "W_ff.0": 4.570423126220703,
        "W_ff.1": 393.0395202636719
      },
      "skipped_steps": 0,
      "nan_forward_batches": 0,
      "new_best": true,
      "gnorm__W_ff.0": 167.09614048833433,
      "gnorm__W_ff.1": 0.07301994073002235,
      "rate_e": 27.32421875,
      "rate_i": 0.0,
      "cv": 0.961484432220459,
      "act": 0.99609375,
      "contrast": 0.013692791525058397,
      "f0_hz": null,
      "lobe_lag_ms": 1.0,
      "trough_lag_ms": 5.0,
      "iei_mode_lag_ms": 0.5,
      "lobe_to_trough": 1.0277657740051005
    },
    {
      "ep": 3,
      "acc": 30.637254901960784,
      "loss": 2.5086074186408003,
      "test_loss": 2.5054759979248047,
      "test_rate_e": 24.67330154718137,
      "test_rate_i": 0.0,
      "test_margin": -0.17591173625459858,
      "test_confidence": 0.09197819890344844,
      "test_logit_scale": 27.911790585985372,
      "lr": 0.0004,
      "elapsed_s": 132.52581294625998,
      "train_compute_s": 126.01155483350158,
      "eval_s": 6.512505194172263,
      "observe_s": 0.256004698574543,
      "samples": 7340,
      "grad_norm": 170.3614532802416,
      "grad_norm_max": 243.51339721679688,
      "grad_ratios": {
        "W_ff.0": 34.99198287797768,
        "W_ff.1": 0.0001893953947582549
      },
      "grad_norms": {
        "W_ff.0": 170.3614368604577,
        "W_ff.1": 0.07444389945139056
      },
      "weight_norms": {
        "W_ff.0": 5.164170742034912,
        "W_ff.1": 393.0805969238281
      },
      "skipped_steps": 0,
      "nan_forward_batches": 0,
      "new_best": true,
      "gnorm__W_ff.0": 170.3614368604577,
      "gnorm__W_ff.1": 0.07444389945139056,
      "rate_e": 28.15234375,
      "rate_i": 0.0,
      "cv": 0.9516000747680664,
      "act": 0.99609375,
      "contrast": 0.025651656235502026,
      "f0_hz": null,
      "lobe_lag_ms": 1.0,
      "trough_lag_ms": 9.0,
      "iei_mode_lag_ms": 0.5,
      "lobe_to_trough": 1.05265397411442
    },
    {
      "ep": 4,
      "acc": 23.651960784313726,
      "loss": 2.471982216835022,
      "test_loss": 2.489627929834219,
      "test_rate_e": 25.02060834099265,
      "test_rate_i": 0.0,
      "test_margin": -0.2881710213773391,
      "test_confidence": 0.0967646416495828,
      "test_logit_scale": 28.341440986184512,
      "lr": 0.0004,
      "elapsed_s": 132.6744158063084,
      "train_compute_s": 126.208795953542,
      "eval_s": 6.465579899027944,
      "observe_s": 0.2546685691922903,
      "samples": 7340,
      "grad_norm": 169.0305910193402,
      "grad_norm_max": 315.7823181152344,
      "grad_ratios": {
        "W_ff.0": 31.22987576108104,
        "W_ff.1": 0.00019215072640025563
      },
      "grad_norms": {
        "W_ff.0": 169.03057396930197,
        "W_ff.1": 0.07553462664718213
      },
      "weight_norms": {
        "W_ff.0": 5.651544094085693,
        "W_ff.1": 393.1181640625
      },
      "skipped_steps": 0,
      "nan_forward_batches": 0,
      "new_best": false,
      "gnorm__W_ff.0": 169.03057396930197,
      "gnorm__W_ff.1": 0.07553462664718213,
      "rate_e": 28.84765625,
      "rate_i": 0.0,
      "cv": 0.9433228373527527,
      "act": 1.0,
      "contrast": 0.026341442833348928,
      "f0_hz": null,
      "lobe_lag_ms": 1.0,
      "trough_lag_ms": 5.0,
      "iei_mode_lag_ms": 0.5,
      "lobe_to_trough": 1.0541081730129351
    },
    {
      "ep": 5,
      "acc": 27.941176470588236,
      "loss": 2.4493154660515164,
      "test_loss": 2.4889209545575657,
      "test_rate_e": 25.22035845588235,
      "test_rate_i": 0.0,
      "test_margin": -0.3407636436761594,
      "test_confidence": 0.09854368281130697,
      "test_logit_scale": 28.515436583874273,
      "lr": 0.0004,
      "elapsed_s": 133.18357864581048,
      "train_compute_s": 126.72489133104682,
      "eval_s": 6.458638783544302,
      "observe_s": 0.2547052223235369,
      "samples": 7340,
      "grad_norm": 163.13089738928753,
      "grad_norm_max": 344.6351013183594,
      "grad_ratios": {
        "W_ff.0": 27.764568275942917,
        "W_ff.1": 0.00018964525533025854
      },
      "grad_norms": {
        "W_ff.0": 163.13088193147078,
        "W_ff.1": 0.07455658833293811
      },
      "weight_norms": {
        "W_ff.0": 6.07958984375,
        "W_ff.1": 393.1573791503906
      },
      "skipped_steps": 0,
      "nan_forward_batches": 0,
      "new_best": false,
      "gnorm__W_ff.0": 163.13088193147078,
      "gnorm__W_ff.1": 0.07455658833293811,
      "rate_e": 28.92578125,
      "rate_i": 0.0,
      "cv": 0.9335476160049438,